1,15/07/1936,1930s,00:00,Alma,MI,USA,43.37917556,-84.65995468,Disk,"A child hood experiece seems more real like an alien encounter then the ""dream"" I thought it was",N,https://nuforc.org/sighting/?id=49620
2,29/04/1944,1940s,12:00,[UNSPECIFIED],[UNSPECIFIED],Ukraine,49.03701816,31.61615686,Light,Found 2 Foo-fighters on this vintage WW2 16 MM gun camera footage of a BF-110 firing on 3 DB3 Russian bombers on Youtube Amazing!!!!,N,https://nuforc.org/sighting/?id=182788
3,01/04/1945,1940s,10:00,Pacific Ocean,[UNSPECIFIED],[UNSPECIFIED],26.83735649,128.3484116,Disk,"April, 1945 I saw a disc over our ship, all day as we neard Okinawa.",N,https://nuforc.org/sighting/?id=42312
4,21/02/1947,1940s,09:30,Hico,TX,USA,31.98324669,-98.03484949,Disk,My mother saw this in 1947,Y,https://nuforc.org/sighting/?id=198452
5,11/06/1947,1940s,07:30,Lakewood,CO,USA,39.70410505,-105.0815358,Oval,"Shiny silver disc-shaped object on the ground, rounded like a jelly bean, about the size of a large truck. Vanished.",N,https://nuforc.org/sighting/?id=187017
6,03/07/1947,1940s,05:00,Roswell,NM,USA,33.39458473,-104.5217658,Disk,Crashed disk on ground with thin foil debris and metal objects. Small child-like humanoid or human in a strange metallic suit.,Y,https://nuforc.org/sighting/?id=186889
7,08/07/1947,1940s,00:00,[UNSPECIFIED - likely refers to Roswell],[UNSPECIFIED - likely refers to NM],[UNSPECIFIED - likely refers to the USA],33.39458473,-104.5217658,[UNSPECIFIED],Crash site photo album.,N,https://nuforc.org/sighting/?id=103157
8,01/06/1950,1950s,16:00,Philadelphia,MS,USA,32.77165797,-89.11876103,Disk,Childhood sighting of disk witnessed by mother and sons.,N,https://nuforc.org/sighting/?id=62711
9,08/04/1951,1950s,16:00,[UNSPECIFIED],[UNSPECIFIED],Marshall Islands,7.52877505,168.5793421,Disk,Trinity and Beyond documentary 21minutes 5 seconds into documentary to 21 minutes 13 seconds.,N,https://nuforc.org/sighting/?id=181320
10,17/02/1952,1950s,18:00,Nellis AFB (Las Vegas),NV,USA,36.24104583,-115.0546114,Disk,We are dealing with something very real.,N,https://nuforc.org/sighting/?id=39861
11,02/06/1953,1950s,13:45,San Diego,CA,USA,32.715511,-117.1613712,Disk,From the deck of USS Frybarger moored in the inner harbor stern toward the Naval Station,N,https://nuforc.org/sighting/?id=176406
12,17/07/1954,1950s,15:00,Compton,CA,USA,33.89596428,-118.2246953,Disk,"This sighting was filmed with a 8mm by one of the little league coach, with me in the foreground.",N,https://nuforc.org/sighting/?id=180020
13,02/10/1955,1950s,20:00,Baltimore,OH,USA,39.84548068,-82.6014532,Cigar,The craft was above our house emitting a bright light illuminating a large portion of the yard and made a loud wooing sound.,N,https://nuforc.org/sighting/?id=197548
14,05/10/1955,1950s,16:00,Great Falls,MT,USA,47.50553838,-111.3015945,Disk,"UFO sighting, dispatching 4 fighter jets on it. Witness was visited by the Men in Black threatened never to talk about it.",N,https://nuforc.org/sighting/?id=171659
15,07/10/1955,1950s,21:30,Near McCamey,TX,USA,31.13223483,-102.2224971,Light,A bright star like overhead in the dark sky.,N,https://nuforc.org/sighting/?id=176729
16,12/06/1956,1950s,19:00,[UNSPECIFIED],NY,USA,42.90933683,-76.12424488,Star,"Sounds crazy, but this really happends. As I've recently turned 80,Im attempting to share what I consider to be critical info",N,https://nuforc.org/sighting/?id=184827
17,09/09/1956,1950s,19:20,Nashville,KS,USA,37.44163699,-98.42257431,Cigar,My mother said a silver cigar shaped ufo chased us down the road.,N,https://nuforc.org/sighting/?id=174919
18,05/09/1957,1950s,19:15,Nashville,KS,USA,37.44163699,-98.42257431,Cigar,My mother said a UFO chased us down a highway.,Y,https://nuforc.org/sighting/?id=174228
19,10/06/1959,1950s,16:00,Little Swan,MN,USA,47.29848535,-92.82595264,Cigar,No Sound,N,https://nuforc.org/sighting/?id=174044
20,08/03/1960,1960s,03:00,Sumner (Lake Tapps),WA,USA,47.21830933,-122.1638785,Oval,Ball with spikes,N,https://nuforc.org/sighting/?id=173640
21,01/06/1960,1960s,13:00,Caledonia,WI,USA,42.80800782,-87.92464271,Other,Disc shaped with a slight hump at the top.,N,https://nuforc.org/sighting/?id=184076
22,08/06/1960,1960s,13:00,Fon du Lac,WI,USA,43.77320048,-88.44704821,Oval,Oval object seen hovering by highway 20 miles south of Fon du Lac,N,https://nuforc.org/sighting/?id=174777
23,16/06/1960,1960s,12:57,[UNSPECIFIED],[UNSPECIFIED],USA,35.5,-75.5,Circle,"Large disk spinning silently over water (Atlantic Ocean), seen by 4 young people, one Mom and one Police Officer, before increasing spe",N,https://nuforc.org/sighting/?id=182100
24,04/07/1960,1960s,15:00,New York,NY,USA,40.71264029,-74.01728347,Disk,Gray Disk in Red Hook 1960s,N,https://nuforc.org/sighting/?id=182975
25,05/10/1960,1960s,21:00,Near Kingman,AZ,USA,35.19193033,-114.0540184,Disk,"Very large disc about 20 feet across with lights surrounding the bottom, moving very fast.",N,https://nuforc.org/sighting/?id=178523
26,11/06/1961,1960s,20:00,New Orleans,LA,USA,29.95108373,-90.07964434,Disk,Craft was on the ground in a cemetary. It rose straight up very slowly and without sound. Around the outer perimeter and underneath the,N,https://nuforc.org/sighting/?id=187112
27,02/09/1961,1960s,23:00,Timpson,TX,USA,31.90609007,-94.39713262,Light,"Sighting #15451 returned 1/2 mile on county rd. 3408 off Hwy. 84 in Timpson, Tx. Area",N,https://nuforc.org/sighting/?id=180687
28,24/12/1961,1960s,23:00,Knott End-on-Sea,England,United Kingdom,53.92724141,-2.97556986,Triangle,"Very large triangle stationary above the old air base on Xmas Eve seen from my younger brother’s bedroom with my mother and father,",N,https://nuforc.org/sighting/?id=198720
29,15/11/1962,1960s,17:00,Los Angeles,CA,USA,34.0564552,-118.2579761,Egg,"Matte egg-shaped object, 10 ft from me, 40 ft altitude, 20 Feet Length, Self-Illuminating, Very Low-Frequency Rotational Humming Sound",N,https://nuforc.org/sighting/?id=198672
30,01/01/1963,1960s,15:33,Mendota,CA,USA,36.75333402,-120.3813297,Disk,Mom and Father witness saucer,N,https://nuforc.org/sighting/?id=187034
31,12/06/1963,1960s,16:00,Salem,NM,USA,32.7129139,-107.2046201,Oval,Broad daylight. Objects easily seen.,N,https://nuforc.org/sighting/?id=192665
32,18/08/1963,1960s,20:50,Southbridge,MA,USA,42.07515587,-72.03428571,Circle,"UFO on ground in field, 100 yds away—ultra-bright lights, mist. Small beings entered it, then it shot into sky at great speed.",N,https://nuforc.org/sighting/?id=189218
33,30/08/1963,1960s,21:00,McPherson,KS,USA,38.3711893,-97.66582327,Light,Light appeared over our car and followed us as we drove for 10 to 15 miles.,N,https://nuforc.org/sighting/?id=184750
34,12/02/1964,1960s,00:00,Corpus Christi,TX,USA,27.79566087,-97.40622172,Oval,"On or about Feb 12, 1964, 5 disk shaped flying saucers were observed in a V formation. They were hovering at the time.",N,https://nuforc.org/sighting/?id=194052
35,01/03/1964,1960s,19:00,Atlanta,GA,USA,33.74966021,-84.38965459,Disk,"Disk shaped craft with center ""row"" of translucent, ""panels/windows"" that hovered motionless over my house for approximately 5 minutes.",N,https://nuforc.org/sighting/?id=198531
36,06/06/1964,1960s,11:00,Hancock,NY,USA,41.95396962,-75.28040404,Other,Unknown UFO wingless military jet aircraft flying above highway,N,https://nuforc.org/sighting/?id=177586
37,07/06/1964,1960s,18:00,Aurora,CO,USA,39.72943758,-104.8299913,Disk,"We spotted an object about 1/2 mile away in the sky, close to land, moving erratically like nothing we've ever seen before.",N,https://nuforc.org/sighting/?id=181773
38,15/08/1964,1960s,21:00,Binghamton,NY,USA,42.0970984,-75.91217021,Disk,Witness craft flying at treetop level following along roadway behind my house,N,https://nuforc.org/sighting/?id=192572
39,30/08/1964,1960s,20:06,Bronx (Whitestone Bridge (driving toward),NY,USA,40.84483855,-73.86517434,Disk,Saw the object about 5 miles from the bridge and the while on the bridge.,N,https://nuforc.org/sighting/?id=177321
40,03/10/1964,1960s,21:00,Seattle,WA,USA,47.60535638,-122.3350022,Disk,"Sighting craft, abduction",N,https://nuforc.org/sighting/?id=197086
41,10/11/1964,1960s,18:00,Lansdale,PA,USA,40.24144404,-75.28394875,Circle,Watched stationary disc at dusk for 15 minutes until it disappeared & then came FAST with blinding lights at & over me.,N,https://nuforc.org/sighting/?id=196196
42,06/06/1965,1960s,18:30,Oxford,GA,USA,33.61904059,-83.86750479,Circle,"Flew slowly directly over us, 150’ off the ground.",N,https://nuforc.org/sighting/?id=187912
43,01/07/1965,1960s,14:00,Lynnwood,WA,USA,47.8211786,-122.3156198,Disk,Various lifelong encounters with UFO's and entities,N,https://nuforc.org/sighting/?id=181884
44,14/07/1965,1960s,19:30,Memphis,TN,USA,35.14917931,-90.05441996,Disk,"Midsummer, sitting outside a small apartment with another adult and several children suddenly began to hear low humming sound above us.",N,https://nuforc.org/sighting/?id=170180
45,15/07/1965,1960s,20:00,South Holland,IL,USA,41.60100915,-87.60730134,Circle,It made no sound and hovered silent above our yard. It was about the size of our 2.5 car garage. Showed up suddenly and left suddenly,N,https://nuforc.org/sighting/?id=185741
46,16/07/1965,1960s,19:24,Torrance,CA,USA,33.83752452,-118.3418834,Circle,At dusk coming from the ocean,N,https://nuforc.org/sighting/?id=182655
47,07/08/1965,1960s,22:00,Iron River,MI,USA,46.09280744,-88.64249013,Light,Row of lights with outline of craft around it hovering over Lake Emily then shot away.,N,https://nuforc.org/sighting/?id=184508
48,10/08/1965,1960s,05:00,Fremont,CA,USA,37.54837128,-121.9880188,Oval,"Bright silver-white oval body, bright gold legs with landing pads, gold, L-shaped appendage with a red light. Slow rotation, silent.",N,https://nuforc.org/sighting/?id=185915
49,06/04/1966,1960s,11:00,Clayton South,Victoria,Australia,-37.94133745,145.1251909,Disk,"1966 Westall UFO: 200+ witnesses at a Melbourne school saw a silver disc descend, land briefly, then speed away.",N,https://nuforc.org/sighting/?id=197345
50,24/04/1966,1960s,14:30,Calipatria,CA,USA,33.12542195,-115.5144995,Oval,As I came walking towards the intersection of Barbara and Hiway 111 I noticed the craft slowly descending from the sky,N,https://nuforc.org/sighting/?id=197029
51,16/08/1966,1960s,19:30,Matawan,NJ,USA,40.407995,-74.23564164,Oval,Directly under craft. So close you can throw a rock at it. No noise. Huge. Hovering. 3 lights underneath. Windows or lights around rim.,N,https://nuforc.org/sighting/?id=196358
52,18/08/1966,1960s,15:00,Nr. Town of Porthmadog (UK/Wales),[UNSPECIFIED],United Kingdom,52.92832257,-4.13435388,Cigar,"Silver colour, no sound, completely still but could move backwards, forwards and sideways watched 5 mins or more then just disappeared",N,https://nuforc.org/sighting/?id=165578
53,27/08/1966,1960s,20:45,Fort Smith,AR,USA,35.38496681,-94.42110605,Disk,"Hovering, round noiseless aircraft with round light in center hovering low over my car.",N,https://nuforc.org/sighting/?id=179081
54,12/10/1966,1960s,09:00,Islip,NY,USA,40.72967939,-73.2103408,Disk,I was 9 years old and it was daytime. We saw a silver disc directly over head. Many people saw it.,N,https://nuforc.org/sighting/?id=188591
55,15/10/1966,1960s,01:00,Mosquito Hill,South Australia,Australia,-35.41688499,138.6899624,Disk,Craft was hovering a few metres above a group of 121 cows. Little sound and a faint glow.,N,https://nuforc.org/sighting/?id=192410
56,16/10/1966,1960s,02:10,Mount Compass--Mosquito Hill,South Australia,Australia,-35.33914071,138.6652355,Disk,"UFO was stationary, hovering about 20 metres above a herd of cows about 100 metres away.",N,https://nuforc.org/sighting/?id=177300
57,10/11/1966,1960s,05:30,Fort Johnson South,LA,USA,31.0470947,-93.20424868,Cigar,Observed iridescent light blue cigar shaped object slowly traveling from my right to left while in basic training at 5:30 AM.,N,https://nuforc.org/sighting/?id=184559
58,30/12/1966,1960s,07:15,[UNSPECIFIED],TX,USA,31.53018326,-99.10331104,Disk,Saw out of the window a very large hot pink glowing saucer on the gro.und. Watched for some minutes until is levitated and away,Y,https://nuforc.org/sighting/?id=181307
59,16/03/1967,1960s,08:45,Hilger,MT,USA,47.25388191,-109.3598752,Oval,Glowing red-orange oval hovered over Echo Flight LCF gate; all 10 Minuteman ICBMs went offline within seconds; object departed.,N,https://nuforc.org/sighting/?id=197104
60,15/04/1967,1960s,19:00,East Stroudsburg,PA,USA,41.00244445,-75.1819667,Circle,"From nw to se. moving slowly and rotating. Very low, less than 1000 feet.",N,https://nuforc.org/sighting/?id=196964
61,01/05/1967,1960s,04:57,Fortuna,ND,USA,48.91005097,-103.779456,Unknown,I was stationed at Fortuna AFS 1966-67. One night Minot AFB called our site to verity an aircraft. We verified it.,Y,https://nuforc.org/sighting/?id=197052
62,15/05/1967,1960s,00:00,Trail,BC,Canada,49.09682656,-117.7118203,Disk,"Saucer-shaped object hovered outside my bedroom window, about 6' from my bed, after midnight",Y,https://nuforc.org/sighting/?id=190912
63,26/05/1967,1960s,19:00,"open desert between Gila Bend and Crater Range, near GB AF",AZ,USA,32.77294879,-112.8150276,Disk,Atop a hill set a saucer with its doorway open emitting a bright light which formed a triangle.,N,https://nuforc.org/sighting/?id=176099
64,30/06/1967,1960s,22:00,out at sea east coast U.S.,[UNSPECIFIED],Internatonal Waters,32.20021786,-73.20001073,Light,UFO spotted by U.S Navy ship out at sea in the year of 1967.,N,https://nuforc.org/sighting/?id=124892
65,20/07/1967,1960s,20:00,Spartanburg,SC,USA,34.9517827,-81.93285662,Circle,We saw a large silver object that had another level above it. Bright lights around the circular part.,N,https://nuforc.org/sighting/?id=187023
66,17/08/1967,1960s,19:00,Marion,MA,USA,41.7029703,-70.76553517,Rectangle,A rectangular craft hovered silently never moving for about 10 minutes with some sort of occupant,N,https://nuforc.org/sighting/?id=176647
67,01/09/1967,1960s,17:00,La Puente,CA,USA,34.02021701,-117.9489191,Disk,Space craft with an alien being standing on top,N,https://nuforc.org/sighting/?id=177654
68,03/09/1967,1960s,21:00,Crestone (near Alamosa),CO,USA,37.9964505,-105.6997418,Fireball,"Saw 3 house size balls of fire come straight down, turn to fly horizontal straight at us for 40 miles in 3-4 seconds then pass out of s",N,https://nuforc.org/sighting/?id=4192
69,19/10/1967,1960s,22:00,Louisville,KY,USA,38.24633322,-85.76665108,Oval,Cigar shaped craft low altitude filled the entire sky,N,https://nuforc.org/sighting/?id=177410
70,04/02/1968,1960s,23:30,Crestline,CA,USA,34.24207938,-117.2855613,Disk,Disk seen from wooded area with view of lake adjacent to Thousand Pines Camp,N,https://nuforc.org/sighting/?id=198558
71,17/04/1968,1960s,19:30,Washington,DC,USA,38.90660227,-77.03816489,Sphere,"From my backyard at night, we saw a large hovering saucer-shaped object with blue, red, green, and white lights. It made no sound.",N,https://nuforc.org/sighting/?id=195493
72,11/05/1968,1960s,22:00,Stoughton,WI,USA,42.91767974,-89.21911348,Sphere,Glowing red sphere following directly behind our vehicle for a few miles,N,https://nuforc.org/sighting/?id=196508
73,01/06/1968,1960s,20:30,Wytheville,VA,USA,36.94846974,-81.08503429,Circle,Hovering right above me > round dome with Lights,N,https://nuforc.org/sighting/?id=177067
74,15/06/1968,1960s,20:00,Miamisburg,OH,USA,39.64179489,-84.28870706,Sphere,Three Flying Disks lights around them.,N,https://nuforc.org/sighting/?id=179766
75,19/07/1968,1960s,00:30,Lancaster,SC,USA,34.72056878,-80.77091789,Triangle,"I saw a large triangular craft hovering silently , when I approached it began to move off, I ran after it .",N,https://nuforc.org/sighting/?id=176387
76,11/08/1968,1960s,15:30,Hagerstown,MD,USA,39.64148946,-77.72039024,Orb,"A ""Foo Fighter"" INTERACTED with my cousin and I while playing in the backyard. It knew what I was thinking.",N,https://nuforc.org/sighting/?id=197865
77,01/10/1968,1960s,18:08,Verona,MO,USA,36.96395962,-93.79578593,Oval,Metallic craft. Very close 15 ft. in front about 10 ft. off ground,N,https://nuforc.org/sighting/?id=183198
78,04/10/1968,1960s,18:30,Snowflake,AZ,USA,34.51368648,-110.0808801,Triangle,At sunset time triangle object rose up from the hill then disappeared straight west letting sun back in my eyes.,N,https://nuforc.org/sighting/?id=184992
79,17/03/1969,1960s,20:00,Odessa,WA,USA,47.33319657,-118.6907745,Disk,"Brilliant metallic, glowing disc shaped craft with red & blue lights in circle at bottom seen in Odessa, WA, 1969.",Y,https://nuforc.org/sighting/?id=123342
80,30/05/1969,1960s,20:00,Augusta,GA,USA,33.46846191,-82.02844537,Circle,"Craft approached moving slowly, it seemed. There were 2 disc sections. The forward section looked slightly smaller than the aft section",N,https://nuforc.org/sighting/?id=194816
81,10/06/1969,1960s,00:02,Greensboro,NC,USA,36.07303285,-79.79233208,Cigar,A large object with multicolored light all over it was seen outside my bedroom window when I was about 4 years old.,N,https://nuforc.org/sighting/?id=174017
82,17/06/1969,1960s,23:30,Peshawar,Khyber Pakhtunkhwa,Pakistan,34.01418667,71.51601876,Disk,saw three disks hovering over the desert near our installation. Silent. After several minutes shot straight up and disappeared.,N,https://nuforc.org/sighting/?id=186944
83,20/06/1969,1960s,17:02,Richmond,VA,USA,37.54153272,-77.43532454,Orb,A disc with circling lights flew toward us at high speed and circled the steeple of the church.,N,https://nuforc.org/sighting/?id=184170
84,29/08/1969,1960s,20:30,Raritan,NJ,USA,40.57410584,-74.63888452,Triangle,"Close encounter of a hovering ""gun metal gray, metallic platform""",N,https://nuforc.org/sighting/?id=176553
85,30/08/1969,1960s,20:30,Weare,NH,USA,43.09484389,-71.73048878,Disk,200 foot diameter saucer shaped spacecraft hovering 300 feet over our heads.,Y,https://nuforc.org/sighting/?id=197396
86,01/10/1969,1960s,19:00,New York,NY,USA,40.71264029,-74.01728347,Oval,Moved a few ft. In front of car stayed right with us a few miles,N,https://nuforc.org/sighting/?id=186075
87,15/11/1969,1960s,19:30,Bonn,Nordrhein Westfalen,Germany,50.73745136,7.09566181,Formation,"Nightime saw 4 disk shaped lights, 1 light moved slowly then dissappeared. 3 lights remained",N,https://nuforc.org/sighting/?id=183609
88,24/11/1969,1960s,23:00,"Sister Lakes, Michigan.",MI,USA,42.06451746,-86.18596269,Disk,I want it known in my life I say in my life time what I witnessed.,N,https://nuforc.org/sighting/?id=172130
89,21/12/1969,1960s,03:30,Aurora,CO,USA,39.72943758,-104.8299913,Light,"Big round cylinder light was coming from sky, no sound",N,https://nuforc.org/sighting/?id=183485
90,01/01/1970,1970s,00:00,[UNSPECIFIED],[UNSPECIFIED],[UNSPECIFIED],-21.94590488,79.93236415,[UNSPECIFIED],UFO contact we made during Desert Shield in the Indian Ocean.,N,https://nuforc.org/sighting/?id=163175
91,02/01/1970,1970s,21:45,Sunderland,England,United Kingdom,54.90491175,-1.38102218,Circle,"In January 1979 at 9:45 PM in Sunderland, England, I, my mother, and a bus driver witnessed a UFO. It was a clear and cold night. The U",N,https://nuforc.org/sighting/?id=188762
92,15/02/1970,1970s,17:34,"Mendoza [sic - perhaps Mendon, NY?]",NY,USA,42.99769533,-77.50501063,Unknown,"Craft seen hovering above myself and my mother, orange emitting cold light. Maybe 20 feet above us. No sound.",N,https://nuforc.org/sighting/?id=177496
93,01/05/1970,1970s,06:00,Rock Island,WA,USA,47.37703412,-120.1443743,Disk,My brother and I were feeding our animals at 0600 before school. Saw big saucer with lights under.,N,https://nuforc.org/sighting/?id=194518
94,01/07/1970,1970s,23:32,Jingzhou,Hubei,China,30.34078188,112.237307,Rectangle,My grandmother encountered a glowing object one summer night when she was about ten years old.,N,https://nuforc.org/sighting/?id=195718
95,15/07/1970,1970s,23:30,Randlett,UT,USA,40.23279697,-109.8074187,Disk,"In line disc type craft, moving in a serpentine fashion across the island and then went vertical in line, silently out of sight",N,https://nuforc.org/sighting/?id=192850
96,19/09/1970,1970s,19:00,Willington,CT,USA,41.88060673,-72.26003513,Disk,We were tracked by a alien craft.,N,https://nuforc.org/sighting/?id=177327
97,16/02/1971,1970s,17:00,Maitland,FL,USA,28.6276712,-81.36310382,Cigar,Seen full view ship hovering over trees 40 feet in air!,N,https://nuforc.org/sighting/?id=176007
98,29/05/1971,1970s,21:00,Palos Verde (northeast of),CA,USA,33.74533812,-118.3876001,Sphere,"There seemed to be no dissipation of the glow coming from the sphere. It surrounded it, stretched in one direction and stopped!?",N,https://nuforc.org/sighting/?id=29623
99,16/06/1971,1970s,13:48,Poughkeepsie,NY,USA,41.70560303,-73.92897092,Disk,"Approximately at 15:00 my friend spotted object in sky. He said to me ""hey there is one of those UFO's they talk about"". I thought he",N,https://nuforc.org/sighting/?id=68697
100,05/07/1971,1970s,00:00,Tehran,Tehran Province,Iran,35.73199036,51.33047635,Disk,"At age 12, I witnessed a large disk-shaped UFO with a dome on top, featuring revolving red, green, blue, orange, and yellow lights.",N,https://nuforc.org/sighting/?id=188801
101,09/07/1971,1970s,00:00,Tehran,Tehran Province,Iran,35.73199036,51.33047635,Disk,"“Saw a large, dome-shaped UFO with revolving colored lights. It moved instantly, defied gravity, and appeared in front of me",N,https://nuforc.org/sighting/?id=188852
102,17/07/1971,1970s,03:00,Whitman,MA,USA,42.08075187,-70.9358654,Sphere,30’ Diameter orange spear about 100’ above the tree line,N,https://nuforc.org/sighting/?id=183966
103,13/10/1971,1970s,22:00,Bloemfontein,Free State,South Africa,-29.11330798,26.21565714,Orb,Giant white orb appears to hover over rural Farmhouse in 1970's,N,https://nuforc.org/sighting/?id=184975
104,29/10/1971,1970s,20:57,Bard,CA,USA,32.78986017,-114.5547315,Sphere,"Green sphere appeared in the distance over Yuma,Az. grew to large green sphere as it neared and was very big above vehicle",N,https://nuforc.org/sighting/?id=189514
105,02/01/1972,1970s,21:00,Kinshasa,Kinshasa,Democratic Republic of the Congo,-4.30407678,15.30729137,Orb,"Thought it was a shooting star, until it kept coming down and instead of splashing into the river, just stopped and performed maneuvers",N,https://nuforc.org/sighting/?id=183324
106,09/05/1972,1970s,02:00,White Bear Lake,MN,USA,45.07327582,-92.98699834,Cylinder,Woke from sleep and saw an illuminated craft hovering low on the front lawn.,N,https://nuforc.org/sighting/?id=177984
107,25/05/1972,1970s,15:33,Dehradun,Uttarakhand,India,30.32006825,78.03223747,Disk,A huge flat silvery white object flew a few feet above me in full speed towards Mussoorie a hill station ahead of Dehradun.,N,https://nuforc.org/sighting/?id=177375
108,15/06/1972,1970s,08:30,Torrington,CT,USA,41.80089871,-73.12322471,Disk,Close-up sighting of a flying saucer.,N,https://nuforc.org/sighting/?id=146059
109,26/06/1972,1970s,10:00,Fort Beaufort (South Africa),[UNSPECIFIED],South Africa,-32.78584167,26.54991701,Egg,Police officers fire shots at UFO in South Africa,N,https://nuforc.org/sighting/?id=46868
110,12/07/1972,1970s,12:00,Huntington,VT,USA,44.32549294,-72.98885769,Disk,Three disk like objects over Camels Hump in Huntington Vermont in summer of 1972,N,https://nuforc.org/sighting/?id=172228
111,15/07/1972,1970s,20:45,Dumas,AR,USA,33.88347266,-91.48372814,Triangle,Triangular object red lights at apexes white light at center,N,https://nuforc.org/sighting/?id=193641
112,25/07/1972,1970s,10:00,Lakewood,NJ,USA,40.0866668,-74.2159787,Oval,Craft was at treetop height and approached us to within 50 feet away.,Y,https://nuforc.org/sighting/?id=188590
113,04/08/1972,1970s,00:01,Tehran,Tehran Province,Iran,35.73199036,51.33047635,Disk,"Large dome-shaped UFO with revolving lights appeared instantly, defied gravity, and moved effortlessly in all directions.",N,https://nuforc.org/sighting/?id=188428
114,12/08/1972,1970s,15:00,Somers,MT,USA,48.08052408,-114.22506,Triangle,Silent craft entered Somers Bay from the South and hovered about 200 ft above the center of the bay for ~ 3 minutes before departing.,N,https://nuforc.org/sighting/?id=180807
115,17/08/1972,1970s,23:00,Evanston,IL,USA,42.05683948,-87.68734766,Circle,"90 ft saucer, grey with white spinning lights underneath",N,https://nuforc.org/sighting/?id=165820
116,25/08/1972,1970s,01:04,Rolling Meadows,IL,USA,42.08302469,-88.02973258,Disk,Silver object hovering around radio tower.,N,https://nuforc.org/sighting/?id=175816
117,20/09/1972,1970s,17:00,Royston,GA,USA,34.28699755,-83.11010858,Cigar,Very intense encounter,N,https://nuforc.org/sighting/?id=192790
118,21/10/1972,1970s,19:00,San Francisco,CA,USA,37.77463341,-122.4175338,Teardrop,Close encounter,N,https://nuforc.org/sighting/?id=191331
119,28/11/1972,1970s,04:30,New Orleans,LA,USA,29.95108373,-90.07964434,Oval,Saw a large oval silver craft with bright lights in the trees so we stopped,N,https://nuforc.org/sighting/?id=176165
120,05/05/1973,1970s,11:30,Long Branch,NJ,USA,40.29607592,-74.02876934,Oval,Large silver-gray object hovering over ground as seen from small aircraft,N,https://nuforc.org/sighting/?id=177639
121,22/05/1973,1970s,23:00,"Atlantic Ocean (USCG Cutter ""Spencer"")",[UNSPECIFIED],[UNSPECIFIED],40.68729592,-74.01342396,[UNSPECIFIED],UFO sighting aboard Coast Guard Cutter Spencer,N,https://nuforc.org/sighting/?id=76914
122,15/06/1973,1970s,14:00,Madison,CT,USA,41.27940035,-72.59821274,Disk,Grey overcast sky with a shard of sunlight breaking thru & hitting the top of a motionless object. After a minute it flys directly away,N,https://nuforc.org/sighting/?id=179746
123,28/06/1973,1970s,15:00,Franklin,KY,USA,36.71925047,-86.57891782,Disk,"I was aged 7 or 8, heard a faint static noise approach from row of trees and saw a silver disc emerge, hovered @ 10 ft. above railroad.",Y,https://nuforc.org/sighting/?id=181851
124,01/07/1973,1970s,06:45,Watts,OK,USA,36.10924984,-94.5702421,CIrcle,Object sat stationary above trees and below clouds,N,https://nuforc.org/sighting/?id=199087
125,21/07/1973,1970s,14:00,Buffalo Gap,SD,USA,43.49167887,-103.31309,Disk,Right over our heads.,N,https://nuforc.org/sighting/?id=180358
126,11/08/1973,1970s,03:00,Fayetteville,NC,USA,35.05239022,-78.87864595,Disk,"Saw a UFO outside of house hovering over my head and exited so fast, looked t like a streak of lightning.",N,https://nuforc.org/sighting/?id=175153
127,19/08/1973,1970s,01:00,Loveland,CO,USA,40.39630701,-105.0753971,Circle,Traveling back from Pueblo Colorado to Fort Collins Colorado at early hours (1am) sighted UFO hovering over a power pole w/ transformer,N,https://nuforc.org/sighting/?id=196850
128,01/10/1973,1970s,23:00,Sigel,IL,USA,39.22608615,-88.49417163,Oval,Oval light appeared and followed alongside a driver in a car.,Y,https://nuforc.org/sighting/?id=179507
129,10/10/1973,1970s,21:00,Saltsburg,PA,USA,40.48648657,-79.45155505,Chevron,V shaped black craft with four brilliant gold lights equally spaced underneath. Lights illuminated car and field. Silent.,N,https://nuforc.org/sighting/?id=195091
130,24/10/1973,1970s,00:00,Jacksonville Beach,FL,USA,30.2848637,-81.39624191,Changing,You may be surprised that I am reporting this after 30 years. I remember the date clearly as I told myself I would never forget. I have,N,https://nuforc.org/sighting/?id=34726
131,09/11/1973,1970s,20:00,Fallbrook,CA,USA,33.37654335,-117.2516669,Circle,It had an elongated greenish-blue (or turquois) contrail streaming behind,N,https://nuforc.org/sighting/?id=179117
132,05/04/1974,1970s,07:00,Kansas City,MO,USA,39.09829707,-94.59340903,Oval,UFO Close Encounter Visual Up Close and Followed at walking speed,N,https://nuforc.org/sighting/?id=197461
133,07/04/1974,1970s,18:00,Clarkston,GA,USA,33.8096474,-84.23969279,Oval,Floating large oval craft in Clarkston GA around 1974-76 approximately,N,https://nuforc.org/sighting/?id=180667
134,10/04/1974,1970s,07:10,Hallsville,OH,USA,39.44451479,-82.8253158,Sphere,Lighted sphere observed hovering in morning sky.,N,https://nuforc.org/sighting/?id=43303
135,01/06/1974,1970s,13:37,Ridgecrest,CA,USA,35.62048192,-117.6725335,Other,"I saw 2 UFOs, one looked like a jet but flew muich faster, the second looked like a rusty ""Borg ship""",N,https://nuforc.org/sighting/?id=182258
136,28/06/1974,1970s,22:30,Los Angeles,CA,USA,34.0564552,-118.2579761,Disk,Typical flying saucer all lit up with windows around hovering just above a lawn on the corner,N,https://nuforc.org/sighting/?id=198061
137,13/07/1974,1970s,23:10,Ione,CA,USA,38.35288685,-120.9325421,Triangle,Very Large triangular craft slowly flying,N,https://nuforc.org/sighting/?id=191725
138,14/07/1974,1970s,23:45,Scottsdale,AZ,USA,33.49492153,-111.924361,Diamond,Clear translucent diamond shape crystal about 15 feet long 6 feet high moving very slowly over my head about 20 feet off the ground,Y,https://nuforc.org/sighting/?id=197727
139,20/07/1974,1970s,18:30,Salem,MA,USA,42.52013868,-70.89566617,Cigar,This story is very familar with an experance me and about 8 of my friends saw about 30 years ago on Boston Street Salem Mass. We sti,N,https://nuforc.org/sighting/?id=45321
140,03/08/1974,1970s,23:30,Port Barre,LA,USA,30.5601632,-91.9538781,Other,"To the Archive Director / Investigator:I am submitting a highly detailed, firsthand account of a Close Encounter of the Third Kind (CE-",N,https://nuforc.org/sighting/?id=198375
141,14/08/1974,1970s,15:00,White Center,WA,USA,47.50863832,-122.3550083,Unknown,Stepped pyramid shape UFO hovering above the projects area. The craft had three independent sections,N,https://nuforc.org/sighting/?id=195998
142,16/08/1974,1970s,21:00,Newark,DE,USA,39.68415951,-75.74990996,Disk,Flying Saucer ship close to the ground,N,https://nuforc.org/sighting/?id=184917
143,04/09/1974,1970s,21:00,Columbia,MD,USA,39.2036775,-76.86093312,Disk,"I rented a row boat, my Fraternity Brother, my Girlfriend, and another girl were in the boat. We were on the lake, about in the middle.",N,https://nuforc.org/sighting/?id=165848
144,01/10/1974,1970s,00:00,Bryon,IL,USA,42.12762296,-89.2559177,Disk,"The craft looked like the photo purpoted ufo in Passaic, New Jersey, taken July 31, 1952.",N,https://nuforc.org/sighting/?id=177287
145,15/10/1974,1970s,19:30,Garfield Heights,OH,USA,41.41808805,-81.60629621,Disk,My mother and I witnessed a disc-shaped object hovering above us when we were in field after leaving PTA meeting.,N,https://nuforc.org/sighting/?id=190480
146,17/10/1974,1970s,15:00,Caracas,Miranda,Venezuela,10.50163349,-66.91456919,Triangle,Huge UFO in the shape of an inverted Aztec/Mayan pyramid (sides with angular steps) that was in stealth-colored material (carbon black),Y,https://nuforc.org/sighting/?id=178404
147,31/10/1974,1970s,20:00,Adkins,TX,USA,29.39357292,-98.23573092,Oval,Dramatic UFOs hovered over my Texas home. 7 squadrons of fast low flying inbound jets and a black sedan entered the area.,Y,https://nuforc.org/sighting/?id=194150
148,16/11/1974,1970s,13:00,Santa Monica,CA,USA,34.01213019,-118.4907835,Egg,"I thought it was a toy, yellow and blue plastic, as I got closer I was addressed telepathically",N,https://nuforc.org/sighting/?id=173121
149,19/12/1974,1970s,21:00,Idyllwild-Pine Cove,CA,USA,33.74469759,-116.7206788,Triangle,A large green triangle with rounded corners,N,https://nuforc.org/sighting/?id=197284
150,21/12/1974,1970s,21:30,Irvine,CA,USA,33.68459687,-117.8279781,Triangle,We both saw it up above us about what seemed like 3 mikes,N,https://nuforc.org/sighting/?id=181007
151,23/04/1975,1970s,21:00,[UNSPECIFIED],FL,USA,29.04175573,-80.98237677,Teardrop,Saw battleship sized UFO via Marine CH-53D 1974,N,https://nuforc.org/sighting/?id=187251
152,15/05/1975,1970s,22:00,Acton,MA,USA,42.48508885,-71.43316912,Rectangle,"Large underside of enormous object, blueish lights - seeming complex intricate industrial looking undercarriage",N,https://nuforc.org/sighting/?id=178430
153,09/06/1975,1970s,20:30,Lockhart,TX,USA,29.88502883,-97.67014627,Orb,"Chased by a glowing, yellow orb in Lockhart TX. 1975 or 76, in the evening. Looked like the moon",N,https://nuforc.org/sighting/?id=176934
154,14/06/1975,1970s,21:00,San Jose,CA,USA,37.33754482,-121.8947477,Triangle,"High speed UFO in a ""V"" shape north to south",N,https://nuforc.org/sighting/?id=180475
155,17/06/1975,1970s,14:00,Vil'nians'k,Zaporiz'ka oblast,Ukraine,47.94093933,35.43247166,Other,"I saw an alien in a silver suit without fasteners, a childlike face, a large forehead, and no hair.",N,https://nuforc.org/sighting/?id=189690
156,10/07/1975,1970s,13:04,Ninilchik,AK,USA,60.03985741,-151.6673247,Other,Covered the whole sky,N,https://nuforc.org/sighting/?id=183752
157,15/07/1975,1970s,20:15,Wentzville,MO,USA,38.81155085,-90.85307198,Circle,"UFO hovered over a wheat field behind my Neighborhood and the Masonic Lodge in Wentzville, Missouri.",N,https://nuforc.org/sighting/?id=182017
158,24/07/1975,1970s,01:00,Kenner,LA,USA,29.99424493,-90.24189682,Triangle,Watched it slowly glide over my house silently at treetop level,N,https://nuforc.org/sighting/?id=181687
159,26/07/1975,1970s,20:30,Arlington,TX,USA,32.73519587,-97.10668974,Cigar,My family and I in the summer of 1975 saw a craft hovering for several minutes and change appearance,N,https://nuforc.org/sighting/?id=190704
160,03/08/1975,1970s,11:08,Depoe Bay,OR,USA,44.80856779,-124.0636042,Other,We saw 2 crafts 100 yards away with spot lights under the saucer shaped craft with clear bubble tops with a clear view of two humanoid,N,https://nuforc.org/sighting/?id=197605
161,16/08/1975,1970s,17:49,Mount Olive,NJ,USA,40.87198512,-74.73493301,Disk,A large disk shaped craft hovered across a farm field tree top level.,Y,https://nuforc.org/sighting/?id=182482
162,22/08/1975,1970s,22:50,Horley,Surrey,United Kingdom,51.17368112,-0.17164819,Sphere,Bipedal sphere,N,https://nuforc.org/sighting/?id=177109
163,01/09/1975,1970s,21:30,Dallas,TX,USA,32.77568402,-96.79940049,Disk,"A large disk craft hovered over 635, then instantly shot off to the south, hovered as a white light on the horizon, then disappeared",Y,https://nuforc.org/sighting/?id=170292
164,05/10/1975,1970s,12:10,Fresno,CA,USA,36.73777739,-119.7883458,Fireball,"While driving, our car lost all power and a huge bright ball shape appeared in our front window in the sky approx. 60 ft. overhead.",N,https://nuforc.org/sighting/?id=175140
165,15/02/1976,1970s,20:30,Pleasant Hill,AL,USA,32.16631799,-86.91167569,Unknown,Bright white light roughly the same apparent size as the moon was following our car. It emitted a rod of red light then vanished.,Y,https://nuforc.org/sighting/?id=181756
166,17/03/1976,1970s,18:00,Los Angeles,CA,USA,34.0564552,-118.2579761,Disk,I could see vehicles driving eastbound on the 134 freeway & the UFOs passing over the top of them.,N,https://nuforc.org/sighting/?id=49035
167,18/06/1976,1970s,20:55,Boston,MA,USA,42.3549428,-71.05757473,Disk,A large typical saucer shaped ship came as close as 1000’ of the ground over our heads,Y,https://nuforc.org/sighting/?id=190314
168,10/07/1976,1970s,22:00,Brentwood,NY,USA,40.78127675,-73.24653336,Triangle,"Boomerang or Triangle shaped air craft with large round lights that did not give off illumination, traveling slowly across the sky",N,https://nuforc.org/sighting/?id=176768
169,14/07/1976,1970s,18:30,Wentzville,MO,USA,38.81155085,-90.85307198,Disk,UFO Hovering over hay field,N,https://nuforc.org/sighting/?id=196312
170,16/07/1976,1970s,19:00,Leesville,LA,USA,31.14355431,-93.26101403,Changing,"Drove up on craft less than 100 ft away it took off, went back and hovered over the asphalt road emittind brilliant shimering light.",N,https://nuforc.org/sighting/?id=182324
171,11/08/1976,1970s,21:15,Iowa City,IA,USA,41.65797695,-91.5355864,Cylinder,The aircraft swooped down at the speed of light and hovered over the hood of our car for over a mile.,N,https://nuforc.org/sighting/?id=195691
172,14/08/1976,1970s,02:30,San Jose,CA,USA,37.33754482,-121.8947477,Light,Bright red object on/near ground viewed from hillside summit 2500ft above the object,N,https://nuforc.org/sighting/?id=180662
173,27/08/1976,1970s,00:35,Faribault,MN,USA,44.29536988,-93.26928085,Oval,I and a friend went to nature center after work at midnight. saw orange craft that looked like melting hot steel or iron. for seconds.,N,https://nuforc.org/sighting/?id=193266
174,22/09/1976,1970s,21:00,San Diego,CA,USA,32.715511,-117.1613712,Sphere,A 100 foot wide UFO positioned itself above our house and chased a commercial jet,N,https://nuforc.org/sighting/?id=184993
175,13/11/1976,1970s,22:00,Hastings,MI,USA,42.64590422,-85.29086582,Circle,A bright object hovered 100ft over my car with my pregnant girlfriend and myself for 10 minutes. Sped away at impossible speed.,N,https://nuforc.org/sighting/?id=179973
176,28/11/1976,1970s,20:00,Cambridge,ON,Canada,43.40229522,-80.3267249,Sphere,"8–9 glowing red spheres, ~50 ft wide, ~100 ft up, silent, 3 witnesses, playful formation shift.",Y,https://nuforc.org/sighting/?id=191899
177,12/03/1977,1970s,18:14,Warton,England,United Kingdom,53.750236,-2.89333868,Cigar,"Craft matched our car near Warton, parents terrified; pub saw it too. Car frozen after. Have unusual abilities since.",N,https://nuforc.org/sighting/?id=190639
178,13/03/1977,1970s,16:30,Tartron,AZ,USA,32.88003081,-113.0969954,Triangle,I'm a (now retired) Police Officer and my wife works in Medical Records at a large hospital in San Diego. Returning to San Diego from P,N,https://nuforc.org/sighting/?id=196276
179,02/04/1977,1970s,00:30,Brownsville,OR,USA,44.39348417,-122.9851283,CIrcle,"Large round craft, 150 ft diameter, 20 ft tall, silver, with purple lights a few hundred yards away, zipped 10 miles in a sec, then 20",N,https://nuforc.org/sighting/?id=198640
180,15/05/1977,1970s,08:00,Elmont,VA,USA,37.71246315,-77.4914821,Disk,silver disk near Elmont Elementary School in 1977,N,https://nuforc.org/sighting/?id=30517
181,04/06/1977,1970s,14:00,Bloomington,IN,USA,39.16935594,-86.53889876,Disk,"Disk with raised center, hat-like. Windows displayed gradient changing color through the color wheel. I pointed, it zipped away.",N,https://nuforc.org/sighting/?id=177031
182,10/06/1977,1970s,17:30,Asheville,NC,USA,35.59797329,-82.54619158,Disk,It hovered above us several thousand feet maybe-metallic appearance about 30' wide and disk shaped,N,https://nuforc.org/sighting/?id=170177
183,11/06/1977,1970s,20:30,Houston,TX,USA,29.75929646,-95.36831125,Disk,3 Star split then 1 star/UFO Hovered over Tree and siblings chased it and disappeared in a flash.,N,https://nuforc.org/sighting/?id=184357
184,15/06/1977,1970s,03:00,"U.S.Navy-USS Glover AGFF-1-Burmuda Triangle, FL",[UNSPECIFIED],Puerto Rico/Burmuda (between),25.20825352,-65.69172548,Circle,"I was on watch above the bridge port side when a bright red,orange-round object came out of the sky & approached our ship.The starboard",N,https://nuforc.org/sighting/?id=9958
185,22/06/1977,1970s,20:00,North Little Rock,AR,USA,34.75902147,-92.26811193,Disk,Disk shaped aircraft with rotating lights hovering over tree line,N,https://nuforc.org/sighting/?id=176162
186,23/06/1977,1970s,12:00,Prince Edward,ON,Canada,44.01013033,-77.13586015,Disk,Silver disk stopped overhead,N,https://nuforc.org/sighting/?id=179931
187,30/08/1977,1970s,19:00,middlefield,CT,USA,41.51734342,-72.71201446,Circle,"At the base of low cloud, bottom of saucer craft grayish with ring semi rectangular multi colored lights 100 ft diameter emerged",N,https://nuforc.org/sighting/?id=175119
188,09/09/1977,1970s,21:00,Huntington Station,NY,USA,40.85410636,-73.41180808,Orb,13 years old with a neighbor. We were chased by a silent orb that was above the tree and hid behind structures to avoid it.,N,https://nuforc.org/sighting/?id=185002
189,28/09/1977,1970s,19:00,San Diego,CA,USA,32.715511,-117.1613712,Disk,Night sky opened up and 3 discs flew into the light.,N,https://nuforc.org/sighting/?id=185008
190,05/10/1977,1970s,20:00,Duncan,OK,USA,34.50294051,-97.95954597,Disk,"Disk hovers over home with no sound, then darts towards space, then darts across entire horizon multiple times before leaving",Y,https://nuforc.org/sighting/?id=183724
191,15/10/1977,1970s,22:15,Bentonville,AR,USA,36.37266844,-94.21122169,Light,Large orange light hovering in the sky outside my bedroom window,N,https://nuforc.org/sighting/?id=198056
192,15/10/1977,1970s,22:30,Brookston,IN,USA,40.60283272,-86.86739962,Triangle,Bright light forced cars off road. Saw aircraft over cornfield and we ran to stand under it.,N,https://nuforc.org/sighting/?id=196951
193,28/12/1977,1970s,12:00,London,England,United Kingdom,51.51485443,-0.10366852,Cylinder,"UFO the size of commercial aircraft, stationary over houses. After 2–3 minutes, it banked and took off at great silent speed.",N,https://nuforc.org/sighting/?id=196899
194,01/01/1978,1970s,16:00,Lauderdale Lakes,FL,USA,26.16590296,-80.20852422,Other,Tic-tac overflies apartment building,N,https://nuforc.org/sighting/?id=196110
195,15/01/1978,1970s,22:00,New Hampton,NH,USA,43.62395252,-71.62761151,Sphere,"Very cold, clear no trees in background open fields. North side of interstate 93, I was moving southeast",N,https://nuforc.org/sighting/?id=198601
196,25/02/1978,1970s,09:46,Suffolk,VA,USA,36.72909754,-76.58561324,Rectangle,"Reflective blue/ green tringle shaped vehicle, rounded edges, circular white lights on each point, hovered low above our vehicle",N,https://nuforc.org/sighting/?id=196180
197,25/02/1978,1970s,15:00,Richmond,VA,USA,37.54153272,-77.43532454,Disk,"100' dia metalic craft hovered 50 feet overhead for 30 min, rotating colored lights on bottom",N,https://nuforc.org/sighting/?id=170084
198,29/03/1978,1970s,16:00,Miami,FL,USA,25.76136702,-80.19140801,Disk,Saw one going down old cutler rd. got to house and there was 3 of them,N,https://nuforc.org/sighting/?id=182601
199,05/05/1978,1970s,17:00,Omaha,NE,USA,41.2567379,-95.93365918,Sphere,Massive Silent Craft Intercepted by Jets Over Northwest Omaha,N,https://nuforc.org/sighting/?id=198823
200,08/05/1978,1970s,21:00,Oregon City,OR,USA,45.35564529,-122.6075447,Disk,"A saucer shaped ufo came from over our heads barely above the roofline of our house, stopped, hovered",N,https://nuforc.org/sighting/?id=197591
201,20/05/1978,1970s,17:00,Atlantic Ocean/Caribbean sea,[UNSPECIFIED],[UNSPECIFIED],18.233333,-65.616667,Unknown,Supersonic clouds,N,https://nuforc.org/sighting/?id=35806
202,15/06/1978,1970s,21:00,Mancelona,MI,USA,44.90229039,-85.06103202,Disk,"We thought our foster daughter was kidding us, until we saw the metallic saucer shaped object humming loudly over the Michigan farmland",Y,https://nuforc.org/sighting/?id=29019
203,25/06/1978,1970s,03:30,"sydney, nova scotia",NS,Canada,46.13715762,-60.19471287,Diamond,Mother told us after lateshow to check yard for missing bikes,N,https://nuforc.org/sighting/?id=175564
204,08/07/1978,1970s,23:56,Englewood Cliffs,NJ,USA,40.88127382,-73.9515434,Cone,"It was not a cone shape per se but it was thin, wide and huge.",N,https://nuforc.org/sighting/?id=178272
205,10/07/1978,1970s,21:30,Newark,NY,USA,43.04671756,-77.09521411,Oval,2 bright fluorescent green craft viewed in southern sky passing behind drive in screen and appearing on other side,N,https://nuforc.org/sighting/?id=195237
206,14/07/1978,1970s,20:30,Santa Clarita,CA,USA,34.39206225,-118.5416761,Circle,Saw in air and seconds afterwards descended over my swimming pool suspended over water for 2 minutes,Y,https://nuforc.org/sighting/?id=181155
207,15/07/1978,1970s,21:30,Cary,IL,USA,42.21333351,-88.24798028,Cigar,Up at a local hangout in a field when slowly an object was flying toward us.,N,https://nuforc.org/sighting/?id=178650
208,16/07/1978,1970s,04:00,Five Dock,New South Wales,Australia,-33.86924807,151.1297627,CIrcle,"The craft crashed but was undamaged, no portholes, was floating about a 3 feet off the ground, it was easy to move.",N,https://nuforc.org/sighting/?id=197660
209,08/08/1978,1970s,19:00,Jurupa Valley,CA,USA,33.99437216,-117.4987864,Triangle,"No noise, lights going off and on over orange Grove, hovered silently then preceeded across freeway and disappeared very rapidly",N,https://nuforc.org/sighting/?id=181699
210,09/09/1978,1970s,22:00,Schofield Barracks,HI,USA,21.49551181,-158.0629746,Orb,"On guard duty we saw 3 orbs flying in a triangler formation in front of us then in a flash they were gone, reappearing over top of us",N,https://nuforc.org/sighting/?id=194868
211,12/09/1978,1970s,19:00,Loch Arbour,NJ,USA,40.23310364,-74.00085368,Other,"A 200 foot gray pencil shaped craft with no sound, came off the ocean and hovered over me, moving at the speed of sound defying physics",N,https://nuforc.org/sighting/?id=177270
212,14/10/1978,1970s,20:10,Chester,MD,USA,38.97543449,-76.28964285,Cigar,"Craft moved left to right accross the road, about 70 feet above us.",N,https://nuforc.org/sighting/?id=193590
213,19/10/1978,1970s,13:00,Kimbolton,England,United Kingdom,52.29731076,-0.38729693,Oval,No sound no lights black windows very fast,N,https://nuforc.org/sighting/?id=183754
214,20/10/1978,1970s,18:30,Boston,MA,USA,42.3549428,-71.05757473,Formation,"Two lights rose over the back of the car, shot into the sky, displayed a series of colored lights, jumped around, then disappeared",N,https://nuforc.org/sighting/?id=176660
215,27/11/1978,1970s,18:45,Battle Mountain,NV,USA,40.64172454,-116.934243,Orb,"Historical report of multiple witness sighting of ""twin orb"" seen on night of Nov. 27 1978 in north Nevada",Y,https://nuforc.org/sighting/?id=188612
216,20/12/1978,1970s,21:00,Fort Payne,AL,USA,34.44508953,-85.72014138,Disk,Traveling interstate in rural area at night had saucer shaped object fly in front of and over our vehicle.,N,https://nuforc.org/sighting/?id=181946
217,01/02/1979,1970s,19:00,Manassas,VA,USA,38.75125698,-77.47070533,Sphere,Vibrating Pulsating White Globe traveled above the Lake,N,https://nuforc.org/sighting/?id=170113
218,15/02/1979,1970s,22:20,Pine,AZ,USA,34.38397387,-111.4547171,Cylinder,Blimp shaped craft lowers to hover over road in fron of my car,Y,https://nuforc.org/sighting/?id=189845
219,01/03/1979,1970s,03:30,Harrowsmith,ON,Canada,44.40466452,-76.66351002,Triangle,Large Triangle of light on or above the surface.,N,https://nuforc.org/sighting/?id=192843
220,14/03/1979,1970s,15:30,Edinburg,TX,USA,26.30168623,-98.16428743,Cigar,I was walking home from high school at the very edge of the school athletic field. I looked up and I saw this craft on the horizon.,N,https://nuforc.org/sighting/?id=191056
221,17/03/1979,1970s,18:30,Maumee,IN,USA,39.02155217,-86.26128777,Unknown,Stationary object with 5 sweeping search lights at treetop level,N,https://nuforc.org/sighting/?id=181248
222,16/05/1979,1970s,11:30,Lakewood,CA,USA,33.85090403,-118.1334306,Circle,"Close Encounter 3rd kind - interaction with two ""aliens"" and up close to craft",N,https://nuforc.org/sighting/?id=196078
223,01/08/1979,1970s,20:30,Germantown,TN,USA,35.08674015,-89.8106949,Unknown,4 kids and a Dog,Y,https://nuforc.org/sighting/?id=181232
224,28/08/1979,1970s,19:00,Blacksburg,SC,USA,35.12118222,-81.51622116,Oval,"Still, silent, dull metallic gray object over church.",N,https://nuforc.org/sighting/?id=178201
225,15/09/1979,1970s,20:00,Selden,NY,USA,40.86679966,-73.03598246,Cigar,Glowing cigar craft hovering over Middle Country Rd,N,https://nuforc.org/sighting/?id=162710
226,06/10/1979,1970s,20:50,South Haven,MN,USA,45.29246436,-94.21226399,Unknown,Large object with 4 glowing greenish yellow lights sitting on the surface of the lake.,N,https://nuforc.org/sighting/?id=174868
227,21/10/1979,1970s,18:50,Boonville,NY,USA,43.48393262,-75.33598477,Disk,"Massive ship w/ bright lights stationary overhead, instant spotted accelerated straight up to space w/faint high-pitched ""zip"" sound.",N,https://nuforc.org/sighting/?id=194922
228,15/12/1979,1970s,22:30,Turtle Lake,WI,USA,45.39454337,-92.14304447,Rectangle,Rectangular object,N,https://nuforc.org/sighting/?id=197708
229,31/12/1979,1970s,18:00,Sunderland,England,United Kingdom,54.90491175,-1.38102218,Oval,UFO white with orange glow and tail spotted above houses moving fast and changing direction sharply. Electricity then cut in the house,N,https://nuforc.org/sighting/?id=183794
230,03/01/1980,1980s,16:50,Los Angeles,CA,USA,34.0564552,-118.2579761,Disk,A huge brightly-lit aerial object approached and moved behind school buildings and quickly ascended in front of the witnesses.,Y,https://nuforc.org/sighting/?id=174586
231,10/01/1980,1980s,21:00,Bletchley,England,United Kingdom,52.00223232,-0.75024987,Orb,A very bright orb/sphere decended down and hovered right in front of us and it also made a loud humming noise,Y,https://nuforc.org/sighting/?id=180102
232,16/01/1980,1980s,23:07,[UNSPECIFIED],NJ,USA,39.833851,-74.871826,Triangle,A triangular uap silently appeared maybe 40-50 ft overhead. It was maybe 25-30 ft long.,N,https://nuforc.org/sighting/?id=178736
233,27/01/1980,1980s,01:30,Montana,KS,USA,37.27588464,-95.12237442,Light,"Observed over restricted ammunition plant, responded to immediate area, military jets were sent to intercept/chase object away.",Y,https://nuforc.org/sighting/?id=193239
234,01/03/1980,1980s,00:30,Oxford,CT,USA,41.44740305,-73.13720198,Cigar,Large Cigar shaped object very close.,Y,https://nuforc.org/sighting/?id=38281
235,12/05/1980,1980s,16:00,Westland,MI,USA,42.32426106,-83.40041833,Cone,Couldn't take my eyes off of it I will never forget iThis thing was huge as big as the tree it was hovering above at least 70 ft tall,N,https://nuforc.org/sighting/?id=193547
236,15/05/1980,1980s,02:30,Barnstead,NH,USA,43.33891616,-71.27808194,Unknown,This thing was huge. The wing tip was over the ridge of the house and the fuselage was behind the top of the pinetree,N,https://nuforc.org/sighting/?id=197430
237,14/06/1980,1980s,20:00,Bryce Canyon City,UT,USA,37.67356501,-112.1568212,Rectangle,Hovered above us about 30 yards out and 50 yards above us,N,https://nuforc.org/sighting/?id=189850
238,01/07/1980,1980s,20:00,Mooresville,NC,USA,35.58172253,-80.81567201,Rectangle,Massive UFO,N,https://nuforc.org/sighting/?id=183628
239,27/07/1980,1980s,21:04,Springfield,MA,USA,42.10112607,-72.58901055,Diamond,"On a summer night in 1980 my cousin, sister and myself seen a flying object literally above house across st for about 5 to 8 minutes",N,https://nuforc.org/sighting/?id=177732
240,01/10/1980,1980s,21:00,St. Augustine,FL,USA,29.89228492,-81.31287311,Triangle,Triangular craft flying up Matanzas River in Florida,N,https://nuforc.org/sighting/?id=194866
241,11/11/1980,1980s,22:00,[UNSPECIFIED],TX,USA,33.97854516,-98.51338008,Light,"A silent beam of light surrounded me from above. There was no craft. The base tower lights were off, so no night flying.",N,https://nuforc.org/sighting/?id=195723
242,28/11/1980,1980s,18:00,Preston,England,United Kingdom,53.75904037,-2.70459063,Oval,"Extremely close UFO with dome top, lights, spinning base chased car; missing time, later implants and beings observed.",N,https://nuforc.org/sighting/?id=196503
243,25/12/1980,1980s,04:00,Echo Bay,ON,Canada,46.48115033,-84.06812353,Disk,Ground-level saucer observed outside the bedroom window.,N,https://nuforc.org/sighting/?id=183339
244,13/03/1981,1980s,12:58,Pell City,AL,USA,33.58633085,-86.28539834,Rectangle,"3' high x 40' wide, silvery or mirror, no lights, no sound, no vibration, quick moving.",N,https://nuforc.org/sighting/?id=183114
245,05/06/1981,1980s,20:00,Henderson,NV,USA,36.03917613,-114.9808668,CIrcle,Was a very very large round black ufo moving slowly over the neighborhood. Dim lights around the edges,N,https://nuforc.org/sighting/?id=198543
246,20/06/1981,1980s,23:45,Oregonia,OH,USA,39.45138976,-84.09419989,Cigar,"Observed large hovering object emitting no sound, with white and red light pattern of light at 100 yards",N,https://nuforc.org/sighting/?id=181929
247,16/07/1981,1980s,21:15,Lovelock,NV,USA,40.17935017,-118.4733067,Other,Object crossed interstate very low in sky and fairly close to our vehicle,N,https://nuforc.org/sighting/?id=182969
248,25/07/1981,1980s,10:15,Brighton,CO,USA,39.98545468,-104.8212357,Disk,A black disk moving in a due west direction at an elevation of approximately 1000 ft.,N,https://nuforc.org/sighting/?id=177707
249,01/09/1981,1980s,19:30,Oxon Hill,MD,USA,38.80346674,-76.98995878,Disk,"UFO hovering over us, the bottom was moving in a circular motion with flashing lights. It was gone quickly with no sound",N,https://nuforc.org/sighting/?id=175579
250,01/10/1981,1980s,20:00,Hesperia,MI,USA,43.56891584,-86.03957855,Oval,Two people in car see green oval object and lost time,N,https://nuforc.org/sighting/?id=67734
251,22/04/1982,1980s,19:00,Dearing,KS,USA,37.05872211,-95.71046349,Disk,"A oval, 40 ft across,silent, green glow on bottom, no seams or external lights. On side had a topaz shaped ,faceted light glowing ,and",N,https://nuforc.org/sighting/?id=196768
252,11/05/1982,1980s,01:00,Thessaloniki,[UNSPECIFIED],Greece,40.64202933,22.94482487,CIrcle,I woke up to being taken out the window. My experience was very pleasant and there were 3 grays. Outer shell of craft was spinning fast,N,https://nuforc.org/sighting/?id=198008
253,01/07/1982,1980s,14:00,Tallahassee,FL,USA,30.43802592,-84.28207284,Circle,Softball-sized bright chrome ball on ground that seemed to be brightly lit from the inside.,N,https://nuforc.org/sighting/?id=182529
254,01/10/1982,1980s,19:00,Penwortham,England,United Kingdom,53.7500641,-2.73568565,Disk,Round disc flew low over the houses,N,https://nuforc.org/sighting/?id=193175
255,24/12/1982,1980s,21:00,Laurel,MD,USA,39.09927913,-76.84839873,Cigar,"Large, silent, glowing yellowish/off-white cigar-shaped object hovered low over a neighbor's house in Laurel, MD, on Christmas Eve 1982",N,https://nuforc.org/sighting/?id=196158
256,21/01/1983,1980s,16:30,[UNSPECIFIED],AZ,USA,34.23118542,-111.3256215,Sphere,Large chrome sphere fallowing mountain top,Y,https://nuforc.org/sighting/?id=186846
257,14/03/1983,1980s,19:15,New York,NY,USA,40.71264029,-74.01728347,Disk,A craft with pulsing red and green lights on it’s ends,N,https://nuforc.org/sighting/?id=188641
258,30/03/1983,1980s,21:30,Bethel,CT,USA,41.37112524,-73.41408027,Rectangle,"A triangular shape, Pie Shape with lights on sides that had no sound and was still until it darted off.",Y,https://nuforc.org/sighting/?id=179877
259,02/04/1983,1980s,00:00,dont know [sic],[UNSPECIFIED - maybe CA?],[UNSPECIFIED],37.1661,19.4494,[UNSPECIFIED],"Hi, I’m writing to you because I wanted to talk to someone professional about my experiences. Never have I heard anyone talk about wha",N,https://nuforc.org/sighting/?id=38086
260,01/05/1983,1980s,21:00,Chesterfield,VA,USA,37.37706568,-77.50498014,CIrcle,"As it neared the full moon, it emitted two bright, white beams of light appeared to abruptly stop in mid-air as if hitting and object.",Y,https://nuforc.org/sighting/?id=197819
261,04/06/1983,1980s,22:00,Jeannette,PA,USA,40.3280902,-79.61500305,Disk,"Late evening sighting, lights moving around silent craft, shape of craft uncertain, sped away faster than eyes could resolve",N,https://nuforc.org/sighting/?id=180757
262,15/06/1983,1980s,15:00,Dearborn,MI,USA,42.32243116,-83.1758164,Disk,Silver disk hovering over a home. Flew up then over a neighborhood towards Southfield freeway.,N,https://nuforc.org/sighting/?id=182864
263,12/07/1983,1980s,18:30,Southfield,MI,USA,42.47353682,-83.22159788,Circle,Black-Round-Silent Object Staring at me,Y,https://nuforc.org/sighting/?id=194459
264,13/07/1983,1980s,18:00,Tallman/Airmont,NY,USA,41.11107552,-74.1000725,Chevron,"Enormous Ship passed over silently, filling entire field of vision & remember Nothing of what happened Immediate after, Until yrs later",N,https://nuforc.org/sighting/?id=171261
265,28/07/1983,1980s,21:30,Greenwood Lake,NY,USA,41.22317786,-74.29451105,Other,Extremely Large Quiet Craft moving slow N/E direction with Static Electric Feeling watched for 3 to 5 minutes,N,https://nuforc.org/sighting/?id=182696
266,05/08/1983,1980s,21:00,Spanaway,WA,USA,47.1039166,-122.4349881,Other,Approaching the intersection of Military Road and Spanaway Loop we saw what looked like a cluster of grapes over the tall trees.,Y,https://nuforc.org/sighting/?id=192164
267,19/08/1983,1980s,20:28,Bridgeport,CT,USA,41.17958078,-73.19158936,Disk,"Saucer or disk moving south to north around sunset, slowly, silent, with lights.",N,https://nuforc.org/sighting/?id=178824
268,01/09/1983,1980s,09:00,Jaloran,Western Australia,Australia,-33.15371051,117.4339784,Disk,My 10-year-old brother was the sole witness and saw a flying saucer hover above a nearby farm dam for 2-3 minutes before it took off.,N,https://nuforc.org/sighting/?id=187956
269,14/10/1983,1980s,23:55,Fair oaks,CA,USA,38.6446218,-121.2719326,Unknown,Ufo moved alongside us then slowly flew over us.,N,https://nuforc.org/sighting/?id=174645
270,19/10/1983,1980s,12:06,Rome,NY,USA,43.21291841,-75.45452998,Unknown,Aircraft's X Band weather detected a large stationary airborne object. FAA airtraffic radar did not detect the object.,N,https://nuforc.org/sighting/?id=171356
271,11/01/1984,1980s,22:00,Chapin,SC,USA,34.16604763,-81.34976362,Circle,"Walking my dog, and a bright yellow ball appeared suddenly in the sky. It chased me to my house.",N,https://nuforc.org/sighting/?id=180235
272,25/02/1984,1980s,20:30,Winter haven,FL,USA,28.02610917,-81.73186143,Circle,Saucer shaped craft with rotating midsection that contained multiple tiny round illuminated windows other multi colored lights all over,N,https://nuforc.org/sighting/?id=178716
273,25/02/1984,1980s,20:30,Winter haven,FL,USA,28.02610917,-81.73186143,Circle,Saucer shaped craft illuminated with multiple colored lights and round port hole windows rotating,Y,https://nuforc.org/sighting/?id=178780
274,06/04/1984,1980s,20:30,Tucson,AZ,USA,32.25263011,-110.9765863,Star,Star burst ship appears in air and shoots across valley lighting up Rincon mountains with search light. Two F15s pursued to no avail.,N,https://nuforc.org/sighting/?id=180043
275,14/05/1984,1980s,03:30,Clinton,MD,USA,38.76506621,-76.89837582,Changing,Would start as a pin point of colored light and expand into a circular shape covering a large portion of the sky.,N,https://nuforc.org/sighting/?id=179523
276,01/06/1984,1980s,21:00,Willis,TX,USA,30.42516351,-95.47962781,Unknown,Large silent craft moving slowly approximately 75 ft above the treetops. It covered the entire field of vision.,N,https://nuforc.org/sighting/?id=196287
277,16/07/1984,1980s,20:28,[UNSPECIFIED],[UNSPECIFIED],International Waters,11.5,-95,Formation,Witnessed fast-moving aerial contacts near USS Wadsworth (FFG-9); Pentagon contacted; nightly events repeated for 5 days.,N,https://nuforc.org/sighting/?id=193594
278,31/07/1984,1980s,21:30,Windom,MN,USA,43.87266812,-95.11130676,Triangle,"Triangle hovered over houses, then suddenly went east, outside town, looking like dot on on the horizon before disappearing.",Y,https://nuforc.org/sighting/?id=188533
279,20/11/1984,1980s,21:00,Columbus,OH,USA,39.96396142,-83.00318771,Rectangle,"Rectangular object hovering over parking lot, apparent occupants, instantaneous acceleration and extreme speed.",Y,https://nuforc.org/sighting/?id=177971
280,16/12/1984,1980s,00:05,Homer,AK,USA,59.64822138,-151.529427,Oval,It was over the top of my ship. Hovered there. Not a sound. It took off and all I could hear was a wind,N,https://nuforc.org/sighting/?id=173307
281,04/05/1985,1980s,18:30,Palm Desert,CA,USA,33.72260509,-116.3743768,Disk,"Round saucer with white lights. Hovered above ground, moved vertically to left, tilted and disappeared. No noise.",N,https://nuforc.org/sighting/?id=199161
282,03/07/1985,1980s,22:00,Frankfort,NY,USA,43.03893642,-75.07038277,Circle,A brownish copper metallic saucer the size of a football field seen. Frankfort NY on hill.,N,https://nuforc.org/sighting/?id=170405
283,20/07/1985,1980s,18:14,Highland Township,IN,USA,39.33624109,-85.00384205,Triangle,Saw a humongous triangular shaped object that was absolutely silent and flying low with white lights in the corners underneath,N,https://nuforc.org/sighting/?id=182005
284,09/08/1985,1980s,21:47,New Milford,CT,USA,41.57675208,-73.40783483,Sphere,"My brother and I saw a UFO in New Milford, CT. some time in the mid-80s in an open field on Second Hill, New Milford, CT",N,https://nuforc.org/sighting/?id=196924
285,14/08/1985,1980s,11:47,Old Greenwich,NY,USA,41.02333911,-73.56478516,Disk,"Enormous craft, broad daylight hovering above my neighbors house",N,https://nuforc.org/sighting/?id=178034
286,20/09/1985,1980s,21:15,Youngstown,OH,USA,41.09975495,-80.6519884,Cigar,"2 objects were hermetically sealed, silent and traveling around cessna speed on approach.",N,https://nuforc.org/sighting/?id=186443
287,30/09/1985,1980s,17:00,Rancho Bernardo,CA,USA,33.03270443,-117.0802219,Disk,The craft was clearly visible no more than 25 feet directly in front of us at about 15 - 20 feet above ground.,N,https://nuforc.org/sighting/?id=139664
288,01/11/1985,1980s,21:00,"[UNSPECIFIED - Somewhere near Fairmont, WV]",WV,USA,39.48523603,-80.14375504,Sphere,My fiancé at the time was coming home and spotted this roughly 100-125 foot diameter sphere. It was roughly 50 yards off the ground,N,https://nuforc.org/sighting/?id=198816
289,23/12/1985,1980s,19:00,Leesville,LA,USA,31.14355431,-93.26101403,Disk,UFO seen from vehicle. Sitting still and then accelerating instantly to supersonic speed.,N,https://nuforc.org/sighting/?id=185246
290,12/03/1986,1980s,11:45,Santa Monica,CA,USA,34.01213019,-118.4907835,Triangle,"Black triangle, est. football field size, 7-9 dim lights, silent, 10-15mph",N,https://nuforc.org/sighting/?id=178326
291,15/05/1986,1980s,12:00,Fleetwood,England,United Kingdom,53.91667907,-3.03605335,Triangle,"A large solid metallic triangle craft, it was so close I could see the panels and rivets.",N,https://nuforc.org/sighting/?id=190281
292,12/06/1986,1980s,21:45,North Wales,PA,USA,40.21104981,-75.27810205,Circle,No sound ..grey color with red and green flat screen panels going across front,N,https://nuforc.org/sighting/?id=193043
293,15/06/1986,1980s,02:00,Louisville,KY,USA,38.24633322,-85.76665108,Unknown,Child saw tall gray-green humanoid on lit porch; entity made telepathic contact abd aimed device causing blackout/missing memory.,Y,https://nuforc.org/sighting/?id=198633
294,10/08/1986,1980s,02:02,St. Cloud,MN,USA,45.55800006,-94.16501629,Circle,"Was taken into the craft, studied by the greys, had surgery performed, taken back to my kitchen after 4 hours.",N,https://nuforc.org/sighting/?id=184114
295,15/10/1986,1980s,16:03,Roswell,NM,USA,33.39458473,-104.5217658,Disk,Report and recreated photograph shown to me of Roswell crash,Y,https://nuforc.org/sighting/?id=190683
296,25/10/1986,1980s,23:45,Fairfield,CT,USA,41.14090582,-73.26129317,Triangle,Slow moving black triangle 1000 ft high directly overhead,N,https://nuforc.org/sighting/?id=175462
297,02/11/1986,1980s,22:00,Anaheim,CA,USA,33.83662495,-117.9146563,Fireball,"While inside a tent at night in my backyard, I saw a glowing fireball descend & stop above a power pole. A being inside observed me.",Y,https://nuforc.org/sighting/?id=174978
298,05/11/1986,1980s,20:10,Tacoma,WA,USA,47.25515574,-122.441618,Other,Red Orb hovering over power transformers at substation.,N,https://nuforc.org/sighting/?id=184759
299,01/01/1987,1980s,23:00,Fruitland,MD,USA,38.32209376,-75.6203929,Rectangle,"While driving during the day we suddenly saw 3-4 large rectangular, battle ship like objects floating in the sky. They were huge!",N,https://nuforc.org/sighting/?id=194532
300,12/01/1987,1980s,07:00,Wrightstown,NJ,USA,40.03611487,-74.61744661,Egg,"I saw this craft flying at slow speed from high altitude to floating 200 ft. above man made wood line, perimeter of ammo dump.",N,https://nuforc.org/sighting/?id=196800
301,26/05/1987,1980s,19:30,Andijan,Andijan region,Uzbekistan,40.81546168,72.28290687,Circle,"Saw it as a kid while playing with soccer ball, felt like time froze",Y,https://nuforc.org/sighting/?id=196877
302,01/06/1987,1980s,22:00,[UNSPECIFIED],[UNSPECIFIED],Brazil,-14.235,-51.9253,Disk,"At 13, my family saw a UFO that stopped our car. I was paralyzed by blue light, met greys, and later contacted by other alien races.",N,https://nuforc.org/sighting/?id=193358
303,01/06/1987,1980s,19:56,Moore,SC,USA,34.83341743,-81.99203466,Oval,"A clear circular bubble with lights of amber, no sound, no noise, no breeze. 10-15 ft above the ground; raised and lowered",N,https://nuforc.org/sighting/?id=194458
304,12/06/1987,1980s,00:10,Southbury,CT,USA,41.47960852,-73.21304923,Circle,A huge black circular disc with colored lights around it. We drove right under it,Y,https://nuforc.org/sighting/?id=187179
305,19/06/1987,1980s,10:50,Sonoita,AZ,USA,31.67928541,-110.6550501,Sphere,"As I left the creek to get to my car parked along the road I looked up and there were 3 huge gray, silent saucer shaped airborne ships.",N,https://nuforc.org/sighting/?id=183190
306,27/06/1987,1980s,20:00,[UNSPECIFIED],LA,USA,31.0689,-91.9967,Triangle,"A huge silent triangle drifted over the house as helicopters and jets circled, then accelerated upward and vanished.",N,https://nuforc.org/sighting/?id=198911
307,14/07/1987,1980s,01:30,Sacramento,CA,USA,38.57667536,-121.5008902,Unknown,An experience with an NHI,Y,https://nuforc.org/sighting/?id=182027
308,25/07/1987,1980s,21:10,Rochester Hills,MI,USA,42.65828209,-83.1515386,Triangle,"Low flying, silent large black triangle shaped craft",N,https://nuforc.org/sighting/?id=199122
309,12/08/1987,1980s,17:45,Louisville,KY,USA,38.24633322,-85.76665108,Rectangle,"Fire, missing time, psychological effect",N,https://nuforc.org/sighting/?id=189408
310,29/08/1987,1980s,12:00,Sonoita,AZ,USA,31.67928541,-110.6550501,Circle,After a morning hike I went back to my van and looked up....3 space craft were flying overhead low enough for me to make out details...,N,https://nuforc.org/sighting/?id=180144
311,18/09/1987,1980s,00:34,Christmas Lake Village,IN,USA,38.11399653,-86.90131108,Disk,Came up the hill to see it hovering over corn field at end of t if rowd,N,https://nuforc.org/sighting/?id=196316
312,20/09/1987,1980s,21:00,Deering,NH,USA,43.07428332,-71.84499603,Disk,"Eyewitness account of an unidentified aerial phenomenon observed by multiple witnesses in West Deering, NH",N,https://nuforc.org/sighting/?id=192158
313,20/05/1988,1980s,14:00,Sonoita,AZ,USA,31.67928541,-110.6550501,Circle,"I was active duty in the USAF, a jet engine mechanic and observed three circular crafts",N,https://nuforc.org/sighting/?id=181203
314,01/08/1988,1980s,04:45,Corpus Christi,TX,USA,27.79566087,-97.40622172,Unknown,Very close but they were hidden in a fog,N,https://nuforc.org/sighting/?id=184831
315,17/08/1988,1980s,02:00,Battle Ground,WA,USA,45.78081585,-122.5371559,Cigar,"Blimp like, very quiet (no sound), moving very slow with warm lights not blinding.",N,https://nuforc.org/sighting/?id=186454
316,18/09/1988,1980s,17:46,Surrey,BC,Canada,49.19190014,-122.8477423,Disk,We witnessed a large ship about 120 feet above us that was disk like ship that stood still with lights on the outer bottom with no soun,Y,https://nuforc.org/sighting/?id=178514
317,09/06/1989,1980s,21:20,Waco,TX,USA,31.55690684,-97.12774052,Triangle,It was at night and I could very visibly see the craft silhouette in the city light . It was 4 to 500 ft up. Speed 20 mph. No sound.,N,https://nuforc.org/sighting/?id=185849
318,01/07/1989,1980s,18:00,Poipu,HI,USA,21.87995455,-159.4575409,Triangle,"Triangle object, 3 lights @ each corner, larger red/yellow light in center",Y,https://nuforc.org/sighting/?id=164502
319,01/07/1989,1980s,17:30,Karaj,Alborz Province,Iran,35.84594024,50.97184657,Disk,Silver disc hovered silently above garden trees. Stationary. Vanished when we moved to see better. No sound or lights. 6 witnesses.,N,https://nuforc.org/sighting/?id=197446
320,07/07/1989,1980s,03:39,Djemaa Beni Habibi,Jijel Province,Algeria,36.81061943,6.12597237,Circle,flying saucer,N,https://nuforc.org/sighting/?id=184603
321,13/07/1989,1980s,20:00,Catonsville,MD,USA,39.27224444,-76.73219384,Triangle,"Edmondson & Rolling Rd driving suddenly HUGE triangle craft is above us silent, VERY low & NO lights. Follow a fee then it vanished",N,https://nuforc.org/sighting/?id=179819
322,13/08/1989,1980s,22:15,Milford,OH,USA,39.17531658,-84.29456868,Triangle,Black equilateral triangle close sighting by two witnesses in the Midwest,N,https://nuforc.org/sighting/?id=199214
323,06/11/1989,1980s,01:00,Washington,DC,USA,38.90660227,-77.03816489,Other,Bizarre silent helicopter,N,https://nuforc.org/sighting/?id=179905
324,15/11/1989,1980s,00:00,Fort Irwin,CA,USA,35.26274296,-116.684621,Triangle,3 white lights in a triangle in a stationary small cloud in a cloudless sky turning every 2-3 seconds 2 hours then off,N,https://nuforc.org/sighting/?id=179710
325,01/06/1990,1990s,20:00,Bridgeton,NJ,USA,39.42755767,-75.23490568,Disk,Disk hovered over my head then took off,N,https://nuforc.org/sighting/?id=189762
326,13/06/1990,1990s,00:41,Danville,CA,USA,37.82206438,-121.9992301,Circle,My brother I saw a large craft in the sky it hovered over us for about 30 sec and was the size of a house,N,https://nuforc.org/sighting/?id=194304
327,21/07/1990,1990s,22:15,Cedar,IA,USA,41.13317775,-92.41,Light,"Hovering above my car saw an Extremely Fast Object hover over me, then it would just rocket at unbelievable speed above Hwy.",N,https://nuforc.org/sighting/?id=176003
328,14/09/1990,1990s,21:20,Ewa Beach,HI,USA,21.3123416,-158.0101238,Sphere,4 active duty Navy see sphere in sky that splits,N,https://nuforc.org/sighting/?id=174678
329,01/10/1990,1990s,19:00,Richmond,VA,USA,37.54153272,-77.43532454,Diamond,Large diamond shaped craft with white lights at each corner and a larger circular red light in the center.,N,https://nuforc.org/sighting/?id=185236
330,24/10/1990,1990s,18:00,"Mutiple places Kelme, Aukstelke, Siauliai",Šiauliai District Municipality,Lithuania,55.9348711,23.31657652,Disk,Disc shaped or upside down hat shaped craft with lights around it.,Y,https://nuforc.org/sighting/?id=176869
331,18/11/1990,1990s,22:30,El Campello,Comunidad Valenciana,Spain,38.42893516,-0.39751091,Disk,Sighting of a dramatic rotating luminous object in El Campello,Y,https://nuforc.org/sighting/?id=198348
332,15/01/1991,1990s,00:15,[UNSPECIFIED],[UNSPECIFIED],[UNSPECIFIED - A Desert Storm staging area],29.3,46.7,Sphere,A white light descended from high altitude with no noise then moved slowly along unit area as a burning ball that changed colors.,N,https://nuforc.org/sighting/?id=184612
333,18/01/1991,1990s,23:00,Szolnok,Jász Nagykun Szolnok County,Hungary,47.1619343,20.18263936,Other,"Large bright object slowly and silently glided across the sky, then instantly accelerated and disappeared.",Y,https://nuforc.org/sighting/?id=174952
334,07/02/1991,1990s,16:00,Chouteau,OK,USA,36.18594232,-95.34303433,Egg,"Egg shaped craft, silver, lights, orbs,",N,https://nuforc.org/sighting/?id=182138
335,15/06/1991,1990s,21:15,Faydat Ibn Shaman,Northern Borders Province,Saudi Arabia,31.29952787,41.09734302,Unknown,Bipedal Creature 5 feet rall or shorter,N,https://nuforc.org/sighting/?id=198988
336,19/08/1991,1990s,08:15,Belton,TX,USA,31.05588241,-97.46441824,Sphere,"Some type of Electrically Propelled, composite fuselage, Craft floated overhead at a slow speed, heading toward Ft. Hood Army Post.",Y,https://nuforc.org/sighting/?id=176367
337,01/10/1991,1990s,14:00,Algiers (Algeria),[UNSPECIFIED],Algeria,36.7389328,3.08671462,Disk,Silver-colored aircraft over Algeria.,Y,https://nuforc.org/sighting/?id=139102
338,21/10/1991,1990s,20:30,Buncrana,County Donegal,Ireland,55.13656825,-7.45607368,Triangle,A very large black triangle stationary in the sky.,N,https://nuforc.org/sighting/?id=184291
339,01/11/1991,1990s,23:00,Aiken,SC,USA,33.56115632,-81.72065333,Rectangle,Large rectangle hovering over house,N,https://nuforc.org/sighting/?id=197099
340,05/01/1992,1990s,17:45,Sullivan's Island,SC,USA,32.76336884,-79.83629245,Other,in attachment,Y,https://nuforc.org/sighting/?id=179373
341,05/04/1992,1990s,20:00,San Francisco,CA,USA,37.77463341,-122.4175338,Changing,A black triangle that morphed into 9 white orbs,N,https://nuforc.org/sighting/?id=183026
342,18/04/1992,1990s,12:55,Cheshire,CT,USA,41.50894035,-72.91023723,Circle,"As a child in Cheshire, CT, I saw a light silver, disc-shaped object move very fast and hover silently overhead",N,https://nuforc.org/sighting/?id=196389
343,12/05/1992,1990s,19:45,Corydon,IN,USA,38.211975,-86.12199734,Sphere,Large Yellow/orange sphere sailed over highway from North to South,Y,https://nuforc.org/sighting/?id=181259
344,01/06/1992,1990s,20:30,Orfordville,WI,USA,42.62748633,-89.25331494,Triangle,Triangle hovering and when moving rapidly changing direction,N,https://nuforc.org/sighting/?id=176265
345,15/06/1992,1990s,18:00,Area 51,NV,USA,37.24041622,-115.8035948,Oval,"4 adults video tape object over area 51 in Nevada. Video shown on 2 different episodes of ""Unsolved Mysteries"".",N,https://nuforc.org/sighting/?id=1886
346,15/06/1992,1990s,20:00,River Falls,WI,USA,44.85991385,-92.62580959,Triangle,"I and my brother were sitting on swings in a school playground, when a trianguler shaped object appeared.",N,https://nuforc.org/sighting/?id=1879
347,01/07/1992,1990s,22:00,Botwood,NL,Canada,49.1423911,-55.34487181,Triangle,Triangle UFO light tec emotion tec,N,https://nuforc.org/sighting/?id=165828
348,25/07/1992,1990s,19:40,Fairfield,VT,USA,44.80255567,-72.9455816,Disk,Large orange saucer hovering over tree line about 80’ off the ground over a pond 200 yards from the house I grew up in.,N,https://nuforc.org/sighting/?id=197340
349,09/08/1992,1990s,18:00,Portage,IN,USA,41.57610376,-87.17616328,Other,"Large square with rounded corners, bright lights on corners with red pulsing light in middle. Hovering silent above trees.",Y,https://nuforc.org/sighting/?id=198033
350,22/08/1992,1990s,01:30,Antrobus,England,United Kingdom,53.31290918,-2.53755464,Triangle,Floated above the lake towards us and then over us,Y,https://nuforc.org/sighting/?id=187033
351,17/11/1992,1990s,21:00,Camden,AR,USA,33.5835084,-92.83402005,Triangle,Black triangle hovered over our road for 5-10 mins in early 1990’s. My sister and I both experienced it,N,https://nuforc.org/sighting/?id=194253
352,01/01/1993,1990s,19:00,Parkes,New South Wales,Australia,-33.13479014,148.173721,Egg,"Travelling between Parkes and Orange, stationary hovering craft approx 300-500 metres from road",Y,https://nuforc.org/sighting/?id=185053
353,31/03/1993,1990s,13:10,Newbridge,County Kildare,Ireland,53.17509915,-6.80494247,Changing,"My dog started barking at roughly ten past one, I went outside with him into my father's field I saw a v shape huge ufo. No sound.",N,https://nuforc.org/sighting/?id=191927
354,24/04/1993,1990s,21:00,Glendale,CA,USA,34.146369,-118.250194,Circle,"30 years ago I saw a UFO, Glendale CA",N,https://nuforc.org/sighting/?id=179478
355,12/05/1993,1990s,02:00,San Diego,CA,USA,32.715511,-117.1613712,Cylinder,It came out of the water vertically,N,https://nuforc.org/sighting/?id=188592
356,15/05/1993,1990s,11:43,Marine Corps Base Camp Foster,Okinawa Prefecture,Japan,26.30467044,127.7636114,Other,Slowly hovering over the military base towards the Ocean.,N,https://nuforc.org/sighting/?id=177514
357,20/05/1993,1990s,03:00,Palm City,FL,USA,27.16830937,-80.26706401,Light,"Light on horizon zipping around, over several nights, then approached house last night",N,https://nuforc.org/sighting/?id=178651
358,16/06/1993,1990s,06:00,Pottsville,TX,USA,31.67375734,-98.32370608,Unknown,UFO in trees at Central Texas farm with possible entity(?),N,https://nuforc.org/sighting/?id=183810
359,01/07/1993,1990s,12:00,Lexington,KY,USA,38.03905671,-84.51671306,Teardrop,"Craft in Lexington, teardrop shaped, near University of Kentucky, appearing to children.",Y,https://nuforc.org/sighting/?id=144954
360,29/07/1993,1990s,20:59,Caister on sea.,Norfolk,United Kingdom,52.64877178,1.72529788,Diamond,Black kite/Diamond with lights at each point.,N,https://nuforc.org/sighting/?id=177087
361,01/08/1993,1990s,19:30,Paducah,KY,USA,37.08417425,-88.59813946,Cylinder,"Gray, rotating cylinders above our house",N,https://nuforc.org/sighting/?id=183370
362,05/08/1993,1990s,23:50,Trbovlje,Trbovlje,Slovenia,46.15022533,15.04501919,Circle,Floating in the air with lights.,N,https://nuforc.org/sighting/?id=186296
363,20/08/1993,1990s,18:20,Layton,UT,USA,41.06016173,-111.9717904,Disk,"Hovering disc zips away in an instant, begins to return, zips away again and is followed by four F-16's",N,https://nuforc.org/sighting/?id=182439
364,04/09/1993,1990s,12:00,New York,NY,USA,40.71264029,-74.01728347,Triangle,September 1993 saturday morning i was riding my dirtbike I stopped to fuel up get a drink out of my backpack and noticed a odd triangle,Y,https://nuforc.org/sighting/?id=186924
365,01/01/1994,1990s,01:00,Rancho Santa Margarita,CA,USA,33.63890435,-117.6028069,Chevron,"A craft hovering outside a large backroom window, seemingly pulsating shape as if a large manta ray.",N,https://nuforc.org/sighting/?id=185709
366,05/02/1994,1990s,21:37,Aarhus,[UNSPECIFIED],Denmark,56.16284854,10.20462272,Disk,"Observed ultra-bright red object in sky; it approached, changed colors, revealed beings in portholes, then shot off at extreme speed.",N,https://nuforc.org/sighting/?id=189370
367,01/03/1994,1990s,02:00,"Atlantic Ocean (inflight, USN P-3)",[UNSPECIFIED],Atlantic Ocean,0,-30,Cylinder,Dramatic P-3 Orion Encounter,N,https://nuforc.org/sighting/?id=43302
368,03/05/1994,1990s,00:00,University Place,WA,USA,47.23482615,-122.5505161,Disk,Enroute to local park in the middle of the night me and 3 high school friends spotted a UAP/UFO hovering before zipping off.,N,https://nuforc.org/sighting/?id=184423
369,01/06/1994,1990s,20:00,Orlando,FL,USA,28.53724731,-81.38331993,Light,"Bright ball of light hovers, goes up, flies, then disappears.",N,https://nuforc.org/sighting/?id=180199
370,15/06/1994,1990s,01:00,Cerritos,San Luis Potosi,Mexico,22.43208505,-100.2836759,Disk,Close encounter,N,https://nuforc.org/sighting/?id=196281
371,15/06/1994,1990s,21:00,Mountain Lake Park,MD,USA,39.39811933,-79.38261341,Rectangle,Craft was around 300ft with 3 dome lights in each corner.,N,https://nuforc.org/sighting/?id=186608
372,15/06/1994,1990s,22:00,Dixon,MT,USA,47.31639865,-114.3146641,Triangle,"Walking home that night, everything went quiet, in the dark sky I could see a large triangle that was darker than the night sky moving",N,https://nuforc.org/sighting/?id=174608
373,30/06/1994,1990s,20:00,Canton,OH,USA,40.79654156,-81.37555543,Other,Hovering object just above rooftops,N,https://nuforc.org/sighting/?id=178429
374,01/07/1994,1990s,20:00,Nendaz,Valais,Switzerland,46.18323555,7.2942552,Disk,It passed overhead and it stopped.,N,https://nuforc.org/sighting/?id=195789
375,12/07/1994,1990s,06:30,[UNSPECIFIED],Westmoreland Parish,Jamaica,18.29250684,-78.15701829,Cylinder,Tan colored blimp-like craft with large poles and windows with loud humming sound,N,https://nuforc.org/sighting/?id=190840
376,15/07/1994,1990s,23:30,Henderson,TX,USA,32.15342332,-94.80010419,Triangle,Witnessed black triangle possibly surveilling over homes.,N,https://nuforc.org/sighting/?id=191309
377,06/08/1994,1990s,03:30,Bronkhorstspruit,Gauteng,South Africa,-25.80542436,28.75043916,Orb,Driving past a metal grey hot glowing sphere hovering about a meter off the ground.,N,https://nuforc.org/sighting/?id=191628
378,12/08/1994,1990s,20:30,Athens,MO,USA,40.582537,-91.698497,Disk,"Fishing in evening w/ friend, disk appeared slowly over tree line above us and lowered over river and followed river until out of sight",N,https://nuforc.org/sighting/?id=180524
379,08/10/1994,1990s,19:00,Piru,CA,USA,34.41527329,-118.794099,Disk,Huge low flying craft,N,https://nuforc.org/sighting/?id=179733
380,19/12/1994,1990s,18:00,[UNSPECIFIED],NY,USA,42.9538,-75.5268,Disk,Christmas UFO,N,https://nuforc.org/sighting/?id=195081
381,29/12/1994,1990s,21:45,La Crosse,WA,USA,46.81405375,-117.8816303,Chevron,"Three seemingly identical black, delta-shaped, ships with a very bright yellow or white ""headlight.""",Y,https://nuforc.org/sighting/?id=226
382,30/12/1994,1990s,03:00,Groveton,NH,USA,44.59897252,-71.51157536,Disk,The craft moved swiftly and then seemed to stay still sometimes. Followed us while driving for several miles.,N,https://nuforc.org/sighting/?id=175932
383,07/01/1995,1990s,17:30,McMinnville,TN,USA,35.68627226,-85.78000264,[UNSPECIFIED],"TN Emer. Man. Agency reports UFO-related flash/explosion near McMinnville, TN. 8-page fax from sheriff's office. Fed. agents.",N,https://nuforc.org/sighting/?id=250
384,27/01/1995,1990s,22:15,Tigard,OR,USA,45.42683023,-122.7786544,Other,"Oblong UFO/UAP seen in skies over Tigard, Oregon",Y,https://nuforc.org/sighting/?id=199119
385,02/02/1995,1990s,20:10,Traverse City,MI,USA,44.76283849,-85.62237969,[UNSPECIFIED],"4 children report seeing disc above them; bathed them in white light. Missing time, clothes. Other observers. Dramatic.",N,https://nuforc.org/sighting/?id=114
386,01/05/1995,1990s,00:00,Killen,AL,USA,34.86297273,-87.5374871,Cylinder,Similar to Die Glocke,N,https://nuforc.org/sighting/?id=182305
387,24/05/1995,1990s,20:00,[UNSPECIFIED],PA,USA,40.18442678,-75.14003676,Other,A large craft hovered over the car. Next thing we knew we were parked on the side of the road and watched the craft dissappear,N,https://nuforc.org/sighting/?id=185908
388,02/06/1995,1990s,15:45,[UNSPECIFIED],OR,USA,45.5229,-123.095,Disk,"USAF F-16 chasing unknown craft over Washington County, Oregon",Y,https://nuforc.org/sighting/?id=198791
389,09/06/1995,1990s,21:23,Canora,SK,Canada,51.63375376,-102.4377145,Cylinder,Myself and wife were abducted for 12 hours.,N,https://nuforc.org/sighting/?id=189813
390,11/06/1995,1990s,13:00,Brooklyn,NY,USA,40.67853768,-73.9455252,Cylinder,30 foot high by 15 foot wide Metallic silver smooth cylinder with silently travels from south to north about 100 feet off the ground.,Y,https://nuforc.org/sighting/?id=177429
391,13/06/1995,1990s,16:00,Hicksville,NY,USA,40.77296229,-73.52792963,Circle,Driving on regular suburban street,N,https://nuforc.org/sighting/?id=183938
392,14/06/1995,1990s,16:00,Sankt Augustin,North Rhine Westphalia,Germany,50.7725213,7.18487607,Disk,Classic flying saucer with extreme acceleration,N,https://nuforc.org/sighting/?id=185939
393,15/06/1995,1990s,00:30,Destin,FL,USA,30.38959595,-86.48327742,Orb,Boomerang-shaped craft with rectangular windows craft descended from high altitude and came to a mid-air stop over Choctawatchee bay,Y,https://nuforc.org/sighting/?id=198778
394,22/06/1995,1990s,02:30,Worksop,Nottinghamshire,United Kingdom,53.30943531,-1.1222754,Disk,Blocky looking flying saucer.,N,https://nuforc.org/sighting/?id=177277
395,22/06/1995,1990s,02:30,Worksop,Nottinghamshire,United Kingdom,53.30943531,-1.1222754,Disk,Blocky looking flying saucer.,N,https://nuforc.org/sighting/?id=177088
396,28/06/1995,1990s,23:50,"Bass River, Yarmouth",MA,USA,41.70483948,-70.19311289,Triangle,2 nights in a row,N,https://nuforc.org/sighting/?id=178555
397,08/07/1995,1990s,01:30,Billingham,[UNSPECIFIED],United Kingdom,54.61252947,-1.2918517,Disk,Double disc with bell shaped dome 6 foot of ground 5 foot in front of me,N,https://nuforc.org/sighting/?id=183574
398,13/07/1995,1990s,22:30,Papa flight area,WY,USA,43.00211386,-107.5779928,Other,We were responding to an alarm at a peacekeeper missle site in Wyoming. I was a AFC in the United States Air Force.,N,https://nuforc.org/sighting/?id=176888
399,01/08/1995,1990s,19:45,Crown City,OH,USA,38.59095467,-82.28281219,Other,"Dark, silent slab-like craft seen above uncle’s house at dusk with cousin; vanished instantly, left no trace.",N,https://nuforc.org/sighting/?id=192390
400,05/08/1995,1990s,19:30,Stara Zagora,Stara Zagora,Bulgaria,42.42660295,25.6344746,Disk,UFO,N,https://nuforc.org/sighting/?id=193273
401,19/08/1995,1990s,22:30,Portland,OR,USA,45.51325274,-122.6811758,Other,"Strange object seen while exiting a tunnel on Hwy 26 in Porland, Oregon",Y,https://nuforc.org/sighting/?id=196635
402,25/08/1995,1990s,01:30,Breezewood,PA,USA,39.9994254,-78.23873764,[UNSPECIFIED],"Prof. race car driver encounters bizarre, bright blue obj. hovering above ground in lonely valley. Obj. strobes blue, green, streaks",N,https://nuforc.org/sighting/?id=770
403,25/08/1995,1990s,00:40,Adamsville,PA,USA,41.51118363,-80.36978062,[UNSPECIFIED],"Mother, daughter, friend witness huge, lighted ball streak overhead. ""Turned whole sky blue."" Flew N to S. Size of full moon.",N,https://nuforc.org/sighting/?id=753
404,15/09/1995,1990s,22:00,New York City,NY,USA,40.71264029,-74.01728347,[UNSPECIFIED],"Woman reports many passengers aboard Staten Isl. ferry witness huge craft rise from, roil water! Excellent report! Video prepared.",N,https://nuforc.org/sighting/?id=835
405,10/10/1995,1990s,05:30,Sequim,WA,USA,48.07944056,-123.1020394,Disk,"Directly over the Old Olympic at about 35 mph fr e to w. It was approx.50 ft.across,quiet w/dome,band of lights spinning,craft stationa",N,https://nuforc.org/sighting/?id=180248
406,15/10/1995,1990s,02:30,Four Corners,TX,USA,29.67675383,-95.66444262,Other,"I saw a HUGE Ufo the size of a department store & shaped like a 3 story house with gables, etc.",N,https://nuforc.org/sighting/?id=183709
407,13/11/1995,1990s,03:42,Woodinville,WA,USA,47.75434892,-122.1629859,Light,"I woke up to a bright light shining in my window, heard strange and scary sounds, and have missing time (suspected abduction)",N,https://nuforc.org/sighting/?id=181740
408,10/03/1996,1990s,20:00,[UNSPECIFIED],AL,USA,32.7794,-86.8287,Circle,"400 feet above us, very very close a bright white/blueish ball appeared. Then it came down to us right above the tree line and stopped.",N,https://nuforc.org/sighting/?id=187319
409,16/03/1996,1990s,17:55,"Pearl River, NY",NY,USA,41.05895788,-74.02138836,Oval,"My husband and I saw a UFO in daylight, pretty close.",Y,https://nuforc.org/sighting/?id=176207
410,15/04/1996,1990s,21:30,Perth (Australia),[UNSPECIFIED],Australia,-31.95228734,115.8612363,Triangle,Triangular object with smaller objects joining with it. 3 witnesses.,N,https://nuforc.org/sighting/?id=50230
411,09/05/1996,1990s,20:30,Springfield,LA,USA,30.42902376,-90.54866958,Triangle,"Triangle craft with 3 lights, no sound and flying low.",N,https://nuforc.org/sighting/?id=176426
412,05/06/1996,1990s,03:00,Buckeye,AZ,USA,33.37057043,-112.5840443,Light,This thing was cloaked with some light bending tech. producing only a quiet barely perceptible hum,N,https://nuforc.org/sighting/?id=179580
413,09/07/1996,1990s,00:30,Traverse City,MI,USA,44.76283849,-85.62237969,Sphere,Three orange balls in triangle formation. Fourth orange ball North at a distance. It joined the other three. Then departed.,Y,https://nuforc.org/sighting/?id=171028
414,13/07/1996,1990s,22:30,Charlotte,NC,USA,35.22709993,-80.83933988,Circle,"1 circular object, red, yellow, green, blue lights spinning, smaller version moves out, up accelerates abnormal speed out of site!!",N,https://nuforc.org/sighting/?id=176174
415,17/07/1996,1990s,22:45,Aloha,OR,USA,45.49419973,-122.8669519,Disk,Brief memory of very large disc soaked UFO with lights in sky above me,N,https://nuforc.org/sighting/?id=189661
416,26/07/1996,1990s,21:15,Midway,AR,USA,36.3851839,-92.46204352,Light,"Silent Orb Emits Blue Beam, Four Witnesses, 2+ Hours Missing Time — Midway, AR 199Terrifying",N,https://nuforc.org/sighting/?id=196405
417,14/08/1996,1990s,16:00,Vancouver,BC,Canada,49.2814521,-123.1194434,Unknown,Alien encounter,N,https://nuforc.org/sighting/?id=177595
418,31/08/1996,1990s,20:00,Heroica Nogales,Sonora,Mexico,31.30109063,-110.9366954,Disk,"i saw a ufo with ""frosted windows"" or panels around, dark gray with a red light underneath in the middle.",Y,https://nuforc.org/sighting/?id=188052
419,07/09/1996,1990s,19:30,Monroe,LA,USA,32.50941417,-92.11915938,Disk,Dark Gray Disc shaped craft moving from south to north with lights rotating in a circle on the bottom of it.,N,https://nuforc.org/sighting/?id=185616
420,01/02/1997,1990s,02:00,"Terrace, BC",BC,Canada,54.51835496,-128.6028213,Triangle,Black Triangle approx mile across moving slowly (5 mph est) west direction at 4000 to 6000 foot elevation to clear mountains,N,https://nuforc.org/sighting/?id=176086
421,13/03/1997,1990s,21:00,Gila Bend,AZ,USA,32.94726365,-112.7157977,Other,I encountered two flying upside down pyramids traveling west in a sweeping formation close to the ground.,N,https://nuforc.org/sighting/?id=198908
422,13/03/1997,1990s,21:30,Gaithersburg,MD,USA,39.14401289,-77.20114107,Formation,"My wife, kids and I witnessed a V formation of six copper colored objects that crossed the entire sky in a few seconds.",N,https://nuforc.org/sighting/?id=172789
423,01/04/1997,1990s,22:30,Wyandotte,MI,USA,42.21419841,-83.14988177,Triangle,No lights or sound.,N,https://nuforc.org/sighting/?id=185501
424,15/05/1997,1990s,22:00,Penn Valley,CA,USA,39.1960635,-121.1909015,Disk,I witnessed a classic-style saucer about 50 feet above me with a flat circular bottom that had 3 revolving circular lights.,N,https://nuforc.org/sighting/?id=196563
425,27/05/1997,1990s,11:33,[UNSPECIFIED],[UNSPECIFIED],Australia,-33.59983846,151.120115,Rectangle,a black metallic mass that looked similar to an aircraft carrier on its side (approx length 1500ft long-200-400ft across),N,https://nuforc.org/sighting/?id=2047
426,31/05/1997,1990s,23:00,Baker City,OR,USA,44.77482751,-117.8342035,Circle,Moving lights in the sky.,Y,https://nuforc.org/sighting/?id=176940
427,01/06/1997,1990s,00:43,Fruitland Park,FL,USA,28.86120967,-81.90693465,Oval,"UFO over Lake Griffin, in Fruitland Park Florida 1997",Y,https://nuforc.org/sighting/?id=190679
428,06/06/1997,1990s,02:45,Waseca,MN,USA,44.07693287,-93.50820311,Triangle,"Dark triangle craft spotted (no lights) hovering in the sky, silently.",Y,https://nuforc.org/sighting/?id=180018
429,07/06/1997,1990s,23:00,Vinemont,AL,USA,34.24307364,-86.87524349,Triangle,"Saw it through my open sunroof, 50 feet directly above me. Made of giant i-beams only, with holes and rivets, no lights, no sound.",N,https://nuforc.org/sighting/?id=195226
430,07/06/1997,1990s,06:30,Liao Yang Shi,Liao Ning Sheng,China,41.26975433,123.2374184,Triangle,"Solid white equilateral triangle, stationary, silent. Red light flashed faster when observed, then contracted into red light and vanish",N,https://nuforc.org/sighting/?id=198214
431,14/06/1997,1990s,21:00,Hagerstown,MD,USA,39.64148946,-77.72039024,Disk,Seen hovering over next door neighbors home. All sound extinguished in surrounding area multi colored rotating lights underneath,N,https://nuforc.org/sighting/?id=196153
432,15/06/1997,1990s,18:00,Borrego Springs,CA,USA,33.25344637,-116.3749599,Orb,"Superstition Hill UFO sighting summer 1997 I went camping off of Old Kane Springs Road, Borrego Springs, California just south of High",Y,https://nuforc.org/sighting/?id=132106
433,04/07/1997,1990s,22:00,"Granite City (5min.from St.Louis,MO.)",IL,USA,38.70157213,-90.1487552,Light,A blue-green light moved so fast across the sky I had to turn my head to keep up with it.,N,https://nuforc.org/sighting/?id=2496
434,04/07/1997,1990s,23:45,Great Falls,MT,USA,47.50553838,-111.3015945,Circle,Followed by large glowing ball on moonless night.,N,https://nuforc.org/sighting/?id=176825
435,07/07/1997,1990s,21:35,Cardiff,Wales,United Kingdom,51.48352379,-3.16870535,Triangle,Triangular shape very large craft,N,https://nuforc.org/sighting/?id=191830
436,09/07/1997,1990s,21:00,Marine on Saint Croix,MN,USA,45.19799093,-92.77081693,Triangle,"Equilateral triangle: So close I cud have hit it w/a rock, low humming noise, no fuselage, big red center circular light",N,https://nuforc.org/sighting/?id=197917
437,13/07/1997,1990s,18:30,Balfour,Mpumalanga,South Africa,-26.64955679,28.59160391,Disk,Silent pulsating light from the size of a dinner plate to about 4 meters in diameter,N,https://nuforc.org/sighting/?id=172919
438,27/07/1997,1990s,19:33,Between Santa Cruz and Davenport Ca,CA,USA,36.96613261,-122.1079703,Orb,"Noticed in rear view mirror object depending slowly behind us and to our left. Came forward towards us and paralleled our car,",N,https://nuforc.org/sighting/?id=178462
439,30/07/1997,1990s,22:00,Geneva,OH,USA,41.8052624,-80.9476448,Rectangle,A large craft came in from over the lake and proceeded to track us as we ran towards our car.,N,https://nuforc.org/sighting/?id=185145
440,31/08/1997,1990s,01:00,Saratov,Saratov Oblast,Russia,51.55238969,46.01543295,Other,Flying machine.,N,https://nuforc.org/sighting/?id=188578
441,07/09/1997,1990s,12:00,Gulf of Mexico,LA,USA,28.5,-90.5,Cigar,Mercury colored Cigar shaped USO surfaced near Oil Plarform in Gulf of Mexico,N,https://nuforc.org/sighting/?id=67637
442,10/09/1997,1990s,19:32,Tonopah,AZ,USA,33.49346592,-112.9370898,Triangle,Craft came in contact with us in our RV,N,https://nuforc.org/sighting/?id=179669
443,20/09/1997,1990s,02:00,Nottingham,England,United Kingdom,52.95378717,-1.15564463,Triangle,"Triangular, 3 dimensional, lower section, smaller than top section, what seemed to be entrance /exit ports, no glasses that I could see",N,https://nuforc.org/sighting/?id=188500
444,31/10/1997,1990s,19:49,Airway Heights,WA,USA,47.64416787,-117.5933368,Oval,Saw a Bright Green low flying object with 2 others twice,N,https://nuforc.org/sighting/?id=181244
445,05/11/1997,1990s,17:30,Danbury,CT,USA,41.39237647,-73.45384242,Triangle,I saw an HUGE set of lights almost the same as the Phoenix sitings except both front sides of the mile wide triangle had white lights.,N,https://nuforc.org/sighting/?id=183908
446,02/12/1997,1990s,02:27,Nelson,England,United Kingdom,53.83530159,-2.2195674,Formation,16-20,Y,https://nuforc.org/sighting/?id=199063
447,24/12/1997,1990s,23:55,Lawton,OK,USA,34.60736483,-98.39248093,Triangle,I was standing at the door looked up and saw a huge triangle shaped aircraft moving silently from south to north.,Y,https://nuforc.org/sighting/?id=195862
448,24/12/1997,1990s,23:55,Lawton,OK,USA,34.60736483,-98.39248093,Triangle,A huge craft silently and slowly moving south to north. Low diffuse lights barely perceptible along the edges,Y,https://nuforc.org/sighting/?id=189912
449,12/03/1998,1990s,19:00,Stantonbury,England,United Kingdom,52.0662775,-0.76872299,Triangle,Black Triangle shaped UFO/UAP,Y,https://nuforc.org/sighting/?id=189331
450,01/04/1998,1990s,03:00,[UNSPECIFIED - Multiple US locations mentioned],[UNSPECIFIED],[UNSPECIFIED - Highly likely to be in the USA],39,-98,Triangle,"Around five years ago, while on one of my many engineering rated work assignments, I spotted three very large triangular objects",N,https://nuforc.org/sighting/?id=45433
451,01/05/1998,1990s,03:00,Houston,TX,USA,29.75929646,-95.36831125,Other,At 3 am I took my dog to my front yard & ended up down the st staring at a HUGE UFO right above me. It then shot south in a second.,N,https://nuforc.org/sighting/?id=195786
452,10/05/1998,1990s,19:00,Contorno,Paraná,Brazil,-25.098491,-50.201342,CIrcle,Circular object with lights rotating along the edges.,N,https://nuforc.org/sighting/?id=198485
453,22/05/1998,1990s,23:00,Issaquah,WA,USA,47.5300239,-122.032801,Triangle,"Green triangular craft just above the tree tops, moving very slowly than taking off quickly",N,https://nuforc.org/sighting/?id=194151
454,30/06/1998,1990s,02:30,Coaldale,AB,Canada,49.72787144,-112.6226303,Disk,"Silent 20-foot silver disc with rotating red and blue ring lights, casting a bright white glow beneath it.",N,https://nuforc.org/sighting/?id=199215
455,08/07/1998,1990s,22:30,Mosney Accomodation Centre,County Meath,Ireland,53.66296569,-6.23749887,Disk,"A huge disk shaped UFO glided over the roof top of the apartments, turned around and slowly disappeared in the distance",N,https://nuforc.org/sighting/?id=187827
456,28/07/1998,1990s,02:00,Aldershot,England,United Kingdom,51.24841789,-0.75592068,Triangle,I woke up around 2 am to a humming sound.,N,https://nuforc.org/sighting/?id=185842
457,01/08/1998,1990s,20:00,Port Arthur,TX,USA,29.87142233,-93.93411144,Triangle,Low flying triangle with purple beam,N,https://nuforc.org/sighting/?id=193339
458,01/08/1998,1990s,21:00,Amherst,MA,USA,42.37623138,-72.51956467,Triangle,"Black craft, flat triangle shaped on bottom, pyramid-like on top/from side, hovering silently, moved slowly, then instantly sped off",N,https://nuforc.org/sighting/?id=176365
459,12/08/1998,1990s,23:45,Bryant,AL,USA,34.94418196,-85.63073093,Triangle,Black triangle with white lights at approximately 150 yards elevation witnessed from 225 yards distance,Y,https://nuforc.org/sighting/?id=184287
460,15/09/1998,1990s,16:00,Dallas,TX,USA,32.77568402,-96.79940049,Unknown,The objects sighted appeared to be ordinary helicopters. There was a great deal of strangeness around the sighting.,N,https://nuforc.org/sighting/?id=197342
461,18/09/1998,1990s,23:58,Clinton,CT,USA,41.28798269,-72.52876815,Circle,Standing on my back deck at approximately midnight having a cigarette before going to bed a green sphere appeared at tree top level,N,https://nuforc.org/sighting/?id=177644
462,08/10/1998,1990s,16:30,Albuquerque,NM,USA,35.08235394,-106.6519854,Cigar,Flew within 30ft of craft off my right wingtip,N,https://nuforc.org/sighting/?id=187554
463,21/10/1998,1990s,19:00,Blue Springs,MS,USA,34.4015968,-88.87245172,Triangle,"Triangle craft dropped from sky straight down thru clouds, hovered for a second in place, then shot off south and intense rate of speed",N,https://nuforc.org/sighting/?id=192114
464,23/10/1998,1990s,16:00,Springfield,MA,USA,42.10112607,-72.58901055,Triangle,"Large black triangle, very low, slow, and silent",N,https://nuforc.org/sighting/?id=177324
465,01/11/1998,1990s,01:00,GreenBay,WI,USA,44.51263926,-88.01167698,Circle,"1998 GreenBay, WI Sightings of 3 Bright Lights Hovering over Legacy Funeral Home then Became 1 BIG LIGHT and SHOT UP to skies",N,https://nuforc.org/sighting/?id=165596
466,17/11/1998,1990s,17:30,Ermioni,[UNSPECIFIED],Greece,37.38713885,23.24680345,Disk,"A massive, dome-topped UFO hovering silently in the sky",N,https://nuforc.org/sighting/?id=186456
467,10/02/1999,1990s,23:00,Lake Makokibatan (Canada),ON,Canada,51.27600924,-87.33682099,Orb,Orange sphere descends and touches surface of wilderness lake.,N,https://nuforc.org/sighting/?id=56407
468,10/03/1999,1990s,19:00,Newark,DE,USA,39.68415951,-75.74990996,Triangle,"Bright light, tubular V shaped visible against blue sky",N,https://nuforc.org/sighting/?id=176109
469,11/04/1999,1990s,20:30,Mcminnville,TN,USA,35.68627226,-85.78000264,Triangle,"Noticed a light beaming down on the residence and area listed. We stopped, no noise, no environmental disturbance, gone in an instant.",Y,https://nuforc.org/sighting/?id=177376
470,01/06/1999,1990s,16:00,Alpine,CA,USA,32.8353401,-116.7672359,Changing,"This came into my home. A large round saffire blue craft, with 3 smaller ones flying out of it. A symmetrical pyramid shaped object .",N,https://nuforc.org/sighting/?id=189783
471,16/06/1999,1990s,19:30,Bedford,VA,USA,37.33451789,-79.52290325,Triangle,Black triangle seen hovering over on ramp to HWY 460.,N,https://nuforc.org/sighting/?id=181908
472,18/06/1999,1990s,12:30,Winnie,TX,USA,29.82011811,-94.38410073,Rectangle,Rectangular UFO above a Cell Phone Tower,N,https://nuforc.org/sighting/?id=195633
473,02/07/1999,1990s,22:00,Union City,CA,USA,37.59325436,-122.044015,Disk,"I saw a UFO outside my window. it hovered in place for only a few seconds, and then zoomed off into space.",N,https://nuforc.org/sighting/?id=198460
474,12/07/1999,1990s,01:30,Livermore,CA,USA,37.68200707,-121.7680276,Triangle,We saw a very large triangular craft traveling north to south. No sound. Stars disappeared behind it.,N,https://nuforc.org/sighting/?id=197525
475,01/08/1999,1990s,19:00,Chicago,IL,USA,41.88115476,-87.63301383,Oval,Had an extremely close sighting of a UFO,N,https://nuforc.org/sighting/?id=194100
476,25/08/1999,1990s,17:30,Lake Como,PA,USA,41.8503826,-75.33508332,Changing,"Slow motion fireball, interview, follow up craft",Y,https://nuforc.org/sighting/?id=184206
477,19/12/1999,1990s,15:00,Rio Piedras,PR,USA,18.3898141,-66.04071077,Rectangle,A huge rectangular craft with metal ibeams containg a yellow cylinder I was on the roof of my house about to clean the leaves wh,N,https://nuforc.org/sighting/?id=68600
478,07/01/2000,2000s,01:10,Elmendorf AFB,AK,USA,61.25331081,-149.8111848,Formation,3 white Orbs/Spheres,Y,https://nuforc.org/sighting/?id=172610
479,01/03/2000,2000s,16:00,McMinnville,TN,USA,35.68627226,-85.78000264,Disk,30 feet diameter. Noticed it hovering less than 100 feet above me. Craft hovered still. Black disk with a “hat” on top.,N,https://nuforc.org/sighting/?id=197678
480,01/04/2000,2000s,17:30,[UNSPECIFIED],Quindío,Colombia,4.53491204,-75.67488572,Oval,"Type of Report: Unidentified Flying Object Sighting Location: Armenia, Quindío, Colombia Approximate Date: 1990s or early 2000s",N,https://nuforc.org/sighting/?id=189133
481,11/05/2000,2000s,21:00,Phoenix,AZ,USA,33.44819265,-112.0657938,Rectangle,I saw a dark gray rectangle spacecraft 15 ft over my head,N,https://nuforc.org/sighting/?id=188962
482,12/05/2000,2000s,03:30,Milford,PA,USA,41.32243582,-74.80249029,CIrcle,The UFO was hovering just above the treetops across the road. It appeared to just float there. It was enormous.,N,https://nuforc.org/sighting/?id=197231
483,25/05/2000,2000s,22:00,Phoenix,AZ,USA,33.44819265,-112.0657938,Rectangle,"Blackish gray rectangle, all of the sudden it just like teleported to about halfway from where it was to me",N,https://nuforc.org/sighting/?id=182167
484,03/06/2000,2000s,22:00,Roscommon,MI,USA,44.49835666,-84.59167451,Oval,Pulsing lights on oval shaped craft hovering,Y,https://nuforc.org/sighting/?id=175835
485,15/06/2000,2000s,22:00,Mount Enterprise,TX,USA,31.91804968,-94.68124186,Disk,A large disk shaped object with several colored lights on it that was hovering over the pine tree above me.,N,https://nuforc.org/sighting/?id=196523
486,25/06/2000,2000s,02:25,Cranston,RI,USA,41.779389,-71.43749818,Unknown,Cranston ri UFO sighting in sports field at Cranston West High School.,N,https://nuforc.org/sighting/?id=80498
487,01/07/2000,2000s,23:00,Poznań,Województwo wielkopolskie,Poland,52.40302565,16.92841637,Other,An object flew over my house.,N,https://nuforc.org/sighting/?id=187961
488,21/07/2000,2000s,04:45,Shannonville,ON,Canada,44.1954996,-77.22520035,Changing,"Not of this world, incredible, just colours in the sky shimmering ,then a Lazer light shone on the next hill,miles away",N,https://nuforc.org/sighting/?id=186194
489,04/08/2000,2000s,22:45,Sandown,England,United Kingdom,50.65913487,-1.1495259,Triangle,"Night time, very fast, no sound, left a very brief chem trail same colour of the lights, traveled distance across sky disappeared.",N,https://nuforc.org/sighting/?id=180127
490,07/08/2000,2000s,21:30,[UNSPECIFIED],NV,USA,39.3289,-116.6312,Triangle,Large triangle with multiple glowing lights,N,https://nuforc.org/sighting/?id=184828
491,12/08/2000,2000s,22:00,Abita Springs,LA,USA,30.47832162,-90.0379566,Triangle,A large triangular craft,N,https://nuforc.org/sighting/?id=183029
492,20/08/2000,2000s,18:45,Old Bridge,NJ,USA,40.40306395,-74.29634029,Changing,"Far away blue light, turned into a saucer shape, turned into a triangle",N,https://nuforc.org/sighting/?id=198092
493,01/09/2000,2000s,21:00,Holland,MN,USA,44.09134093,-96.18759359,Triangle,"Low flying ""cloaked"" triangle",N,https://nuforc.org/sighting/?id=183327
494,08/09/2000,2000s,14:27,Greencastle,IN,USA,39.64407466,-86.86450262,Oval,"Made to look like a ufo or it was a ufo. Looked rubbery no reflect of sun, floated and wobbled probably 53’ft long 10’ft tall",Y,https://nuforc.org/sighting/?id=186855
495,27/09/2000,2000s,21:45,Challis,ID,USA,44.50483803,-114.2314481,Triangle,An enormous triangular silent object just floating 200 feet straight above us.,N,https://nuforc.org/sighting/?id=14373
496,23/12/2000,2000s,06:00,Belvidere,TN,USA,35.12688079,-86.18621606,Triangle,Moving slow. Big triangle shape craft moving about 5 to 10 miles passing over. Had 3 lights on it.,N,https://nuforc.org/sighting/?id=189040
497,23/01/2001,2000s,20:00,Salisbury,NC,USA,35.67129181,-80.47443563,Disk,The saucer hovered directly above and kept pace with my car,N,https://nuforc.org/sighting/?id=42895
498,23/01/2001,2000s,22:00,New York,NY,USA,40.71264029,-74.01728347,Light,"At periscope depth I thought it was a squadron of helicopters in formation. at 12, 2, 6, 8, 10 oclock and 1 at 3 outside the formation.",N,https://nuforc.org/sighting/?id=179451
499,09/04/2001,2000s,01:00,Villavicencio,Meta,Colombia,4.14889763,-73.62880205,Light,"We saw her with a friend for 3 consecutive nights, on the 4th day she perched above us at a height of 3 meters.",N,https://nuforc.org/sighting/?id=189572
500,16/05/2001,2000s,15:30,Benson,NC,USA,35.38213141,-78.54872016,Circle,"My 2 dogs looked up, so did I, and I saw a craft that was as big as the sky I could see",N,https://nuforc.org/sighting/?id=187900
501,01/07/2001,2000s,19:30,Mississauga,ON,Canada,43.58619072,-79.64748579,Disk,"A force entered my mind and ""told"" me to look outside",N,https://nuforc.org/sighting/?id=171662
502,21/07/2001,2000s,23:00,Meadville,PA,USA,41.64149844,-80.15116441,Orb,I encountered aliens in the woods while playing hide and seek with family.,Y,https://nuforc.org/sighting/?id=177288
503,29/08/2001,2000s,07:30,Woonsocket,RI,USA,42.00296832,-71.514388,Triangle,"Craft was hovering in fog, 3 bright lights indicated the shape, it was making a low-droning noise, then spun up and took off",N,https://nuforc.org/sighting/?id=198138
504,01/09/2001,2000s,21:30,open ocean,[UNSPECIFIED],[UNSPECIFIED],20.74,-71.63,Egg,An Elliptical radiating white light spaceship with no specific edges stopped dead center above my boat for about 10 seconds.,N,https://nuforc.org/sighting/?id=173999
505,07/09/2001,2000s,21:50,Mykolaiv,Mykolaiv Oblast,Ukraine,46.97419169,32.00661286,Other,The most interesting thing is that the object hovering near the chimney of the natural gas boiler room reacted to me.,Y,https://nuforc.org/sighting/?id=183954
506,11/09/2001,2000s,16:30,Milford,ME,USA,44.94615273,-68.64397488,Sphere,A silver sphere that emitted an electric blue reflection or force field maybe.,N,https://nuforc.org/sighting/?id=182712
507,04/10/2001,2000s,20:00,Cranbrook,BC,Canada,49.51320032,-115.7691872,Disk,This was a 250 ft wide saucer hovering no more than 1000 ft off the ground over fort Steele about 3 km away as the crow flies.,N,https://nuforc.org/sighting/?id=198475
508,14/10/2001,2000s,02:30,Barnsdall,OK,USA,36.56185721,-96.16204919,Rectangle,"Triangle aircraft flying under low overcast clouds, with bright white beams moving independently searching the ground. No sound",N,https://nuforc.org/sighting/?id=184072
509,31/12/2001,2000s,23:00,T'bilisi,Tbilisi,Georgia,41.69719442,44.80298424,Disk,"Disc-shaped UFO with rotating lights and temporal anomalies, silent, seen in Tbilisi with a cousin who has no memory of the event",Y,https://nuforc.org/sighting/?id=189182
510,01/02/2002,2000s,17:00,Hodsager,[UNSPECIFIED],Denmark,56.31574966,8.85707797,Disk,Huge UFO hovering above entry to forest,N,https://nuforc.org/sighting/?id=182365
511,14/03/2002,2000s,03:30,On my way to petaluma ca . From novato ca,CA,USA,38.17862953,-122.595753,Triangle,Huge black triangle ship. It had no fuel burners or made noise it sat over me for like 2 min,N,https://nuforc.org/sighting/?id=175495
512,28/05/2002,2000s,01:20,Cres,Primorje Gorski Kotar County,Croatia,44.95906227,14.41233316,Disk,"It was saucer-shaped, dark, with a metallic gray-blue color, and a faint glow coming from its sides",Y,https://nuforc.org/sighting/?id=190234
513,01/06/2002,2000s,15:00,Sunderland,England,United Kingdom,54.90491175,-1.38102218,Oval,Silent fast moving UFO soon followed by 2 scrambled jets,Y,https://nuforc.org/sighting/?id=186925
514,05/06/2002,2000s,22:00,Encinitas,CA,USA,33.03705608,-117.2922314,Rectangle,A massive 2 football field sized low flying UFO slowly & silently sailed over us & out over the ocean as we were taking a walk,Y,https://nuforc.org/sighting/?id=176128
515,15/06/2002,2000s,02:00,San Quentin,[UNSPECIFIED],Mexico,30.56498365,-115.8735657,Other,Bright green aurora like bubble filled with an opaque ice color with bicycle wheel spokes of light meeting ta liquid metal colored disk,Y,https://nuforc.org/sighting/?id=177021
516,30/07/2002,2000s,16:30,[UNSPECIFIED],England,United Kingdom,51.8858594,-0.52040115,Changing,"A large liquid shape, constantly changing. Seen in daylight in good conditions.",N,https://nuforc.org/sighting/?id=189029
517,01/08/2002,2000s,20:00,Santa Clarita,CA,USA,34.39206225,-118.5416761,Triangle,Massive slow hovering/moving black triangular UAP,Y,https://nuforc.org/sighting/?id=197136
518,13/08/2002,2000s,22:30,Shannon,MS,USA,34.11604346,-88.71117403,Circle,Roughly 50 ft. overhead were two enormous crafts with dozens of white lights flashing on and off an random intervals,N,https://nuforc.org/sighting/?id=180868
519,23/08/2002,2000s,05:40,"lawton, Fort Sill",OK,USA,34.60736483,-98.39248093,Egg,"Off duty, dark out ,alone 3 large red egg shaped things hovering 2 stories high or more with flickering flame",N,https://nuforc.org/sighting/?id=178153
520,24/08/2002,2000s,18:00,Cottonwood,ID,USA,46.04888513,-116.3515902,Disk,"Disk like craft, over 200 feet long, hoovered approximately 80 feet above ground, in area 30 minutes.",N,https://nuforc.org/sighting/?id=198248
521,17/09/2002,2000s,19:10,Dugway,UT,USA,40.22099877,-112.7447739,Disk,"Disc shaped, about 100 ft dia. Quite large. The power in the area went out.",N,https://nuforc.org/sighting/?id=181448
522,18/10/2002,2000s,23:00,Omaha,NE,USA,41.2567379,-95.93365918,Unknown,Extreme light,N,https://nuforc.org/sighting/?id=182359
523,10/12/2002,2000s,00:00,Castle Rock,WA,USA,46.27518237,-122.9078063,Unknown,Bright light that was so big it seemed like we were standing in field of a lit up football stadium,N,https://nuforc.org/sighting/?id=196442
524,31/12/2002,2000s,00:00,Richmond,VA,USA,37.54153272,-77.43532454,Triangle,I walked out front of my house and looked up in the sky. Saw a large triangular craft moving slow with 5 total lights along two sides.,Y,https://nuforc.org/sighting/?id=199198
525,24/01/2003,2000s,18:13,Kingston (Canada),ON,Canada,44.2330952,-76.49348677,Triangle,black equilateral triangle with 3 glowing white dome lights at tips... directly above my car,Y,https://nuforc.org/sighting/?id=27412
526,05/02/2003,2000s,02:00,[UNSPECIFIED],HI,USA,20.5,-156.5,Oval,Sighted starbord aft flightdeck of CVN-70 Carl Vinson. Roughly 50mi off the coast of Hawaii,Y,https://nuforc.org/sighting/?id=180657
527,05/02/2003,2000s,23:32,Oswego,NY,USA,43.45541483,-76.51190228,Triangle,"The craft had a large V shape to it, and it flew very slow. My telescope's computer stopped working.",N,https://nuforc.org/sighting/?id=197729
528,16/02/2003,2000s,23:00,Seattle (Juanita area),WA,USA,47.60535638,-122.3350022,[UNSPECIFIED],"I saw a GIGANTIC jet black triangle, with lights, come very slowly towards me",Y,https://nuforc.org/sighting/?id=28653
529,08/03/2003,2000s,20:15,Greenbelt area,MD,USA,39.0046,-76.8755,Chevron,"Totally Silent 'Flying Wing' Seen Twice Within D.C. Beltway, March 8, 2003",Y,https://nuforc.org/sighting/?id=28309
530,01/05/2003,2000s,20:59,East Providence,RI,USA,41.82480893,-71.41356013,Other,"I was walking home from a local shell gas station with my friend. Making our way down a hill, we seen a giant round quiet ufo.",N,https://nuforc.org/sighting/?id=189660
531,01/05/2003,2000s,22:00,Seattle (West Seattle),WA,USA,47.60535638,-122.3350022,Triangle,"Silent, triangular craft sighted over West Seattle",Y,https://nuforc.org/sighting/?id=28647
532,01/07/2003,2000s,23:46,Pismo Beach,CA,USA,35.14274951,-120.6420815,Triangle,"Triangle Object over Pismo Beach, California",N,https://nuforc.org/sighting/?id=52687
533,06/07/2003,2000s,00:00,Undisclosed,[UNSPECIFIED],[UNSPECIFIED],61.0667,-107.9917,Unknown,"HBCCUFO CANADIAN REPORT: Pictures Of An Unknown Craft, Daylight Sighting.",N,https://nuforc.org/sighting/?id=29665
534,15/07/2003,2000s,20:30,Middle Island,NY,USA,40.88354294,-72.94292785,Oval,Small red lights circling around a large green football object,N,https://nuforc.org/sighting/?id=181160
535,06/08/2003,2000s,00:32,North Bay (Canada),ON,Canada,46.33019273,-79.46689068,Cigar,"HBCCUFO CANADIAN REPORT: Hovering Cigar Shaped Craft, pictures taken.",N,https://nuforc.org/sighting/?id=30583
536,07/08/2003,2000s,12:00,Ma'an,Ma'an Governorate,Jordan,30.19492127,35.72426025,Triangle,"Silent black triangle craft hovered low over Ma'an, Jordan in daylight; no sound, no wind, vanished suddenly",N,https://nuforc.org/sighting/?id=190152
537,16/08/2003,2000s,21:00,Zuni,VA,USA,36.86653145,-76.82933363,Triangle,What we all saw was absolutely NOT man made!,N,https://nuforc.org/sighting/?id=180545
538,20/08/2003,2000s,20:43,Tikrit,Saladin Governorate,Iraq,34.60111698,43.67754538,Cylinder,During our occupation of Iraq my squad members and I sighted a craft that was cylindrical it passed over our position,N,https://nuforc.org/sighting/?id=180553
539,17/09/2003,2000s,20:30,Atlanta,GA,USA,33.74966021,-84.38965459,Egg,"Floating, silent panel of lights",Y,https://nuforc.org/sighting/?id=31563
540,14/10/2003,2000s,08:45,Vandenberg Air Force Base,CA,USA,34.75107348,-120.5205149,Rectangle,"Giant glowing red square, football-field sized, silently hovered over Vandenberg missile site, then darted off over mountains.",Y,https://nuforc.org/sighting/?id=197102
541,21/10/2003,2000s,22:11,Hamilton,MT,USA,46.24701894,-114.1546278,Triangle,Huge silent triangle flew from the mountains to the west heading east,N,https://nuforc.org/sighting/?id=178511
542,08/12/2003,2000s,23:59,San Juan,Ilocos Region,Philippines,14.60186223,121.0357131,Triangle,"Around 12:00 to 1:00 midnight on December 8, 2003, I experienced something unforgettable. I went outside our house near a wide field an",Y,https://nuforc.org/sighting/?id=193506
543,04/01/2004,2000s,14:30,Fort Myers,FL,USA,26.64083181,-81.85953348,Disk,"A silver disk with a bulge on one face, maybe 30 feet across, reflected sunlight and bobbed around at 3-5000 feet.",Y,https://nuforc.org/sighting/?id=34306
544,10/01/2004,2000s,20:30,Samarra,Saladin Governorate,Iraq,34.16870107,43.90635908,Triangle,"While using my NVG goggle I observed a large triangular object come into view. No lights, no sound. Football field in size, moving slow",N,https://nuforc.org/sighting/?id=197237
545,16/02/2004,2000s,17:00,Hypoluxo,FL,USA,26.56648998,-80.05345113,Disk,UAP Sighting in Palm Beach County FL in February 2004,N,https://nuforc.org/sighting/?id=177386
546,17/03/2004,2000s,12:15,Santa Monica,CA,USA,34.01213019,-118.4907835,Sphere,The craft came from the West out over the Pacific Ocean. It was flying much higher than the Commercial Jet Traffic over Los Angeles.,Y,https://nuforc.org/sighting/?id=35767
547,10/04/2004,2000s,06:00,[UNSPECIFIED],CO,USA,38.9,-104.8,[UNSPECIFIED],10 silver disks moving rapidly along the front range in colorado springs,N,https://nuforc.org/sighting/?id=36100
548,01/07/2004,2000s,23:30,West Richland,WA,USA,46.30451728,-119.3629961,Unknown,"Saw green lasers appear to fan from clouds and rapidly sweep over the north face of Candy Mountain in West Richland, WA.",N,https://nuforc.org/sighting/?id=180791
549,03/09/2004,2000s,03:30,Akureyri (Iceland),[UNSPECIFIED],Iceland,65.68263075,-18.09014171,Light,Car buzzed by a bright object,N,https://nuforc.org/sighting/?id=39088
550,23/09/2004,2000s,02:30,South Jordan,UT,USA,40.56233029,-111.9290437,Chevron,Boomerang type craft slowly moved over top of my home.,N,https://nuforc.org/sighting/?id=179481
551,26/09/2004,2000s,18:30,Young Harris,GA,USA,34.93302144,-83.84728375,Cylinder,Saw a cylindrical object low in sky.,N,https://nuforc.org/sighting/?id=183264
552,17/10/2004,2000s,01:00,Cheshire,Cheshire West and Chester,United Kingdom,53.12095126,-2.77195458,Circle,Interaction with UAP on our vehicle,N,https://nuforc.org/sighting/?id=176002
553,04/11/2004,2000s,12:00,Pacific Ocean off San Diego,CA,USA,32.5304337,-118.100806,Oval,"White oval ""Tic Tac"" no wings/exhaust, hovered over ocean disturbance, mirrored F/A-18 descent, vanished, reappeared at CAP point 60mi",N,https://nuforc.org/sighting/?id=197103
554,09/11/2004,2000s,01:00,Apple Valley,MN,USA,44.73212639,-93.21667086,Disk,"I saw a UFO that was brightly lit, with a pattern on the side, in the middle of the night.",N,https://nuforc.org/sighting/?id=176949
555,12/01/2005,2000s,19:05,Lancaster,CA,USA,34.70425153,-118.1504652,Triangle,Triangular craft flies over highway... low altitude... then disappears only to reappear later,Y,https://nuforc.org/sighting/?id=41489
556,01/03/2005,2000s,03:00,Opelika,AL,USA,32.64547633,-85.37822297,Disk,Gigantic disk craft hovering over pond,Y,https://nuforc.org/sighting/?id=186105
557,09/04/2005,2000s,19:09,Sidney,TX,USA,31.94985765,-98.73589976,Triangle,English words identified on black triangular craft.,Y,https://nuforc.org/sighting/?id=43465
558,09/05/2005,2000s,13:00,Cumberland,ME,USA,43.79653747,-70.25729802,Cigar,"At party saw moving star become cigar UFO with 5 lights; hovered silently, changed colors, then sped off with 2 others in formation.",N,https://nuforc.org/sighting/?id=43897
559,13/05/2005,2000s,00:18,Kirkland,WA,USA,47.67674279,-122.2057543,Triangle,Black Triangle,Y,https://nuforc.org/sighting/?id=43933
560,01/06/2005,2000s,20:00,Harlingen,TX,USA,26.1912011,-97.69576931,Orb,White bright Orb seen traveling parallel to ground traveling northbound at an unexplainable speed.,Y,https://nuforc.org/sighting/?id=178544
561,02/06/2005,2000s,18:00,St. Louis,MO,USA,38.6272908,-90.19418979,Cylinder,"Bizarre, shiny, cylindrical object that moved intelligently for 15 minutes in broad daylight (St. Louis).",Y,https://nuforc.org/sighting/?id=46249
562,08/07/2005,2000s,22:30,Joshua Tree,CA,USA,34.13509088,-116.3143862,Orb,Orb acts like satellite descends over a mountain and flashes a great light across the sky turns it off zips back to sky acting satellit,N,https://nuforc.org/sighting/?id=186224
563,10/07/2005,2000s,23:00,Brook Park,OH,USA,41.39828333,-81.80432569,Circle,After the fire works a red orange pulsating orb showed up out of nowhere and after watching it for minutes it started to show off,N,https://nuforc.org/sighting/?id=196386
564,16/07/2005,2000s,14:30,Ross Lake,WA,USA,48.88154343,-121.013835,Disk,"200ft wide, old-ancient looking disc up close around 500 feet away. Had orbs in/around the rim of craft. 10 Seconds then shot off N.E.",N,https://nuforc.org/sighting/?id=189361
565,20/07/2005,2000s,15:15,Exeter,NH,USA,42.98125532,-70.94607062,Cigar,Gigantic Cigar,N,https://nuforc.org/sighting/?id=45200
566,02/08/2005,2000s,23:00,Coalinga,CA,USA,36.1399966,-120.3607602,Triangle,A commercial jet-sized grayish metallic boomerang with 4 bright lights witnessed performing gravity-defying maneuvers over Interstate 5,Y,https://nuforc.org/sighting/?id=178036
567,15/08/2005,2000s,21:00,USS Enterprise (at sea),[UNSPECIFIED],[UNSPECIFIED],36.5,-74.5,[UNSPECIFIED],Unknown craft lands on carrier deck.,N,https://nuforc.org/sighting/?id=54781
568,01/09/2005,2000s,20:00,Tucson,AZ,USA,32.25263011,-110.9765863,Oval,It was more of an encounter. a pure white light hovered over us. no rays. no beams. starred for about 40 seconds and zipped off.,N,https://nuforc.org/sighting/?id=175580
569,10/10/2005,2000s,20:30,Kyotamba,Kyoto,Japan,35.1665549,135.4241416,Disk,Close encounter with a silent Adamski-type UFO that precisely matched the car's speed.,Y,https://nuforc.org/sighting/?id=198657
570,12/10/2005,2000s,22:30,Between Marlboro and Hudson,MA,USA,42.383,-71.563,Other,"It crossed the highway, about 500 ft in front of us. Light bluish white, oblong craft. NOT plane or copter. Was heading NW?",N,https://nuforc.org/sighting/?id=171079
571,16/11/2005,2000s,18:25,Oklahoma city,OK,USA,35.46794407,-97.52941347,Circle,"It was couple miles wide, and long, black, orange glow in the center.",N,https://nuforc.org/sighting/?id=178773
572,01/12/2005,2000s,17:00,Everett,MA,USA,42.40837589,-71.05369648,Disk,"Enormous disk shaped craft. Roughly 200 ft above a 2 story apartment building during bright, clear day.",N,https://nuforc.org/sighting/?id=183402
573,31/12/2005,2000s,06:00,Astoria,OR,USA,46.18773368,-123.8308478,Disk,"It was just sitting in the sky above the trees, very close, beams coming from bottom, had windows.",Y,https://nuforc.org/sighting/?id=183468
574,04/03/2006,2000s,22:00,Newman Lake,WA,USA,47.77725301,-117.1003178,Triangle,Triangular light formation shooting laser light beams,N,https://nuforc.org/sighting/?id=196655
575,14/04/2006,2000s,20:10,Athens,GA,USA,33.95948361,-83.37745279,Disk,Three huge disks hover at treetops next to highway,N,https://nuforc.org/sighting/?id=196226
576,01/05/2006,2000s,18:30,Decatur,AL,USA,34.60596621,-86.98251354,Unknown,"Seen UAP while driving across bridge into Decatur. Twilight/evening. Unknown shape, but had 3 lights. Hovered, zoomed below treeline",N,https://nuforc.org/sighting/?id=194085
577,01/06/2006,2000s,22:30,Pink,OK,USA,35.2599922,-97.11909161,Circle,Mother and three children witness an illuminating object above them at night while driving home in rural Oklahoma,Y,https://nuforc.org/sighting/?id=174542
578,20/06/2006,2000s,22:01,Kingsport,TN,USA,36.54867455,-82.56185094,Rectangle,I knew it wasn't a star. It zipped several times until it was straight over me. No noise. Stopped in mid air over me.,N,https://nuforc.org/sighting/?id=196150
579,14/08/2006,2000s,23:00,Tacoma,WA,USA,47.25515574,-122.441618,Triangle,Black triangle with red lights,N,https://nuforc.org/sighting/?id=179448
580,10/10/2006,2000s,18:41,Rockland,ID,USA,42.57323345,-112.8771732,Disk,"Seen two disks with a bulge on the top like in the movies, watched for about 15 minutes with my dad and they shot off north.",N,https://nuforc.org/sighting/?id=187766
581,27/10/2006,2000s,20:00,Hutchinson,KS,USA,38.06083599,-97.93031064,Triangle,"Big, silent V-shaped craft with about 8 circle shaped very dark dimmed lights or windows fly over home.",Y,https://nuforc.org/sighting/?id=53115
582,06/11/2006,2000s,19:00,Calabasas,CA,USA,34.15426191,-118.6475179,Disk,Saw a disk-like gray metallic object hovering just outside our house. The light was extremely bright yet could clearly see craft.,N,https://nuforc.org/sighting/?id=195078
583,30/11/2006,2000s,23:40,West Toodyay,Western Australia,Australia,-31.5261967,116.4148493,Triangle,"Huge, silent, black triangle that hovered over the top of us as we were travelling to the City in our car",N,https://nuforc.org/sighting/?id=190167
584,31/12/2006,2000s,21:50,Everett,WA,USA,47.97833082,-122.2071957,Triangle,"My father, brother, and I saw a very large, black, triangular UFO hovering silently over our neighborhood of about a dozen homes.",N,https://nuforc.org/sighting/?id=191876
585,09/02/2007,2000s,21:00,Autaugaville,AL,USA,32.43414748,-86.65465993,Triangle,Black Triangle hovering ~100 ft over roadway,N,https://nuforc.org/sighting/?id=189335
586,12/02/2007,2000s,01:30,London,England,United Kingdom,51.51485443,-0.10366852,Triangle,"Large silent triangular UFO with white-yellow lights observed hovering over M6 near Tebay, before fading into cloud.",Y,https://nuforc.org/sighting/?id=196827
587,26/02/2007,2000s,08:00,Jackson,MS,USA,32.2976469,-90.1804262,Disk,The incident happened around spring time of 2007. I can't remember the exact month. But it was between January and April of that year.,N,https://nuforc.org/sighting/?id=184618
588,30/03/2007,2000s,14:15,Rockville,MD,USA,39.08335942,-77.15216984,Cigar,"I was taking a break and laying on the sidewalk in front of our office looking straight up into the sky. The weather was clear, visibil",Y,https://nuforc.org/sighting/?id=56012
589,26/04/2007,2000s,11:55,Hiko,NV,USA,37.62838055,-115.2161058,Unknown,"Hovering orb, brilliant illumination, falling debris, vehicle collision with objects",N,https://nuforc.org/sighting/?id=88691
590,01/05/2007,2000s,17:00,Mt. Vernon,KY,USA,37.35301826,-84.33981594,Disk,Saw and interacted with a UFO,N,https://nuforc.org/sighting/?id=177851
591,17/05/2007,2000s,18:00,Plyushchivka,Mykolaiv Oblast,Ukraine,47.39974821,32.30975518,Fireball,"It was like a star but not in the sky, it was a few meters above the ground.",N,https://nuforc.org/sighting/?id=191343
592,14/06/2007,2000s,20:28,Arcadia,CA,USA,34.13969096,-118.0349926,Triangle,"It looked like the typical traingle/ TR3B UFO most other people described. EXTREMELY low, barely scraping a nearby phone pole",N,https://nuforc.org/sighting/?id=180210
593,19/07/2007,2000s,19:00,Linda,CA,USA,39.12764495,-121.5510093,Triangle,Black triangle UFO hovering over my dad's pickup truck,N,https://nuforc.org/sighting/?id=175547
594,08/08/2007,2000s,08:30,Omnigovi,[UNSPECIFIED],Mongolia,43.50165851,104.278215,Cylinder,Fast moving cylinder,N,https://nuforc.org/sighting/?id=184208
595,09/08/2007,2000s,14:26,Poplar,MT,USA,48.11306773,-105.1983423,CIrcle,"Cloaked then appeared 100 ft. above us. Gunmetal grey. Circular. Yellow lights underneath it. Big as a football field, hovered 25 min.",N,https://nuforc.org/sighting/?id=197150
596,30/08/2007,2000s,16:00,Florence,CO,USA,38.3903624,-105.1186467,Other,I noticed it first. It was very high in the blue sky with no clouds at all. It was broad daylight. It got closer and closer until...,Y,https://nuforc.org/sighting/?id=195791
597,08/09/2007,2000s,01:00,Waterboro,ME,USA,43.58933985,-70.70825076,Oval,Son abducted and tested on,Y,https://nuforc.org/sighting/?id=166837
598,15/09/2007,2000s,21:00,Deep River,CT,USA,41.38602964,-72.43461776,Triangle,Close up Sighting 2007,N,https://nuforc.org/sighting/?id=177042
599,17/09/2007,2000s,06:50,Newport,KY,USA,39.09171966,-84.49658689,Cigar,Saw a large aircraft with multiple windows and beings staring at me and my friend experience missing time,Y,https://nuforc.org/sighting/?id=194947
600,17/09/2007,2000s,06:50,Newport,KY,USA,39.09171966,-84.49658689,Cube,"A rectangular craft with four long rectangular windows along the side, four red lights above it, and a cube shaped craft to the right",Y,https://nuforc.org/sighting/?id=186790
601,05/11/2007,2000s,06:00,Lansing,MI,USA,42.73300755,-84.55362343,Rectangle,"Large, silent, solid black rectangle comes from the west, higher sky and swoops down overhead heading east",Y,https://nuforc.org/sighting/?id=183413
602,16/12/2007,2000s,09:00,Roseville,CA,USA,38.74830771,-121.2821317,Disk,Stereotypical Flying Saucer,N,https://nuforc.org/sighting/?id=186864
603,21/12/2007,2000s,22:00,Flushing,NY,USA,40.7673192,-73.80302213,Triangle,Triangle shaped object with red lights in New York,Y,https://nuforc.org/sighting/?id=61591
604,05/01/2008,2000s,20:00,Eau Claire,WI,USA,44.81123707,-91.49910511,Oval,"Playing with my siblings, and heard a humming engine with blinking red, and yellow lights. Did not look, or sound like a plane.",N,https://nuforc.org/sighting/?id=170165
605,08/01/2008,2000s,19:00,Salado,TX,USA,30.94705604,-97.53899687,Formation,Very immense in size. Maybe related to stepheville sighting,N,https://nuforc.org/sighting/?id=61043
606,08/01/2008,2000s,01:00,Stephenville,TX,USA,32.2207384,-98.20216507,Oval,Large craft object in the sky. ((NUFORC Note: Several other reports. Wide news coverage of this sighting. PD)),N,https://nuforc.org/sighting/?id=61000
607,08/01/2008,2000s,17:14,Stephenville,TX,USA,32.2207384,-98.20216507,Rectangle,"Flashing strobes, silent, flames out the back side and jets chashing it! ((NUFORC Note: Several reports. Extensive news coverage.PD))",N,https://nuforc.org/sighting/?id=60743
608,08/01/2008,2000s,19:00,Stephenville,TX,USA,32.2207384,-98.20216507,Oval,"Summary of Radio news coverage for Stephenville, TX sightings 1-8-08. ((NUFORC Note: Several reports. Extensive news coverage.PD))",N,https://nuforc.org/sighting/?id=60863
609,01/02/2008,2000s,18:00,Guantanamo,Guantanamo,Cuba,20.14448541,-75.20376441,Unknown,Saw a large black object the length of the hill hovering behind the windmills and it flew out to sea. It made a low buzzing noise.,N,https://nuforc.org/sighting/?id=196746
610,01/05/2008,2000s,21:00,Lafayette,CA,USA,37.88579445,-122.1179666,Triangle,A continous stream of craft coming up and over Mt Diablo.,N,https://nuforc.org/sighting/?id=184033
611,03/05/2008,2000s,01:40,Los Angeles (downtown),CA,USA,34.0564552,-118.2579761,Oval,"Oval-shaped, metallic object w/ 2 bright lights pointing down spotted over Downtown LA; disappeared in 1 second.",N,https://nuforc.org/sighting/?id=62967
612,01/06/2008,2000s,23:00,North Charleston,SC,USA,32.87309059,-80.01140964,Triangle,"Two sightings on Charleston AFB, a craft and the other a triangular light/orb",N,https://nuforc.org/sighting/?id=191312
613,11/06/2008,2000s,15:00,San Leandro,CA,USA,37.72571572,-122.1568207,Circle,Walking from our home to a shopping area an extremely large disc shaped ship sideview was above us stopped then woosh it went up,N,https://nuforc.org/sighting/?id=180114
614,20/06/2008,2000s,21:00,Las Aguamitas,Sinaloa,Mexico,24.57372437,-107.7988968,CIrcle,"Massive silent circular craft with lights flying low and slow from the sea towards Culiacan, causing cell interference.",N,https://nuforc.org/sighting/?id=199021
615,02/07/2008,2000s,16:20,Lexington,KY,USA,38.03905671,-84.51671306,Cross,Transparent cross shaped object at high altitude caught glare from sun and vanished seconds later,Y,https://nuforc.org/sighting/?id=64261
616,04/07/2008,2000s,22:35,Excelsior,MN,USA,44.90331611,-93.5662112,Formation,"Formation of 10 to 12 square shaped objects observed over Excelsior, MN",Y,https://nuforc.org/sighting/?id=64323
617,25/07/2008,2000s,20:00,Ashland,OR,USA,42.19670142,-122.7139414,Orb,"3 glowing orbs that changed colors from Red, Blue, Green, purple and pink floating in sky and eventually launched opposite directions",N,https://nuforc.org/sighting/?id=183612
618,05/08/2008,2000s,02:00,Blythe,CA,USA,33.61805124,-114.589107,Light,"What looked like a satellite drifting across the night sky over Blythe, CA conducted three circles and stopped",N,https://nuforc.org/sighting/?id=180155
619,08/08/2008,2000s,20:30,Great Falls,MT,USA,47.50553838,-111.3015945,Disk,"3 perfectly round objects, flying low, slow, triangle formation",N,https://nuforc.org/sighting/?id=190250
620,10/08/2008,2000s,20:30,Brandon (Canada),MB,Canada,49.84422224,-99.95216504,Light,Green light in clouds over Brandon MB.,N,https://nuforc.org/sighting/?id=67192
621,17/09/2008,2000s,23:00,Cleveland,OH,USA,41.49853117,-81.69385073,Light,I saw 2 orange balls of light traveling very fast that made a 90 degree turn down and went into Lake Erie.,N,https://nuforc.org/sighting/?id=170383
622,15/10/2008,2000s,13:30,About 2 hours South of San Francisco on Interstate 5 driving,CA,USA,36.86239615,-120.7827912,Oval,Blimp Landing in farm field exploded into hundreds of orbs that then took off in all directions.,N,https://nuforc.org/sighting/?id=178548
623,16/10/2008,2000s,17:30,Ewing Township,NJ,USA,40.27630761,-74.78075293,Circle,"Car would not start, extreme loud noise out of no where, coming from sky so fast i thought it would crash into my house.",N,https://nuforc.org/sighting/?id=188294
624,22/10/2008,2000s,22:30,Pleasantville,NJ,USA,39.39000217,-74.52457314,CIrcle,Silent 18ft circular craft; 30ft altitude; clear underbelly with tiled lights. Moved 5mph then accelerated instantly in Pleasantville.,N,https://nuforc.org/sighting/?id=197775
625,01/11/2008,2000s,03:00,Brookston,IN,USA,40.60283272,-86.86739962,Light,"Awoken from sleep, brought onto a UFO, put onto a table aboard the UFO",N,https://nuforc.org/sighting/?id=185493
626,04/11/2008,2000s,21:00,Las Vegas,NV,USA,36.16979906,-115.1420537,Triangle,Slow & Silent Black Acute Triangle,Y,https://nuforc.org/sighting/?id=182110
627,21/11/2008,2000s,17:00,Hillsboro,OH,USA,39.20269532,-83.61123996,Formation,One Large Craft Accompanied By At Least a Dozen Spheres,N,https://nuforc.org/sighting/?id=193179
628,28/12/2008,2000s,23:30,Chatfield,MN,USA,43.84154904,-92.18917432,Triangle,Spotted Triangle while driving and pulled over to look at it with my sons.,N,https://nuforc.org/sighting/?id=196301
629,08/01/2009,2000s,23:00,Blackwood,Wales,United Kingdom,51.66888315,-3.195912,Triangle,"Witness saw Ufo, loss of time and abduction. Report on news the next day of damage a UFO had done to wind turbines.",Y,https://nuforc.org/sighting/?id=187999
630,08/04/2009,2000s,22:04,Fisherville,KY,USA,38.19148205,-85.47190677,Triangle,"HUGE Triangle, No Lights, No Sound, Lumbering along at 5 to 7 thousand feet on a steady course.",N,https://nuforc.org/sighting/?id=170146
631,20/05/2009,2000s,22:30,Baltimore,MD,USA,39.29025758,-76.61293601,Other,Strange rotating colors seem to appear out of nowhere then vanish at an incredible speed,N,https://nuforc.org/sighting/?id=196311
632,01/06/2009,2000s,22:33,Rapid City,SD,USA,44.0805846,-103.2322439,Rectangle,"Witnessed an 8"" x 2ft. black rectangle with blurred hind portion appearing out of the fog about 15ft. in the air.",N,https://nuforc.org/sighting/?id=181286
633,10/06/2009,2000s,03:00,Dannevirke,Manawatū Whanganui Region,New Zealand,-40.21068275,176.0957062,Unknown,"I saw a short, living being in my bedroom when I was 15 years old. Been too scared to report it for 16 years.",N,https://nuforc.org/sighting/?id=190125
634,16/06/2009,2000s,14:15,Addison,TX,USA,32.96198803,-96.82934547,Rectangle,"Large as a football field, noiseless, hovering ~ 300 ft from the ground, no one else around me saw it, they ignored it",Y,https://nuforc.org/sighting/?id=181661
635,19/06/2009,2000s,22:25,Satsuma,FL,USA,29.55560388,-81.65411131,Disk,"2009 summer, 10:30 PM on Hwy 301 near Citra, FL: Silver saucer UFO (20+ ft) spinning w/ white mid-lights hovered over home, deployed w",N,https://nuforc.org/sighting/?id=197111
636,11/07/2009,2000s,20:59,Grand Marais,MN,USA,47.75054341,-90.33383553,Unknown,"A hovering, silent craft with blinking colored lights sat over our cabin lake",N,https://nuforc.org/sighting/?id=177015
637,10/08/2009,2000s,20:00,Summerdale,PA,USA,40.02841364,-75.09557454,Formation,"Group of people in parking lot saw apparentl pentagram shaped craft in sky over nearby mountain,",Y,https://nuforc.org/sighting/?id=178524
638,12/08/2009,2000s,00:00,Pateros,WA,USA,48.05090731,-119.9032535,Triangle,Black triangle craft silent teleportation technology very advanced.,Y,https://nuforc.org/sighting/?id=180846
639,15/08/2009,2000s,22:30,Elm Mott,TX,USA,31.67171343,-97.0990192,Triangle,"Triangular, black, erratically moving craft with 3 orange glowing lights, erratic movement, followed by 2 Blackhawk helicopters",N,https://nuforc.org/sighting/?id=193042
640,02/09/2009,2000s,01:00,McCordsville,IN,USA,39.89412983,-85.91991033,Teardrop,"Smooth BLK oval object approached and scanned us as while night-walking near our home, again through my kitchen window the next night.",N,https://nuforc.org/sighting/?id=179323
641,09/09/2009,2000s,22:40,Santa Clarita,CA,USA,34.39206225,-118.5416761,Triangle,Hovering and circling over my townhome,N,https://nuforc.org/sighting/?id=193865
642,27/09/2009,2000s,23:00,[UNSPECIFIED],State of Minas Gerais,Brazil,-18.57,-45.44,Disk,"Disc-shaped object ~0.5 m hovered close to ground, multicolored lights, high-pitched sound, moved past me, then sped away.",N,https://nuforc.org/sighting/?id=194755
643,15/11/2009,2000s,18:00,Grand Bay,AL,USA,30.47620897,-88.34213903,Unknown,"Traveling south towards Gulf of Mexico around 6pm November, 2009 a very large craft was seen traveling very slowly.",N,https://nuforc.org/sighting/?id=165609
644,26/11/2009,2000s,03:25,Mechanicsville,VA,USA,37.6090295,-77.37353245,Triangle,Saw what looked like a meteor (red/orange tail) the craft was over my car 3 blue “lights” on corners of ceaft,Y,https://nuforc.org/sighting/?id=176197
645,02/12/2009,2000s,22:30,Delta Junction,AK,USA,64.04013087,-145.7332952,Triangle,"Craft hovered above vehicle had 3 lights, green, no sound",N,https://nuforc.org/sighting/?id=192139
646,03/01/2010,2010s,18:00,Mexicali,Baja California,Mexico,32.62503061,-115.4435714,Disk,Circle with lights around spinning and one in the center illuminated.,N,https://nuforc.org/sighting/?id=186551
647,20/01/2010,2010s,19:30,((HOAX??)) [sic],PA [sic - Perhaps refers to Pastaza province],Ecuador,-0.22413552,-78.51228333,Circle,2 round balls flying,N,https://nuforc.org/sighting/?id=74142
648,23/01/2010,2010s,21:30,Grande Prairie,AB,Canada,55.17071742,-118.7917957,Oval,"Craft was hovering in a field with one light on. Then I watched for a few moments and it moved, while illuminating front to back.",N,https://nuforc.org/sighting/?id=191136
649,15/02/2010,2010s,03:00,[UNSPECIFIED],England,United Kingdom,54.91147319,-1.58451119,Circle,Newcastle bank birtley.. I saw a black hockey puck shaped object with a ring of red lights on the underside,Y,https://nuforc.org/sighting/?id=187129
650,03/03/2010,2010s,21:12,Swannanoa,NC,USA,35.60183296,-82.39776377,Triangle,Large black triangle craft,N,https://nuforc.org/sighting/?id=176663
651,12/03/2010,2010s,21:30,Swannanoa,NC,USA,35.60183296,-82.39776377,Triangle,Black triangle 100 ft from ground,N,https://nuforc.org/sighting/?id=197664
652,17/03/2010,2010s,11:32,Plano,IL,USA,41.66278847,-88.53716257,Disk,Daytime flying saucer that was in between its cloaking phase,Y,https://nuforc.org/sighting/?id=139369
653,01/04/2010,2010s,07:00,Orchard Park,NY,USA,42.76749825,-78.74395869,Teardrop,UFO sighting in the morning and ET encounter that night,N,https://nuforc.org/sighting/?id=184161
654,15/05/2010,2010s,15:00,West Chester,OH,USA,40.23374963,-81.34297054,Triangle,Very Large Black Triangle Shaped Craft Hovering,N,https://nuforc.org/sighting/?id=177784
655,01/06/2010,2010s,14:00,Blairsville,GA,USA,34.87573476,-83.9582047,Sphere,Large silver orb which quickly accelerated into sky,N,https://nuforc.org/sighting/?id=183268
656,01/06/2010,2010s,22:56,Rouyn-Noranda,QC,Canada,48.23450345,-79.01961694,Triangle,Black triangle / lights formation in triangle shape sighting with sound,Y,https://nuforc.org/sighting/?id=75647
657,02/06/2010,2010s,21:10,Tempe,AZ,USA,33.42439179,-111.9395893,Disk,"Saucer shape, flying over Tempe, 6-7 white lights making a pattern as flew south. June 2, 2010 at apx, 9:10pm.",Y,https://nuforc.org/sighting/?id=75667
658,11/06/2010,2010s,00:30,Page,AZ,USA,36.91487833,-111.4545302,Disk,Looked up in the sky above the trampoline we were laying on. A reflective disk hovered 300ft above,N,https://nuforc.org/sighting/?id=190930
659,11/06/2010,2010s,03:00,Victoria,BC,Canada,48.42848545,-123.3654025,Sphere,"Glow underwater emerges into air, splits into 3 glowing objects(?) before coming together and shooting off into space in a blink",N,https://nuforc.org/sighting/?id=188045
660,15/06/2010,2010s,13:30,Rye,NH,USA,42.9903875,-70.76005596,Cylinder,Tan or grey Vertical cylinder,N,https://nuforc.org/sighting/?id=176343
661,03/07/2010,2010s,22:20,Easton,PA,USA,40.68832255,-75.22046936,Orb,"About 8 orange orbs super high in the sky, almost in an s shape. sitting there for 30 seconds not moving",N,https://nuforc.org/sighting/?id=178547
662,15/07/2010,2010s,20:30,Blayney,New South Wales,Australia,-33.53021205,149.2487163,Triangle,"Triangular shaped UFO, black in colour with a white light on each corner hovering silently.",N,https://nuforc.org/sighting/?id=190868
663,16/07/2010,2010s,22:22,Knob Noster,MO,USA,38.76685107,-93.55859777,Triangle,"Triangular craft with three lights hovering over Knob Noster, MO — shifted side-to-side before flying off",Y,https://nuforc.org/sighting/?id=191562
664,20/07/2010,2010s,20:30,[UNSPECIFIED],OR,USA,43.936,-120.5583,Triangle,Two witnesses observed a large triangular craft (approx. 60 ft x 25 ft) approach from ~800–1000 meters. The craft had underside lights,N,https://nuforc.org/sighting/?id=192030
665,10/08/2010,2010s,00:30,Page,AZ,USA,36.91487833,-111.4545302,Other,I observed a saucer hovering to the Northeast above us. It made no sound and I never saw it fly or move.,Y,https://nuforc.org/sighting/?id=192225
666,10/08/2010,2010s,22:30,Troyan,Lovech,Bulgaria,42.89159728,24.71339032,Triangle,"No noise, physical objects, triangle, disc, nature was dead silent at times, besides all dogs barking in a 10km radius, synthetic fog",N,https://nuforc.org/sighting/?id=190864
667,11/08/2010,2010s,23:59,Cabot,AR,USA,34.97513131,-92.01597027,Other,"A bright ball of light came from the south extremely fast, stopped above us, broadcast it's light all around us, then headed north fast",N,https://nuforc.org/sighting/?id=180619
668,11/08/2010,2010s,01:00,Kent,WA,USA,47.38206632,-122.2385163,Triangle,"Triangle UFO witnessed in Kent, Washinton at about 1am on Wednesday morning, 8/11/10.",Y,https://nuforc.org/sighting/?id=77132
669,16/08/2010,2010s,21:30,Reedsburg,WI,USA,43.53250906,-90.00342834,Triangle,"Triangular presumably UFO passed directly overhead shutting down vehicle headlights, taillights, dash lights, flashlight, iPhone",N,https://nuforc.org/sighting/?id=195889
670,13/09/2010,2010s,23:30,Hoffman,NC,USA,35.03243419,-79.54760245,Triangle,"Enormous black triangle observed by soldiers training near Camp Mackall, NC.",Y,https://nuforc.org/sighting/?id=125205
671,09/10/2010,2010s,04:00,Lowell,MA,USA,42.6459658,-71.31310133,Triangle,Saw a V shape object,N,https://nuforc.org/sighting/?id=175979
672,09/10/2010,2010s,19:00,Apple Valley,ID,USA,43.84034739,-116.9944435,Disk,UFO hovering over a field,Y,https://nuforc.org/sighting/?id=183382
673,23/10/2010,2010s,22:00,New Martinsville,WV,USA,39.64314421,-80.85726584,Cigar,"Something told me to take one step forward, and as soon as I did, a spacecraft flew right over my head.",Y,https://nuforc.org/sighting/?id=190301
674,22/11/2010,2010s,17:00,Sharm El-Sheikh,South Sinai Governorate,Egypt,27.96518443,34.36316926,Disk,"Large silent gray-white disc hovered in daylight over Sharm El Sheikh in 2010, stopped mid-air, then vanished at high speed.",N,https://nuforc.org/sighting/?id=190318
675,27/11/2010,2010s,19:00,Esko,MN,USA,46.70698352,-92.36343577,Triangle,Very low triangle craft,N,https://nuforc.org/sighting/?id=192599
676,12/12/2010,2010s,03:00,Prunedale,CA,USA,36.77616394,-121.6692607,Orb,A bright pink ball of light came into our bedroom through our window and hovered in front of my face for roughly 5 minutes.,N,https://nuforc.org/sighting/?id=179005
677,01/01/2011,2010s,19:00,Ilowiec,Województwo lubelskie,Poland,52.16995884,16.80618513,Disk,A flying saucer with green and red lights,Y,https://nuforc.org/sighting/?id=190286
678,01/04/2011,2010s,20:00,Cooloongup,Western Australia,Australia,-32.29453913,115.762444,Triangle,"Black Equilateral triangle, rounded edges, amber lights, blue glow",Y,https://nuforc.org/sighting/?id=179494
679,01/04/2011,2010s,20:00,Cooloongup,Western Australia,Australia,-32.29453913,115.762444,Triangle,"Silent jet-black equilateral triangle, three amber vertex lights, transited directly overhead with purplish-blue plasma outline visible",N,https://nuforc.org/sighting/?id=198709
680,14/04/2011,2010s,23:20,Mitchell,IN,USA,38.73262422,-86.47379243,Triangle,"We were walking at the track and I felt something behind me, I looked back and saw it. It was triangular and appeared to be transparent",Y,https://nuforc.org/sighting/?id=180059
681,18/04/2011,2010s,03:30,Roresanden,Agder,Norway,58.35250192,8.54138066,Rectangle,Witnessed stealth technology with anti gravity capabilities,Y,https://nuforc.org/sighting/?id=182810
682,23/04/2011,2010s,21:10,Four Corners,MD,USA,39.02367721,-77.00775507,Unknown,"2 craft hovering 100-200 ft over and near shopping center. 4 bright, white lights on bottom of one craft in square configuration",N,https://nuforc.org/sighting/?id=188244
683,28/04/2011,2010s,15:30,Singapore/Borneo (between) (in flight),[UNSPECIFIED],Singapore,2.35,111.3,Triangle,Black triangular object seen overtaking airplane during flight in Southeast Asia,N,https://nuforc.org/sighting/?id=87319
684,08/05/2011,2010s,22:30,Bayfield,CO,USA,37.22548405,-107.5980035,Diamond,"Diamond-shaped craft near Bayfield, CO.",Y,https://nuforc.org/sighting/?id=81213
685,17/05/2011,2010s,18:30,Lake Indoon in Western Australia,Western Australia,Australia,-29.86597569,115.1572826,Other,Typical grey metallic saucer shape with 3 lights white and red round the middle/body,N,https://nuforc.org/sighting/?id=170070
686,03/06/2011,2010s,22:15,lawrence,KS,USA,38.97157077,-95.23667187,Fireball,Orange glowing craft hovering 30 yards about ground,N,https://nuforc.org/sighting/?id=176243
687,15/06/2011,2010s,02:40,Keewatin,ON,Canada,49.75869356,-94.55669435,Light,My sister and I were visited late one night,Y,https://nuforc.org/sighting/?id=190893
688,13/07/2011,2010s,15:30,Gulf of Mexico,LA,USA,28.8,-93.6,Cylinder,Cylinder -shaped object 75 miles offshore the Gulf of Mexico between Texas and Louisiana border,N,https://nuforc.org/sighting/?id=82471
689,16/07/2011,2010s,01:00,Shortsville,NY,USA,42.95589958,-77.22085298,Triangle,Both saw glowing Tetrahedron,Y,https://nuforc.org/sighting/?id=189718
690,20/07/2011,2010s,01:00,Madison,IN,USA,38.73583577,-85.38025415,Circle,Walking down the road and looked up and seen a circle craft hovering above me. About 1000ft above the ground.,N,https://nuforc.org/sighting/?id=192530
691,20/07/2011,2010s,20:30,Urbandale,IA,USA,41.62971699,-93.76005625,CIrcle,Huge bright white light about a hundred feet or more in diameter sitting still two houses high over top of my car,N,https://nuforc.org/sighting/?id=198577
692,01/08/2011,2010s,22:00,Logansport,IN,USA,40.75418214,-86.35662895,Triangle,"Triangular shaped craft with one light at each corner. Hovered above for roughly 5minutes, chased by military aircraft",N,https://nuforc.org/sighting/?id=189970
693,10/08/2011,2010s,01:00,Folsom,CA,USA,38.67212709,-121.1617773,Triangle,"Triangular aircraft was spotted 400-800 feet in the sky, eventually following myself and my friend and stopping to hover over the trees",N,https://nuforc.org/sighting/?id=182247
694,10/08/2011,2010s,23:00,Bainbridge,NY,USA,42.29357588,-75.47955624,Triangle,Black craft that blocked the stars from the sky,N,https://nuforc.org/sighting/?id=184042
695,18/08/2011,2010s,21:00,Cambridge surrounding area,ON,Canada,43.45,-80.55,Disk,Giant flying saucer type craft seen roughly 20 feet above tree line from inside a moving car. Craft had 1 giant beam of light on trees,N,https://nuforc.org/sighting/?id=178246
696,20/08/2011,2010s,16:45,Hrubieszów,Lublin Voivodeship,Poland,50.80526871,23.89132081,Triangle,"Stationary matte metalic triangle craft rotating around its own axis (Hz=2.5s interval), tilted by 38 degrees on the North-South axis.",Y,https://nuforc.org/sighting/?id=180476
697,31/08/2011,2010s,20:30,Youngstown,OH,USA,41.09975495,-80.6519884,Changing,"Oval orb translucent gray 15 ft in diameter, 500 ft altitude, silent, a shifting triangular pattern interlocking shifting on surface.",N,https://nuforc.org/sighting/?id=182844
698,06/09/2011,2010s,17:09,Délı̨nę,NT,Canada,65.18718611,-123.4240973,Orb,"A light was observed in the Northeast of the community of Deline, NWT.",N,https://nuforc.org/sighting/?id=188310
699,14/09/2011,2010s,20:13,Boise,TX,USA,35.21510924,-102.8577079,Triangle,3 lights in triangle that broke off into segments and recombined then shot off,N,https://nuforc.org/sighting/?id=192453
700,01/10/2011,2010s,06:00,Deerfield,MO,USA,37.83866711,-94.50614945,Orb,Two orbs roughly 1/4 mile away floating for 20 minutes when when I noticed. Both bobbed up n down and shot off without no sound North,N,https://nuforc.org/sighting/?id=198576
701,06/10/2011,2010s,18:00,Pottstown and Allentown (between; in flight),PA,USA,40.6,-75.55,Disk,UFO came toward us at great speed and disappeared. We were flying a Cessna 152,N,https://nuforc.org/sighting/?id=177008
702,31/10/2011,2010s,03:00,McKinney,TX,USA,33.19843238,-96.63650947,Triangle,Triangle UAP Sighted Over Towne Lake on October 31 2011,Y,https://nuforc.org/sighting/?id=193933
703,16/11/2011,2010s,18:00,Berlin,WI,USA,43.96800992,-88.94335702,Circle,Row of vertical rectangular lights framed by darkness illuminated a circular matte gray object.,Y,https://nuforc.org/sighting/?id=85621
704,16/12/2011,2010s,00:00,Harrisonville,MO,USA,38.6533013,-94.34866784,Triangle,"Lightly glowing blue triangle craft crossed over houses on opposite side of street and directly over us and continued past, lost 2 hrs",Y,https://nuforc.org/sighting/?id=187216
705,16/02/2012,2010s,02:45,Mount Carmel,IL,USA,38.41079636,-87.76212843,Unknown,"Driving northbound on IL RTE 1, we top the hill by Cherry Hills Estates and witness a massive V shaped craft, silently hovering.",N,https://nuforc.org/sighting/?id=197920
706,14/03/2012,2010s,20:30,Boonsboro,MD,USA,39.50609106,-77.65217501,Light,Extremely close sighting of a stationary floating light above road in rural town,N,https://nuforc.org/sighting/?id=176078
707,04/04/2012,2010s,10:30,Kenner,LA,USA,29.99424493,-90.24189682,Circle,Round silver object with a dome on top.,N,https://nuforc.org/sighting/?id=176338
708,18/05/2012,2010s,17:35,Sacramento,CA,USA,38.57667536,-121.5008902,Rectangle,"Craft changed direction, directly above at 30ft, un-aerodynamic, mind control, no sound, no wake, no windows, ability to morph shape",Y,https://nuforc.org/sighting/?id=179450
709,10/06/2012,2010s,02:00,Baltimore,MD,USA,39.29025758,-76.61293601,Changing,"A very large, glowing, constantly changing iridescent oval-like shape came in from the water",N,https://nuforc.org/sighting/?id=170098
710,26/06/2012,2010s,12:00,Kalix,Norrbotten County,Sweden,65.85537192,23.14436854,Unknown,Sågs av familj på fyra personer som befann sig i närheten. Fotograferades av hustrun .,Y,https://nuforc.org/sighting/?id=179054
711,01/07/2012,2010s,21:30,Columbiana,OH,USA,40.88841314,-80.69417227,Disk,"Large, disk-shaped object hovering above a nearby house—no more than fifty feet above the roofline.",N,https://nuforc.org/sighting/?id=194392
712,07/07/2012,2010s,14:00,Encinitas,CA,USA,33.03705608,-117.2922314,Disk,"It was broad daylight, about 2ish in the afternoon.",N,https://nuforc.org/sighting/?id=182512
713,15/07/2012,2010s,01:00,Orestiada,[UNSPECIFIED],Greece,41.50433073,26.53212902,Triangle,3 lights that resembled a triangle.,Y,https://nuforc.org/sighting/?id=197556
714,01/08/2012,2010s,22:30,Coeur d'Alene,ID,USA,47.67371669,-116.7810197,Triangle,Seen a black metallic triangle just above the treeline. No sound. No lights. Going about 25 mph,N,https://nuforc.org/sighting/?id=191551
715,08/08/2012,2010s,19:00,Escondido,CA,USA,33.11994048,-117.0868106,Triangle,"The black triangle had 3 green lights, one at each corner vertices' of the UAP that would change from green to purple, very very slowly",N,https://nuforc.org/sighting/?id=184991
716,11/08/2012,2010s,23:30,Edmonton,AB,Canada,53.54740694,-113.4927,Orb,We saw at least a dozen white spheres darting back and forth and between each other at very high speed for more than 45 minutes,N,https://nuforc.org/sighting/?id=170912
717,29/08/2012,2010s,01:00,Smithsburg,MD,USA,39.65477122,-77.57260872,Triangle,Black triangle with 3 white lights and 1 red near Camp David,Y,https://nuforc.org/sighting/?id=182884
718,07/09/2012,2010s,23:00,Naples Manor,FL,USA,26.08863928,-81.72632095,Triangle,"Large craft, 3 very dim lights, one larger central light. Exterior was translucent against night sky. Near invisible. No sound. Fast",Y,https://nuforc.org/sighting/?id=180058
719,29/09/2012,2010s,06:50,Lively,VA,USA,37.77824851,-76.51210393,Cylinder,"Adult male witnesses very bizarre-looking ""tube-shaped"" object in the vicinity of his home.",Y,https://nuforc.org/sighting/?id=119972
720,30/10/2012,2010s,20:00,Warren,PA,USA,41.84387617,-79.14498311,Triangle,A large black triangle solid craft with 3 white lights in each corner,N,https://nuforc.org/sighting/?id=165574
721,01/11/2012,2010s,19:10,Weehawken,NJ,USA,40.76089565,-74.01828245,Light,"It was a bright white light orb that sat stationary in the air above the ferry terminal, turned color and kind of zipped out in a flash",N,https://nuforc.org/sighting/?id=177676
722,06/11/2012,2010s,16:30,Germantown,NY,USA,42.13433451,-73.89184973,Triangle,Began as a bright blue ball of light and then a triangle craft with a bright white light coming from the inner front of craft,N,https://nuforc.org/sighting/?id=173493
723,12/12/2012,2010s,05:00,Carolina Beach,NC,USA,34.03594646,-77.89381423,Cross,X Shaped Craft,Y,https://nuforc.org/sighting/?id=180181
724,16/12/2012,2010s,14:26,Нови Искър,Sofia Capital,Bulgaria,42.80181992,23.3415106,Oval,UFO,N,https://nuforc.org/sighting/?id=192533
725,01/01/2013,2010s,21:00,Sterling Heights,MI,USA,42.57933493,-83.0300278,Triangle,"We noticed this thing from the car, and immediately got out because it was directly above us. We stood in the middle of the street.",N,https://nuforc.org/sighting/?id=179584
726,04/01/2013,2010s,20:59,Pine Bush,NY,USA,41.60997587,-74.30163311,Rectangle,Huge rectangle flying object traveling slowly from SE to NW,Y,https://nuforc.org/sighting/?id=175329
727,09/01/2013,2010s,23:00,New York,NY,USA,40.71264029,-74.01728347,Circle,Literal flying saucers flying very slow and very low to the buildings passing through clouds but eventually appearing in plain sight,N,https://nuforc.org/sighting/?id=190902
728,23/01/2013,2010s,19:30,Sobrado,Porto,Portugal,41.20962101,-8.46260786,Disk,"Disk lifted off vertically from top of hill, stopped and hovered over my neighborhood then stopped directly above my backyard",Y,https://nuforc.org/sighting/?id=182633
729,01/02/2013,2010s,22:00,Bernie,MO,USA,36.66895358,-89.9687343,Sphere,Large bright white ball of light-diameter about 3 feet across,N,https://nuforc.org/sighting/?id=190757
730,08/02/2013,2010s,22:00,Kitchener,ON,Canada,43.4507587,-80.4931381,Triangle,"A black semi cloaked, silent aircraft coasts at an altitude of 300 ft, makes a sharp turn to light speed without sonic boom.",N,https://nuforc.org/sighting/?id=186701
731,13/03/2013,2010s,15:00,Plano,TX,USA,33.02160235,-96.69826471,Orb,"Around 3 PM in the afternoon observed two white orbs hovering, two additional orbs approached, 4 orbs equidistant oriented N and S",N,https://nuforc.org/sighting/?id=174931
732,23/04/2013,2010s,18:30,Memphis,TN,USA,35.14917931,-90.05441996,Diamond,This Unidentified Craft Interacted With Me as it Acknowledged that I was aware of its Presence. This Craft Followed Me and Communicated,N,https://nuforc.org/sighting/?id=189142
733,24/04/2013,2010s,19:45,West Chester,PA,USA,39.95985565,-75.60593146,Triangle,Asymmetrical craft makes a pit stop,Y,https://nuforc.org/sighting/?id=187781
734,18/05/2013,2010s,04:00,Marble Falls,TX,USA,30.57820465,-98.27281657,Other,A meteor that change course flew over me.,N,https://nuforc.org/sighting/?id=178715
735,22/05/2013,2010s,06:30,In flight,[UNSPECIFIED],[UNSPECIFIED],33.95,-118.4,Sphere,Unexplained glowing sphere in-flight en-route to LAX. ((NUFORC Note: Report from airline pilot. PD)),N,https://nuforc.org/sighting/?id=97928
736,01/06/2013,2010s,20:00,Corona,CA,USA,33.87862648,-117.5754543,Cigar,"While preparing to, and exiting the freeway the craft followed the driver's side of the car at a distance of 10-12 feet.",N,https://nuforc.org/sighting/?id=175319
737,09/06/2013,2010s,00:30,Howell,MI,USA,42.60721669,-83.92931688,Other,Saucer hovering outside my window,N,https://nuforc.org/sighting/?id=190863
738,15/06/2013,2010s,23:00,Parnell,MO,USA,40.44010646,-94.62313641,Disk,Observed a rotating white light 200-300 yards behind a tree line for 30 mins. Observed line of lights that flashed yellow and gone.,N,https://nuforc.org/sighting/?id=184276
739,31/07/2013,2010s,23:30,Santuario,Liguria,Italy,44.34438797,8.43404487,Disk,"A flying disk moving east, rotating and illuminated by many white lights, one blue center light and an orbitating red light.",Y,https://nuforc.org/sighting/?id=185370
740,15/08/2013,2010s,23:15,Locke,AR,USA,35.67456322,-94.0719907,Triangle,"We were lost and driving on a dirt road when all the sudden we came up on a triangular craft hovering ten feet off the ground silent,",N,https://nuforc.org/sighting/?id=178439
741,15/08/2013,2010s,02:00,Wichita,KS,USA,37.69215445,-97.33790602,Unknown,Strange sounds like deep in the Earth then above the house.,N,https://nuforc.org/sighting/?id=184092
742,19/08/2013,2010s,20:20,Galatia,IL,USA,37.84061967,-88.60920297,Cylinder,"Aircraft with three large triangles of lights, one red triangle with two white triangles on each side rose from a nearby field.",Y,https://nuforc.org/sighting/?id=101320
743,14/09/2013,2010s,20:56,Cullera,Valencia,Spain,39.16311852,-0.2537862,Triangle,"Triangle, old car and humanoids",N,https://nuforc.org/sighting/?id=184073
744,26/09/2013,2010s,20:23,Turlock,CA,USA,37.4945182,-120.8470437,Chevron,"Observed a ""V"" shaped UFO with 15 whitish-yellow lights traverse 105 degrees of sky in 10 seconds, on a heading of 150.",Y,https://nuforc.org/sighting/?id=102673
745,10/11/2013,2010s,20:30,Coraopolis,PA,USA,40.51840983,-80.16675612,Triangle,A large silent triangular UAP hovered above my car,N,https://nuforc.org/sighting/?id=186923
746,28/11/2013,2010s,17:30,Clovis,CA,USA,36.82526485,-119.7032762,Rectangle,Very large object slowly became visible with sound,N,https://nuforc.org/sighting/?id=175185
747,01/12/2013,2010s,19:37,Oklahoma City (near),OK,USA,35.46794407,-97.52941347,Circle,Bright orange-ish round objects over I-35,Y,https://nuforc.org/sighting/?id=105032
748,04/12/2013,2010s,21:30,Temperley,Provincia de Buenos Aires,Argentina,-34.76799324,-58.37938098,Triangle,"I was with my mother in the patio looking at the sky sitting on the deck chair, and suddenly a dull white orb passed from left to right",N,https://nuforc.org/sighting/?id=186305
749,01/01/2014,2010s,20:45,[UNSPECIFIED],An Giang,Vietnam,10.17488303,105.1501217,Disk,"Large white disk-shaped craft, 4 yellow lights reflecting on hull, black markings on bottom, silent, rotated then vanished instantly.",N,https://nuforc.org/sighting/?id=194923
750,04/01/2014,2010s,23:20,North Baltimore,OH,USA,41.18222056,-83.67852842,Orb,11-12 red orbs hovering motionless and noiseless 40-45 ft over the highway in 2 rows of arc formations.,Y,https://nuforc.org/sighting/?id=194745
751,02/02/2014,2010s,20:20,Kariba,Mashonaland West Province,Zimbabwe,-16.51674345,28.84841526,Fireball,Two balls of lava,N,https://nuforc.org/sighting/?id=197412
752,10/04/2014,2010s,00:30,Coy,MS,USA,32.90403907,-88.91349059,Triangle,"Low flying, triangular, black, silent, flew directly overhead at a speed less than 100mph, at an altitude of less than 150 ft AGL.",N,https://nuforc.org/sighting/?id=197926
753,10/04/2014,2010s,22:00,Ashton-in-Makerfield,England,United Kingdom,53.48692068,-2.64428146,CIrcle,"A black circular UFO the diameter of a semi-detached house, as tall as a big SUV. Very dark minimal lighting. Slow and VERY fast.",N,https://nuforc.org/sighting/?id=197292
754,12/04/2014,2010s,20:04,Oahu,HI,USA,21.44139838,-158.0007107,Triangle,Triangle craft roughly 150-180 feet across,N,https://nuforc.org/sighting/?id=177336
755,01/06/2014,2010s,22:00,San Antonio,TX,USA,29.42309392,-98.49204125,Cylinder,4 hovering cylinder/metal UFO's,N,https://nuforc.org/sighting/?id=193421
756,01/06/2014,2010s,23:59,Nanaimo,BC,Canada,49.16607621,-123.9407911,Orb,Two white orbs stationary in the night sky; left orb shot off horizontally and curved upwards very fast; right orb crept away slow,N,https://nuforc.org/sighting/?id=176496
757,13/06/2014,2010s,19:30,Los Angeles,CA,USA,34.0564552,-118.2579761,Orb,They were fast and bright,N,https://nuforc.org/sighting/?id=185098
758,15/07/2014,2010s,15:30,San Antonio,TX,USA,29.42309392,-98.49204125,Disk,Disk that was about 200-3000 ft above the bridge.,N,https://nuforc.org/sighting/?id=178902
759,21/07/2014,2010s,21:34,Torrelodones,Madrid Province,Spain,40.57654293,-3.92948723,Unknown,Close Encounter in our garden. Entities could be heard but not seen.,Y,https://nuforc.org/sighting/?id=176037
760,13/08/2014,2010s,20:02,Seneca,PA,USA,41.3786608,-79.70394725,Triangle,I saw a giant...GIANT flying triangle at close distance directly above,N,https://nuforc.org/sighting/?id=179396
761,17/08/2014,2010s,21:00,Malki Varshets,Gabrovo,Bulgaria,43.09392334,24.97542702,Unknown,UFOs and strange fog/mist,N,https://nuforc.org/sighting/?id=189995
762,01/09/2014,2010s,01:00,Kingsland,TX,USA,30.65828808,-98.44051858,Disk,Disc flew over our heads very slow and close to us,N,https://nuforc.org/sighting/?id=194916
763,01/11/2014,2010s,03:30,Stevenson,AL,USA,34.86895348,-85.84002068,Orb,"Hovering, spinning, plasma foggy like orb",Y,https://nuforc.org/sighting/?id=184101
764,15/11/2014,2010s,23:00,Walford,ON,Canada,46.20893857,-82.23011752,Orb,Giant circle orb that was perfectly white sitting above tree line about the size of the moon but close up,N,https://nuforc.org/sighting/?id=177377
765,22/11/2014,2010s,16:30,Mendoza,TX,USA,30.00564526,-97.68409473,Triangle,Driving we stumbled across the back end of a triangular UFO that stretched from us to over the horizon hovering,N,https://nuforc.org/sighting/?id=197828
766,08/12/2014,2010s,22:00,Military training site [sic - No base name provided],NM,USA,34.5199,-105.8701,Formation,Three lights near our training site.,Y,https://nuforc.org/sighting/?id=116486
767,21/12/2014,2010s,16:30,Warren,PA,USA,41.84387617,-79.14498311,Changing,Large shape-shifting object sitting directly above hill on far side of the the valley,N,https://nuforc.org/sighting/?id=165575
768,31/12/2014,2010s,23:00,Poquoson,VA,USA,37.12236423,-76.34640813,Orb,"One big red glowing orb split into many smaller orbs and shot across the sky at unfathomable speed, then formed a line and disappeared.",N,https://nuforc.org/sighting/?id=178348
769,01/01/2015,2010s,03:00,Westerly,RI,USA,41.37711604,-71.82980462,Unknown,"From my living room I was awakened and compelled to look out my window, that's when I saw a large round bright light in the sky.",N,https://nuforc.org/sighting/?id=180185
770,15/01/2015,2010s,02:30,"Lordsburg (E of, on I-10; 10 mi. W of AZ)",NM,USA,32.35034533,-108.7085372,Triangle,"Large, unmarked, grey triangle shaped craft with bowl shaped hull underside as if to deflect heat upon re-entry under camo-net.",Y,https://nuforc.org/sighting/?id=118681
771,21/01/2015,2010s,17:00,Atlantic Ocean,[UNSPECIFIED],USA,30.6,-78.5,[UNSPECIFIED],"Dark cube-in-sphere objects seen daily for months, no exhaust, held position in hurricane winds, fleet on radar, near-miss with F/A-18.",Y,https://nuforc.org/sighting/?id=197105
772,01/02/2015,2010s,19:40,Tempe,AZ,USA,33.42439179,-111.9395893,Triangle,"I live in Tempe, AZ, a city in the Phoenix metroplex area. As you are probably aware, the Super Bowl was hosted here in Pho",Y,https://nuforc.org/sighting/?id=117121
773,04/03/2015,2010s,16:30,Clear Lake,CA,USA,38.96191034,-122.6312221,Cigar,I saw a cigar shaped craft with black rectangular doors or windows that moved with no sound and it stayed still in high winds,Y,https://nuforc.org/sighting/?id=165517
774,05/03/2015,2010s,04:14,Stillwater,MN,USA,45.05581169,-92.80888338,Triangle,Black triangle with 3 white lights and center red light.,Y,https://nuforc.org/sighting/?id=117619
775,09/03/2015,2010s,20:35,Florence,OR,USA,43.982693,-124.1004438,Other,Dark dome shaped object over house.,Y,https://nuforc.org/sighting/?id=117716
776,11/03/2015,2010s,12:00,Broomfield,CO,USA,39.92084908,-105.0896591,Formation,Standing watch on the bridge wing and seen amber lights surround us and act strangely,N,https://nuforc.org/sighting/?id=180898
777,30/03/2015,2010s,04:15,Winslow,England,United Kingdom,51.94280724,-0.88133612,Orb,Possibly the largest covered-up UFO incursion this century over the UK,N,https://nuforc.org/sighting/?id=194475
778,02/04/2015,2010s,23:56,Aiken,SC,USA,33.56115632,-81.72065333,Cone,Super bright white exenon type cone light.,N,https://nuforc.org/sighting/?id=183425
779,11/04/2015,2010s,23:55,Hayward,CA,USA,37.66870631,-122.0808903,Disk,"Large, Green UFO saucer sighted flying over San Francisco Bay. Size: 100 Yards across! Very clear details.",Y,https://nuforc.org/sighting/?id=126817
780,09/05/2015,2010s,19:30,Springfield,OR,USA,44.04608467,-123.02282,Orb,I saw a large circular “orb” in the sky. I watched it for awhile. And then it took off and disappeared.,N,https://nuforc.org/sighting/?id=180818
781,10/05/2015,2010s,02:45,Wahkon,MN,USA,46.11832072,-93.52102254,Orb,Huge orange-yellow orb,N,https://nuforc.org/sighting/?id=196223
782,10/06/2015,2010s,17:00,Monument,OR,USA,44.81951118,-119.4211846,Circle,Mysteries over Monument,Y,https://nuforc.org/sighting/?id=193908
783,14/06/2015,2010s,01:00,Beeville,TX,USA,28.40061023,-97.74823851,Light,I've reported my sighting here before but I didn't tell the whole story and I wanted to update it. I can give better details on phone,N,https://nuforc.org/sighting/?id=173302
784,20/06/2015,2010s,13:30,Tulsa,OK,USA,36.15565469,-95.98933931,Sphere,"It was approximately noon in southern Tulsa, and my sister, mother and I were headed back from lunch. We saw a strange coppery, round o",Y,https://nuforc.org/sighting/?id=132704
785,22/06/2015,2010s,16:28,"Brzeziny, Witkowice Łódzkie",Łódź Voivodeship,Poland,51.80015385,19.75116505,Circle,"I saw a circle flying from one end of the plot to the other, it had smaller circles around its circumference, it was larger than house.",Y,https://nuforc.org/sighting/?id=179160
786,04/07/2015,2010s,21:00,Saint Joseph,MO,USA,39.76741813,-94.84699055,Other,"Pure Black with white lights underneath, like I never saw before military jets chasing it",N,https://nuforc.org/sighting/?id=183598
787,08/07/2015,2010s,20:00,Westminster,CO,USA,39.83656226,-105.0373874,Disk,Spaceship floating on the east side of the bridge,N,https://nuforc.org/sighting/?id=189616
788,14/07/2015,2010s,22:30,Ely,NV,USA,39.25321295,-114.8743587,Disk,A UFO followed us while driving in Nevada few nights ago.,N,https://nuforc.org/sighting/?id=120450
789,10/08/2015,2010s,17:00,Sandisfield,MA,USA,42.11288761,-73.14300902,Triangle,Craft was floating beyond lake. stopped mid air. sat above our car for an unknown amount of time,Y,https://nuforc.org/sighting/?id=194138
790,15/08/2015,2010s,22:00,Romeo,MI,USA,42.80285372,-83.01302149,Fireball,Sizable fireball that looked like the sun that did not illuminate the sky stood in place behind a tree line for 20+ minutes.,N,https://nuforc.org/sighting/?id=170191
791,20/08/2015,2010s,23:00,Gjilekë,Qarku i Vlorës,Albania,40.15654812,19.62375622,Diamond,UFO in Drymades - The power in the Village Shut Down,N,https://nuforc.org/sighting/?id=187819
792,18/09/2015,2010s,22:20,Jemez Springs,NM,USA,35.76852519,-106.692951,Diamond,Diamond shape objects flying low altitude in Jemez Springs.,Y,https://nuforc.org/sighting/?id=127386
793,19/09/2015,2010s,03:00,Burkes Garden,VA,USA,37.0987533,-81.3399497,Triangle,Black Triangle object with white lights on corners and a big light in the center,N,https://nuforc.org/sighting/?id=190319
794,05/10/2015,2010s,21:30,Somers,CT,USA,41.98518744,-72.4466395,Triangle,"Low flying, slow as my car that was slowing for an intersection, just above tree tops 100' no noise, reversed direction without turning",N,https://nuforc.org/sighting/?id=189862
795,06/10/2015,2010s,15:02,Topanga,CA,USA,34.08991348,-118.6051873,Other,"I didn’t see a craft, I saw an owl.",N,https://nuforc.org/sighting/?id=183872
796,15/10/2015,2010s,14:30,Boomer,NC,USA,36.06794198,-81.25202505,Other,Saw a shiny whirlwind of maybe 20 small silver orbs that rose up off the ground and proceeded to form a shiny whirlwind.,N,https://nuforc.org/sighting/?id=176899
797,10/12/2015,2010s,04:00,Fairgrove,MI,USA,43.52361637,-83.54332308,Rectangle,Large square object floating silently slowly overhead and an object flew out and went in opposite direction.,N,https://nuforc.org/sighting/?id=178218
798,01/01/2016,2010s,22:30,Ridgewood,NJ,USA,40.97866315,-74.11352041,Other,Small craft traveling low and slow with clear dome emitting orange and red light,N,https://nuforc.org/sighting/?id=170889
799,01/01/2016,2010s,17:00,Syracuse,NY,USA,43.04917802,-76.14846478,Orb,"Orb of white light bolted up from ground to cloud level, stopped, then continued beyond the clouds, silently at ~mach 5.",Y,https://nuforc.org/sighting/?id=174885
800,03/01/2016,2010s,23:00,Woodbury,MN,USA,44.92386011,-92.95924327,Triangle,"Triangular aircraft with blue/pink lights arranged into a triangle at the base, blinking every second, quiet & hovering low in the sky.",Y,https://nuforc.org/sighting/?id=125121
801,23/01/2016,2010s,02:00,Sardis,MS,USA,34.43703915,-89.91602497,Teardrop,Close range sighting of two craft hovering next to I55 south of Memphis TN during blizzard,N,https://nuforc.org/sighting/?id=181393
802,10/02/2016,2010s,05:15,Lebanon,OR,USA,44.53688956,-122.9070437,Orb,Large circular craft flew silently over man walking his dog.,Y,https://nuforc.org/sighting/?id=125792
803,12/02/2016,2010s,21:00,Agualva-Cacém,Lisbon,Portugal,38.77210604,-9.29261634,Triangle,"Large triangular object with three lights appeared extremely close to apartment balcony in Cacém, Portugal, then vanished in a bright s",Y,https://nuforc.org/sighting/?id=197631
804,18/03/2016,2010s,19:00,Moab,UT,USA,38.57356292,-109.5510962,Rectangle,Never heard of anything like this anywhere,N,https://nuforc.org/sighting/?id=184621
805,12/05/2016,2010s,23:20,Shanghai (China),[UNSPECIFIED],China,31.24271667,121.4725792,Triangle,"Triangular (V-shaped) flying object spotted in Shanghai, China near Hongqio airport (2016/05/12 @ 23:20)",Y,https://nuforc.org/sighting/?id=127376
806,15/05/2016,2010s,19:30,Fairfax,VA,USA,38.84597176,-77.3053572,Triangle,Triangle craft spotted hovering over neighborhood house,N,https://nuforc.org/sighting/?id=181250
807,01/06/2016,2010s,11:00,Pinellas Park,FL,USA,27.8426206,-82.70000337,Rectangle,"A large, black rectangular box-shaped object in the sky slowly moving eastward, then westward.",N,https://nuforc.org/sighting/?id=179826
808,06/06/2016,2010s,10:30,Cedarcreek,MO,USA,36.57957238,-92.99673141,Cigar,"Spindle-shaped object with no wings, no sound, no vapor trail seen in clear sky in daylight.",Y,https://nuforc.org/sighting/?id=127734
809,10/06/2016,2010s,15:00,Oceanside,CA,USA,33.19750207,-117.3782167,Disk,"I and other children saw it, we ran towards it, we froze and stared as if we couldn't move. I felt numb it evaporated with gassy colors",Y,https://nuforc.org/sighting/?id=185672
810,10/06/2016,2010s,23:00,Shelbyville,IL,USA,39.40638695,-88.79196528,Triangle,"Hovering, Still Triangular Craft Sitting Above Pasture for 5+ Minutes",N,https://nuforc.org/sighting/?id=190977
811,26/06/2016,2010s,19:00,Akron,OH,USA,41.08019237,-81.51905648,Circle,Large Round / Circle Unidentified spaceship hovering above highway,N,https://nuforc.org/sighting/?id=184115
812,01/07/2016,2010s,11:00,In-flight sighting,AR,USA,35.7,-93.5,Sphere,"Round dark metallic object 70 yards from jet aircraft at 30,000 feet.",N,https://nuforc.org/sighting/?id=158546
813,03/07/2016,2010s,03:30,Lenox,MA,USA,42.35718244,-73.28478552,Triangle,"Trees lined both sides of the road, in the sliver of sky above i saw a triangle craft moving left to right, single light on corner",Y,https://nuforc.org/sighting/?id=197705
814,08/07/2016,2010s,21:20,Darby,MT,USA,46.02449061,-114.1780157,Oval,"Bright rows of lights underneath, gigantic saucer moving slowly and no noise to it",N,https://nuforc.org/sighting/?id=198239
815,14/07/2016,2010s,16:18,Poplar,MT,USA,48.11306773,-105.1983423,Triangle,"Lg, silent, black triangle UFO w/ red corner lights & a central light",N,https://nuforc.org/sighting/?id=197153
816,15/07/2016,2010s,23:45,[UNSPECIFIED],Pará,Brazil,-3.4168,-52.2165,Cigar,"At 12 a.m. in Pará, I saw a spinning metallic UFO, ran in fear, and broke into my aunt's house. It vanished at incredible speed.",N,https://nuforc.org/sighting/?id=185382
817,19/07/2016,2010s,22:00,Discovery Bay,CA,USA,37.90855,-121.6009018,Disk,Felt electricity in the air and saw craft rise up from behind house and shoot off at impossible speed,N,https://nuforc.org/sighting/?id=190333
818,13/08/2016,2010s,13:00,Strawberry lake,OR,USA,44.30721814,-118.685008,Disk,USO submerged just under surface of lake water.,N,https://nuforc.org/sighting/?id=179818
819,13/08/2016,2010s,21:00,Teston (UK/England),[UNSPECIFIED],United Kingdom,51.25523943,0.44231892,Triangle,Triangular object with white & blue lights.,Y,https://nuforc.org/sighting/?id=129626
820,15/08/2016,2010s,16:00,Karlsborg,Västra Götaland,Sweden,58.53009057,14.5104465,Light,"I would not exactly call it a light. Orange, all sound quiet except low humming. heavy air, no time. It may been a craft,",N,https://nuforc.org/sighting/?id=183498
821,16/08/2016,2010s,00:30,Lexington,KY,USA,38.03905671,-84.51671306,Circle,It hovered over my car about 30 feet above and in front,N,https://nuforc.org/sighting/?id=182142
822,16/08/2016,2010s,04:10,Edison,NJ,USA,40.51683772,-74.40614118,Triangle,Lighted Triangular Crafts sighted within minutes of each other HIGH OVERHEAD.,Y,https://nuforc.org/sighting/?id=129302
823,19/08/2016,2010s,02:32,Farnborough,England,United Kingdom,51.28676053,-0.75277017,Triangle,I saw 3 orbs in the sky that docked to the bottom of a large triangle ship,N,https://nuforc.org/sighting/?id=182820
824,20/08/2016,2010s,00:00,Independence,KY,USA,38.94308672,-84.54503019,Triangle,it was 3 white lights in a triangle with one red in the middle. shot out a blueish white beam,Y,https://nuforc.org/sighting/?id=182745
825,06/09/2016,2010s,20:20,Angus,ON,Canada,44.32570543,-79.88839237,Other,Craft hovered about 100 feet over and back of houses top part rotated slowly pulsating orange lighting shot away rapidly millisecond,Y,https://nuforc.org/sighting/?id=184415
826,20/09/2016,2010s,21:00,Elmore County (House Mountain Road),ID,USA,43.4813532,-115.4868489,Light,My son and I were elk hunting in Area 39 when we were headed back to camp in my station wagon after hunting near the lake till dark.,N,https://nuforc.org/sighting/?id=131629
827,11/10/2016,2010s,13:35,Ocean Shores,WA,USA,47.00687191,-124.1599452,Circle,Saw a large white ball with tail made it look like Star Ship Enterprise clear sky.,Y,https://nuforc.org/sighting/?id=130601
828,14/10/2016,2010s,19:45,Portland,OR,USA,45.51325274,-122.6811758,Sphere,Two 14-Inch Silver Orbs Flew Over My Car!,Y,https://nuforc.org/sighting/?id=195553
829,13/11/2016,2010s,20:16,Wheeling,West Virginia,USA,40.06481749,-80.71983869,Triangle,3 triangle crafts hovering along side of Rt 70 in WV. PA. State line,Y,https://nuforc.org/sighting/?id=180026
830,20/11/2016,2010s,14:00,Sylmar,CA,USA,34.29942641,-118.4593226,Unknown,"Metallic and silent, slowly rotating object passes over my house in the afternoon.",Y,https://nuforc.org/sighting/?id=175804
831,04/12/2016,2010s,22:40,Huntington Beach,CA,USA,33.66232383,-117.9988348,Chevron,Fast-moving craft with gray lights over suburban Huntington Beach.,Y,https://nuforc.org/sighting/?id=131630
832,10/12/2016,2010s,18:30,Lahaina,HI,USA,20.88226748,-156.6817352,Rectangle,"White/blue bright object travelling west @ 6:30 pm over Pacific Ocean in Lahaina, HI.",Y,https://nuforc.org/sighting/?id=131701
833,15/12/2016,2010s,20:00,Davie,FL,USA,26.07660408,-80.25188988,Egg,Ultra-Bright White Blimp like Object. ((anonymous report)),Y,https://nuforc.org/sighting/?id=131791
834,28/01/2017,2010s,20:50,Sahuarita,AZ,USA,31.9581887,-110.9557512,Formation,"Formation of steady, orange lights east of Sahuarita AZ traveling SSW. Visible for appx. 6 minutes.",Y,https://nuforc.org/sighting/?id=132359
835,19/04/2017,2010s,23:55,Newton,AL,USA,31.33518471,-85.60525983,Triangle,Silent triangle UFO.,Y,https://nuforc.org/sighting/?id=133724
836,25/04/2017,2010s,23:45,Ponca City,OK,USA,36.7073831,-97.08586019,Circle,"Flying on American airline flight 299 to Tulsa, saw 2 craft. One a half circle with two lights bordering the entire outer edge.",Y,https://nuforc.org/sighting/?id=133835
837,02/05/2017,2010s,15:30,New York,NY,USA,40.71264029,-74.01728347,Disk,"We saw two wobbly disk shaped flying saucers slowly flying down the street, they went behind a building and we lost sight of them.",N,https://nuforc.org/sighting/?id=182204
838,02/05/2017,2010s,15:30,Manhattan,UT [sic - likely refers to NY ],USA,40.76891352,-73.98228027,Disk,"We saw two wobbly disc shaped flying saucers flying down the street, they then went behind a building and we lost sight of them.",N,https://nuforc.org/sighting/?id=174963
839,10/05/2017,2010s,23:00,McComb,MS,USA,31.24391938,-90.45370737,Triangle,3 spiral orange circles in triangle formation,N,https://nuforc.org/sighting/?id=183132
840,13/05/2017,2010s,05:00,Houma,LA,USA,29.59587432,-90.71969112,Triangle,A bright orange triangle that performed maneuvers no known craft could do,Y,https://nuforc.org/sighting/?id=196665
841,23/05/2017,2010s,20:20,Eagle Point,OR,USA,42.47242548,-122.80318,Unknown,"Missing time, teleportation, entity encounter, video of entity after encounter, ""dream"" following",Y,https://nuforc.org/sighting/?id=194217
842,13/06/2017,2010s,02:30,Gesves,Région Wallonne,Belgium,50.41271259,5.06929895,Cube,Square drone shape the size of a stadium,N,https://nuforc.org/sighting/?id=186051
843,21/06/2017,2010s,08:38,Unionville,MO,USA,40.47693965,-93.00356239,Triangle,My whole family saw a large black triangular craft hovering silently over our shed,N,https://nuforc.org/sighting/?id=195016
844,07/07/2017,2010s,22:00,New York,NY,USA,40.71264029,-74.01728347,Sphere,"White sphere hovered over to my backyard, stayed stagnant for about 40 seconds and slowly left.",N,https://nuforc.org/sighting/?id=185330
845,10/07/2017,2010s,23:00,Elmira,NY,USA,42.0914005,-76.80516171,Triangle,5 friends and myself see black craft come through valley and hover over us,N,https://nuforc.org/sighting/?id=165720
846,14/07/2017,2010s,16:30,Tacoma,WA,USA,47.25515574,-122.441618,Light,"I seen a huge light, we were being elevated. I couldn't tell if it was the whole truck or just me or us both.",N,https://nuforc.org/sighting/?id=177046
847,22/07/2017,2010s,22:15,Montreal (Canada),QC,Canada,45.50086081,-73.57180879,Triangle,"Green illuminated ""V"" shape seen above Montreal, Quebec, Canada. ((NUFORC Note: Witness is skilled & highly educated scientist. PD))",Y,https://nuforc.org/sighting/?id=135305
848,02/08/2017,2010s,19:30,Herceg Novi,[UNSPECIFIED],Montenegro,42.45760826,18.53123452,Triangle,"The object was shaped like a double-sided pyramid or 3D diamond — completely symmetrical, hovering in place, and entirely silent.",Y,https://nuforc.org/sighting/?id=188716
849,11/08/2017,2010s,00:30,Georgetown,KY,USA,38.20968743,-84.5594351,Disk,"It was about 300 to 500 feet long, it had lights all over it, it made no sound at all, it had huge cylinder stacks on top",Y,https://nuforc.org/sighting/?id=175701
850,09/09/2017,2010s,22:30,Monroe,OH,USA,39.44516874,-84.36102115,Light,"Formation of red lights over Monroe, Ohio.",Y,https://nuforc.org/sighting/?id=136100
851,18/09/2017,2010s,22:55,Superior,CO,USA,39.9527005,-105.1682764,Chevron,"Large, fast chevron flies directly overhead.",Y,https://nuforc.org/sighting/?id=136234
852,24/09/2017,2010s,20:45,Mount Holly,NC,USA,35.29590249,-81.01656628,Light,"A formation of bright yellow-orange lights, motionless, and electrical effects.",Y,https://nuforc.org/sighting/?id=136360
853,02/10/2017,2010s,17:00,San Francisco,CA,USA,37.77463341,-122.4175338,Other,Object below port side wing of commercial airline,N,https://nuforc.org/sighting/?id=172996
854,18/10/2017,2010s,04:30,Salt Lake City,UT,USA,40.76024913,-111.8896951,Disk,Black disc 60 ft wide tons of antennas sticking out of it the skin of the craft had the topography of a computer chip it was .,N,https://nuforc.org/sighting/?id=193337
855,06/11/2017,2010s,21:30,Terra Bella,CA,USA,35.96237067,-119.0440954,Triangle,Football field triangle shape slow flying and low and 2 jet fighters escorting,N,https://nuforc.org/sighting/?id=181067
856,12/11/2017,2010s,21:00,Franklin,NC,USA,35.18248198,-83.38089083,Rectangle,large and slow moving object,N,https://nuforc.org/sighting/?id=183885
857,17/11/2017,2010s,16:20,Beaver,UT,USA,38.27699242,-112.6413019,Cylinder,"The UFO came from the eastern mountains and continued over Beaver, Utah to the west side of Utah I-15.",N,https://nuforc.org/sighting/?id=178332
858,14/12/2017,2010s,19:00,Santa Fe,NM,USA,35.68993653,-105.9479202,Triangle,"Triangular object with bright green lights near Santa Fe, NM.",Y,https://nuforc.org/sighting/?id=137810
859,15/12/2017,2010s,12:00,winooski,VT,USA,44.49139908,-73.18640668,Oval,"broad daylight, about 20 feet above highway 89 S, white colored oval shaped craft from right side to left side, going slow, no wings.",N,https://nuforc.org/sighting/?id=170375
860,24/12/2017,2010s,03:00,Jackson Township,NJ,USA,40.13881943,-74.267678,Oval,"Straight above the house a black blackest black oval shape ship, large the size of my aunt's roof or more. Shooting white beams.",N,https://nuforc.org/sighting/?id=189341
861,14/02/2018,2010s,19:00,Monrovia,MD,USA,39.35721045,-77.26945642,Orb,"Orb entered my house, into my family room from kitchen area, orb crossed in front of me made a 90 degree turn toward me to my left gone",N,https://nuforc.org/sighting/?id=177823
862,06/03/2018,2010s,04:00,Spring Hill,FL,USA,28.48300588,-82.53799675,Light,"Bright blue star looked very close and big, illuminated everything,disappeared instantly left a small rift in sky for a few seconds.",Y,https://nuforc.org/sighting/?id=190388
863,10/03/2018,2010s,14:00,[UNSPECIFIED],UT,USA,38.65,-110.7,Cigar,"Silent 50-75 foot long cigar-shaped object flies towards cliff near witness, climbs, and then ""winks out."" Phone battery drained.",N,https://nuforc.org/sighting/?id=199244
864,16/04/2018,2010s,22:25,Port Charlotte,FL,USA,27.01081767,-82.14280679,Chevron,Low V shapped craft at about 1000 to 2000 ft. passed low and fast. Roughly 7 or 8 puck type dull lights underneath,Y,https://nuforc.org/sighting/?id=171060
865,17/04/2018,2010s,23:00,East Meadow,NY,USA,40.71394202,-73.55964808,Triangle,"Large triangular shaped ship hovered in the sky, no noise, deep black…",N,https://nuforc.org/sighting/?id=176254
866,09/05/2018,2010s,18:45,Edgemont,SD,USA,43.30104231,-103.825272,Triangle,"Black Triangle directly above us in the evening, had lights all around the bottom edges, slowly became transparent as it moved NW",N,https://nuforc.org/sighting/?id=188051
867,16/05/2018,2010s,02:00,Mount Angel,OR,USA,45.06792891,-122.800331,Disk,I saw a saucer style UFO surrounded by an orange red orb,N,https://nuforc.org/sighting/?id=190663
868,14/06/2018,2010s,23:30,Walled Lake,MI,USA,42.53766197,-83.4817635,Octahedron,I was walking down the airline trail with my brother late that night and a octahedron flew down out of the sky from the south.,N,https://nuforc.org/sighting/?id=194225
869,16/06/2018,2010s,00:00,Salida,CO,USA,38.53476695,-105.9988661,Unknown,Gaseous purple orb pulsating in sky very bright lit up area like firework no sound purple light on outside pink light inside,N,https://nuforc.org/sighting/?id=180710
870,18/06/2018,2010s,02:00,Bankston,IA,USA,42.50927773,-90.9610555,Disk,A craft started at the top of the hill flew down to me at tree top level staying flat stopped in front of me 40 feet then went right,N,https://nuforc.org/sighting/?id=191000
871,20/06/2018,2010s,18:00,Hiddenhausen,Nordrhein Westfalen,Germany,52.16856165,8.62588851,Cigar,A huge tube right in the sky in front of my nose.,N,https://nuforc.org/sighting/?id=180104
872,18/07/2018,2010s,20:26,Redmond,OR,USA,44.27246666,-121.1736763,Cube,Black cube in translucent sphere hovering while observing Air Force aircraft refueling midair.,N,https://nuforc.org/sighting/?id=197892
873,21/07/2018,2010s,00:00,Whitehall,MT,USA,45.86934258,-112.0985503,Unknown,Spinning craft on a vertical axis,N,https://nuforc.org/sighting/?id=181106
874,13/08/2018,2010s,02:30,Skopje,Butel Municipality,Macedonia,41.99984831,21.42660612,Other,"Object was boomerang shaped, it had big white lights and it moved very fast from west to east, around the height that a plane flies on",Y,https://nuforc.org/sighting/?id=166359
875,15/08/2018,2010s,22:30,Ontario (Canada),ON,Canada,51.49137078,-86.59602385,Light,Light encircling my truck.,N,https://nuforc.org/sighting/?id=165751
876,15/09/2018,2010s,20:00,Hemet,CA,USA,33.74801773,-116.9717297,Triangle,"Black triangle, moving slowly over a crowded street for about 10-15 seconds",Y,https://nuforc.org/sighting/?id=175048
877,04/10/2018,2010s,21:30,SE Arizona (I-10 EB),AZ,USA,32.25,-109.83,Disk,Translucent saucer shaped object with bright Peridot green almost hypnotic bright lights on both ends,N,https://nuforc.org/sighting/?id=143381
878,17/10/2018,2010s,11:34,Fort Richardson,AK,USA,61.25371391,-149.6917543,Disk,"Craft was hovering in place over hangers, flew south-west and upwards faster than any commercial or military craft I've seen.",N,https://nuforc.org/sighting/?id=174836
879,23/10/2018,2010s,06:05,Winston-Salem,NC,USA,36.09499348,-80.24328491,Triangle,At 6 am today (10-23-2018) to have a cigarette and a minute or two later directly above me was a object 100ft wide 50ft length.,Y,https://nuforc.org/sighting/?id=143562
880,24/10/2018,2010s,23:00,[UNSPECIFIED],AR,USA,34.78,-92.9,Circle,"Two hour experience that was blacked out digitally from being recorded, but several different lights in different areas of the sky",N,https://nuforc.org/sighting/?id=189411
881,13/11/2018,2010s,23:30,Freeland,WA,USA,48.00953109,-122.526026,Triangle,Low flying quarter mile wide / long triangular aircraft making an odd noise,N,https://nuforc.org/sighting/?id=198919
882,23/11/2018,2010s,21:00,Terre Haute,IN,USA,39.46577823,-87.41383458,Changing,Triangular/diamond shaped craft with orange lights hovered above street lights for several minutes over traffic.,N,https://nuforc.org/sighting/?id=178929
883,30/11/2018,2010s,22:30,Seven Devils,NC,USA,36.1441167,-81.82660765,Rectangle,"Football field sized rectangle, black, near Boone N.C. that disappeared at a high rate of speed.",Y,https://nuforc.org/sighting/?id=143949
884,11/12/2018,2010s,06:00,Ciliau Aeron,Wales,United Kingdom,52.20994102,-4.1944386,Sphere,"A house-sized orb flying West then hovering, then East, sparks of molten metal.",N,https://nuforc.org/sighting/?id=181964
885,13/12/2018,2010s,20:00,Cleveland,GA,USA,34.59703128,-83.76307595,Triangle,Saw a large black triangle with lights move very quickly over road.,N,https://nuforc.org/sighting/?id=182933
886,18/12/2018,2010s,02:00,Loveland,CO,USA,40.39630701,-105.0753971,Cigar,Grey cigar shaped craft with Nordic beings,N,https://nuforc.org/sighting/?id=194585
887,19/12/2018,2010s,19:45,Driggs,ID,USA,43.7230012,-111.1111794,Changing,A cloud was flickering and a huge object came out of cloud,Y,https://nuforc.org/sighting/?id=182104
888,02/01/2019,2010s,02:00,NA,[UNSPECIFIED],USA,32.5,-140,Orb,High altitude light that flashed on/off over the course of ~10 seconds. (((NUFORC Note> Report from airline co-pilot. PD)),N,https://nuforc.org/sighting/?id=173813
889,03/01/2019,2010s,17:20,Easthampton,MA,USA,42.2665766,-72.66961129,Diamond,Bright white lights of a diamond shaped craft seen above Connecticut river on Easthampton/Northampton line (rt. 5).,Y,https://nuforc.org/sighting/?id=144281
890,01/02/2019,2010s,02:00,Umatilla,FL,USA,28.92924771,-81.6654626,Triangle,"A large triangular craft moving toward and away from Pinecastle Impact Range in Ocala National Forest, and others",Y,https://nuforc.org/sighting/?id=183566
891,18/05/2019,2010s,02:00,Al Hofuf,Eastern Province,Saudi Arabia,25.38451308,49.59065088,Orb,"A basketball-sized orb with shifting light spikes blocked my path at 2 AM, emitted sparks when I shouted, then shrank and vanished.",N,https://nuforc.org/sighting/?id=187217
892,01/06/2019,2010s,19:00,Olympia,WA,USA,47.04497718,-122.8970416,Circle,"2 round UFOs, quietly hovering over a field about 200 yards from myself. They moved horizontally very quickly in unison then flew up.",N,https://nuforc.org/sighting/?id=175803
893,15/07/2019,2010s,20:25,Piqua,OH,USA,40.14481653,-84.24243113,Rectangle,"An opening (hole, portal) in the fabric of space. ((NUFORC Note: See excellent illustration by witness on NUFORC homepage. PD))",Y,https://nuforc.org/sighting/?id=148793
894,19/07/2019,2010s,21:00,Seabrook,TX,USA,29.56485593,-95.02646763,Triangle,"At 9pm on a Thursday evening, a triangle-shaped aircraft flew over my backyard--virtually silent, with 3 circles of lights underneath.",N,https://nuforc.org/sighting/?id=177464
895,08/08/2019,2010s,08:45,Chicago,IL,USA,41.88115476,-87.63301383,Other,"Metallic pill shaped craft, no windows or obvious method of propulsion",N,https://nuforc.org/sighting/?id=185409
896,16/08/2019,2010s,22:30,Northfield,MA,USA,42.69602039,-72.45276891,Other,"Flew over our car, dead silent. It had turned off the lights we'd seen, flying just over treetops",Y,https://nuforc.org/sighting/?id=186942
897,18/09/2019,2010s,20:30,Tuscola,IL,USA,39.79904912,-88.28280408,Triangle,pure black triangle huge with 7 red lights very slow moving north to south watched it till the angle became to hard to see it,N,https://nuforc.org/sighting/?id=183870
898,20/09/2019,2010s,23:56,Rachel,NV,USA,37.64463934,-115.7425206,Orb,Orangy/Amber orbs of light up close,N,https://nuforc.org/sighting/?id=149880
899,31/10/2019,2010s,18:00,Saint Paul,MN,USA,44.95391508,-93.09026336,Rectangle,Detailed sighting of a black rectangular craft with circles on the bottom. Seen traveling then vanished!,Y,https://nuforc.org/sighting/?id=151616
900,16/11/2019,2010s,17:30,Robstown,TX,USA,27.79049488,-97.66894544,Cylinder,Alien Ship Encounter,Y,https://nuforc.org/sighting/?id=189058
901,20/11/2019,2010s,23:17,[UNSPECIFIED],[UNSPECIFIED],[UNSPECIFIED],27,-78.5,Sphere,Bright object resembling star or satellite in night sky traveling at tremendous speed does figure 8 above our cruise ship in night sky.,N,https://nuforc.org/sighting/?id=151509
902,01/01/2020,2020s,19:00,Fort Scott,KS,USA,37.83963823,-94.70804021,Light,"Blinding light enveloped us while driving, missing time",N,https://nuforc.org/sighting/?id=180220
903,15/01/2020,2020s,02:00,Los Angeles,CA,USA,34.0564552,-118.2579761,Sphere,I awoke to find an udulating beach ball sized black sphere hovering in my kitchen.,Y,https://nuforc.org/sighting/?id=160151
904,21/02/2020,2020s,19:30,Scottsdale,AZ,USA,33.49492153,-111.924361,Other,"Bank of what looked like blacklight screens flashing hypnotic patterns over intersection, then turning and floating off",Y,https://nuforc.org/sighting/?id=165569
905,22/04/2020,2020s,00:00,Birmingham,England,United Kingdom,52.48184157,-1.89688643,Triangle,Huge Silent Black Triangle,N,https://nuforc.org/sighting/?id=193454
906,28/04/2020,2020s,05:30,New Orleans,LA,USA,29.95108373,-90.07964434,Triangle,300ft triangle craft about 75-100ft off the ground.,Y,https://nuforc.org/sighting/?id=191654
907,13/05/2020,2020s,23:59,Haslet,TX,USA,32.97502154,-97.34799852,Cigar,"Observed an orb of light in the sky moving in an unusual pattern. Disappeared & reappeared right behind my home, less than 250-300 yrds",N,https://nuforc.org/sighting/?id=181886
908,25/05/2020,2020s,12:05,Drama,[UNSPECIFIED],Greece,41.15094312,24.14679226,Triangle,"Small transparent triangle objects,with edges in an rgb-like refractive effect to what one see when light passes through a glass prism",Y,https://nuforc.org/sighting/?id=190625
909,04/06/2020,2020s,02:15,East Greenwich,RI,USA,41.6330352,-71.51393327,Cigar,Very large object lower then the altitude of a small aircraft,N,https://nuforc.org/sighting/?id=182680
910,01/07/2020,2020s,22:30,Myrtle Beach,SC,USA,33.69533714,-78.88243431,Disk,As a Blackhawk crewchief I witnessed something that looked like the energizer bunny witness commercial.,N,https://nuforc.org/sighting/?id=182344
911,09/07/2020,2020s,04:35,Argonia,KS,USA,37.26580082,-97.76551486,Cigar,"The craft was barely above the tree line as I was walking. It had no sound, moved slowly and a row of green solid lights.",N,https://nuforc.org/sighting/?id=190738
912,14/07/2020,2020s,22:30,Horseshoe Bay,TX,USA,30.54405635,-98.37029965,Diamond,"Small, black, diamond shaped aircraft that operated silently and at supersonic speed",Y,https://nuforc.org/sighting/?id=177385
913,15/07/2020,2020s,23:00,Ithaca,NY,USA,42.44390464,-76.50206585,Sphere,"A red sphere, a diameter of about five feet, zoomed from the horizon to 10 to 20 feet above me, where it hovered for almost a minute,",N,https://nuforc.org/sighting/?id=188076
914,20/07/2020,2020s,22:00,Birmingham (UK/Wales),United Kingdom,United Kingdom,52.48184157,-1.89688643,Rectangle,Bus sized craft moving overhead at about 20 miles an hour. Silent with rear facing triple powerful lights still in view 20 min,N,https://nuforc.org/sighting/?id=165638
915,06/08/2020,2020s,23:09,Saint-Maurice-près-Crocq,Nouvelle Aquitaine,France,45.87455664,2.32590729,Triangle,Triangle with 4 stroboscobic white lights seen at 80 feet high,N,https://nuforc.org/sighting/?id=198192
916,12/08/2020,2020s,22:00,East Kilbride,South Lanarkshire,United Kingdom,55.7642522,-4.17769063,Disk,Disk shaped object that was hovering behind the trees on the golfcourse only a few feet above the ground.,N,https://nuforc.org/sighting/?id=173429
917,17/08/2020,2020s,22:14,Canton,GA,USA,34.23681607,-84.49001341,Triangle,A very large triangle shaped object low to the ground,N,https://nuforc.org/sighting/?id=175599
918,19/09/2020,2020s,23:00,Billings,MT,USA,45.7832162,-108.506283,Sphere,"I was coming down from the airport road to the heights, my friend points out the UFO, we drive down the heights to park, and under ufo",Y,https://nuforc.org/sighting/?id=194601
919,24/09/2020,2020s,21:30,Chico,CA,USA,39.72831101,-121.8385421,Unknown,"after checking out the bear fire, very large craft lept from under 10,000ft to outer space in 1 sec, and zipped around ~10,000mph+",N,https://nuforc.org/sighting/?id=181185
920,30/09/2020,2020s,18:45,Seymour,CT,USA,41.39731797,-73.0750344,Rectangle,Me and My fiance on our way to dinner have a rectangular UFO the size of a football field silently fly over car,N,https://nuforc.org/sighting/?id=179052
921,08/10/2020,2020s,14:28,Norman,OK,USA,35.22218822,-97.44525176,Rectangle,"Viewed a 5"" by 5"" UFO with an orbiter 15 ft away.",Y,https://nuforc.org/sighting/?id=179585
922,14/10/2020,2020s,20:30,Coupeville,WA,USA,48.21977465,-122.6863807,Rectangle,Complete detailed close encounter story,Y,https://nuforc.org/sighting/?id=193899
923,23/10/2020,2020s,19:00,North Port,FL,USA,27.07542693,-82.20360268,Triangle,Night. Parking lot. Craft silently moved across. Very low. V shape craft. Silent. Metallic. Lights reflected off it.,Y,https://nuforc.org/sighting/?id=189027
924,31/10/2020,2020s,00:03,Manassas,VA,USA,38.75125698,-77.47070533,Triangle,On 10/31/20 at 12:03am a brightly lit triangle passed silently over my car.Entire structure lit from inside.,Y,https://nuforc.org/sighting/?id=175503
925,18/12/2020,2020s,17:00,Great Barrington,MA,USA,42.19475062,-73.3637125,Triangle,"Triangle, 40 to 50 feet long, dark grey, a point of light on each corner, 3 very bright lights clustered on bottom middle, each about 4",N,https://nuforc.org/sighting/?id=170992
926,01/01/2021,2020s,03:00,[UNSPECIFIED],[UNSPECIFIED],International Waters,15,-70,Orb,Orb flying sporadically a few hundred yards off of our cruise ship.,Y,https://nuforc.org/sighting/?id=179402
927,18/01/2021,2020s,03:28,Port Coquitlam,BC,Canada,49.26298601,-122.780595,Orb,"Entity resembling grey alien in my home left my daughters room, then in my room sedated me. I woke 4 mins later to see orb outside",Y,https://nuforc.org/sighting/?id=176390
928,21/01/2021,2020s,15:05,Clifton,VA,USA,38.78012493,-77.38673587,Unknown,"8 Objects Seen High in Circular Formation, 6 Disappear, and 2 Travel West",N,https://nuforc.org/sighting/?id=178517
929,10/02/2021,2020s,19:00,Seymour,CT,USA,41.39731797,-73.0750344,Teardrop,Me and My fiance seen a craft the size of a football field glide silently over the road in front of our car.,N,https://nuforc.org/sighting/?id=173015
930,11/02/2021,2020s,06:17,[UNSPECIFIED],MI,USA,44.3467,-85.4102,Orb,"UFO flew at high speeds from out of sight, stopped above field, shot out yellow plasma propellant, flew out of sight in 1 second",Y,https://nuforc.org/sighting/?id=174954
931,24/02/2021,2020s,13:31,Virginia Beach,VA,USA,36.85009538,-75.97849659,Light,A bright flash of white light from straight ahead that passed directly under our airplane within 3-5 seconds of appearing,N,https://nuforc.org/sighting/?id=173496
932,28/02/2021,2020s,08:20,Kennewick,WA,USA,46.20874627,-119.1200391,Triangle,Huge black triangle with 3-4 lights on the sides floating above my house.,Y,https://nuforc.org/sighting/?id=162304
933,01/03/2021,2020s,08:15,Richardson,TX,USA,32.94830243,-96.73088716,Cylinder,Very large fat Cylinder craft close to my location,Y,https://nuforc.org/sighting/?id=179060
934,06/03/2021,2020s,15:58,St. Joseph,MI,USA,42.09417476,-86.48840081,Sphere,Metallic sphere. Clear photograph at beach. Object went up and down the shoreline before disappearing in the distance.,Y,https://nuforc.org/sighting/?id=193755
935,09/03/2021,2020s,19:43,Ball Ground,GA,USA,34.33754675,-84.37889678,[UNSPECIFIED],MADAR Node 129 (spikes found in data).,N,https://nuforc.org/sighting/?id=170115
936,09/03/2021,2020s,19:43,Ball Ground,GA,USA,34.33754675,-84.37889678,Cylinder,"Bright cylinder, rectangle observed above roof. Sensed by service dog, camera and madar.",N,https://nuforc.org/sighting/?id=170887
937,11/03/2021,2020s,18:45,Clinton,MS,USA,32.34200582,-90.32203013,Triangle,"Triangle, about 20-25 ft sides. Moved slowly ( 20-35 mph). No sound. Red light on bottom in middle. Really bright white light on front",N,https://nuforc.org/sighting/?id=181061
938,26/03/2021,2020s,07:15,Luning,NV,USA,38.50535875,-118.1784233,Triangle,US Military transporting UFO in Nevada,N,https://nuforc.org/sighting/?id=162960
939,01/04/2021,2020s,23:00,Mulvane,KS,USA,37.47456284,-97.24389325,Triangle,My friend and I were driving late night in a rural area and saw a triangle UAP hovering closely above our vehicle.,N,https://nuforc.org/sighting/?id=190025
940,09/04/2021,2020s,22:25,Woodstock,NH,USA,43.97771462,-71.68372254,Disk,Blinking lights in the sky on normal route home and 4 hours of missing time,N,https://nuforc.org/sighting/?id=174998
941,06/05/2021,2020s,18:48,Moab,UT,USA,38.57356292,-109.5510962,Sphere,"Filmed two spherical metal objects fly by, both following the same flight path.",Y,https://nuforc.org/sighting/?id=176140
942,09/05/2021,2020s,04:50,Saint Labre,MB,Canada,49.33367243,-96.03521382,Rectangle,I was outside and saw an object floating above my house.,Y,https://nuforc.org/sighting/?id=183409
943,10/05/2021,2020s,12:15,North of Sarasota,FL,USA,27.33686975,-82.53131414,Oval,"Various UFO's photographed May 10, 2021 from a United Airlines airplane between St. Petersburg and Sarasota FL.",Y,https://nuforc.org/sighting/?id=165887
944,15/05/2021,2020s,21:45,W.T. Wooten Wild Life Are,WA,USA,46.34135253,-117.676694,Oval,Unpacking for camp we all see large cylinder 200 yards long with 6 lights on it moving slow and making no sound 400 to 500 yards away,N,https://nuforc.org/sighting/?id=175496
945,21/05/2021,2020s,17:40,Robertson,Western Cape,South Africa,-33.81422752,19.89753932,Orb,Craft approached me with 1 very strong but not blinding centre light parking above me from ca.25 metres,N,https://nuforc.org/sighting/?id=180051
946,21/05/2021,2020s,19:20,Owensboro,KY,USA,37.76733137,-87.11229767,Disk,"Saucer disk larger than a large SUV ascended from the field next to my house, where I lived at the time, in a tumbling motion.",N,https://nuforc.org/sighting/?id=177435
947,21/05/2021,2020s,16:40,Not sure (was in airplane),[UNSPECIFIED],[UNSPECIFIED],38.82,-79.82,Sphere,"A spinning silverish sphere passed under my aircraft at high rate of speed, saw out window.",N,https://nuforc.org/sighting/?id=175440
948,26/05/2021,2020s,13:00,Sapulpa,OK,USA,35.99935919,-96.11613991,Disk,"I witnessed a UFO near my house. Metallic, omnidirectional, silent, observed us, displayed its lights to us before flying away",N,https://nuforc.org/sighting/?id=196239
949,05/06/2021,2020s,07:30,Rainhill,England,United Kingdom,53.41559447,-2.7649252,Sphere,Brushed aluminium silver solid metallic sphere dropped from the sky and crossed directly overhead.,N,https://nuforc.org/sighting/?id=181554
950,11/06/2021,2020s,22:15,Huntley,IL,USA,42.16821139,-88.42780235,Unknown,Clear night sky van-sized object floating no sound,N,https://nuforc.org/sighting/?id=175364
951,13/06/2021,2020s,06:00,Kyzylorda,Kyzylorda Region,Kazakhstan,44.85142235,65.4813586,Disk,I saw a metallic flying object in the sky near Kyzylorda. It had a round shape with a middle part resembling a disk. The object hovered,N,https://nuforc.org/sighting/?id=187915
952,22/06/2021,2020s,00:36,Buffalo,NY,USA,42.88715434,-78.87817777,Teardrop,The large metallic object sat just above the trees,N,https://nuforc.org/sighting/?id=177308
953,08/07/2021,2020s,18:15,Pleasant Prairie,WI,USA,42.55284422,-87.93431272,Triangle,"We saw two large black triangles, they had 3 circular white/cream lights, one on each tip. No sound",N,https://nuforc.org/sighting/?id=198160
954,14/07/2021,2020s,21:00,Wainwright,AB,Canada,52.84315621,-110.8503917,Triangle,"Close-range observation of silent, black triangular craft near CFB Wainwright. ""Oz Factor"" silence experienced.",Y,https://nuforc.org/sighting/?id=195779
955,31/07/2021,2020s,03:30,Klerksdorp,North West,South Africa,-26.86042786,26.66339479,Other,UAP over Rhino Sanctuary.,Y,https://nuforc.org/sighting/?id=178319
956,07/08/2021,2020s,22:49,Victor,CO,USA,38.70998938,-105.1403137,Circle,Multiple Circular Objects Hovered Over Local Gold Mine,Y,https://nuforc.org/sighting/?id=171743
957,09/08/2021,2020s,04:15,[UNSPECIFIED],ID,USA,44.0682,-114.742,Sphere,Being walking out of woods into electrical glowing field.,N,https://nuforc.org/sighting/?id=183673
958,18/08/2021,2020s,04:45,Hoquiam,WA,USA,46.97719483,-123.8836151,Oval,"Could not see the top or bottom till it started turning and could see the top, it was huge. 3 stars flew to the craft, gone in a flash",N,https://nuforc.org/sighting/?id=191568
959,19/08/2021,2020s,22:30,Port Angeles,WA,USA,48.11797984,-123.4297211,Disk,Stargazing with binoculars I saw a ship land on the mountain in front of my home,N,https://nuforc.org/sighting/?id=175116
960,21/08/2021,2020s,03:30,Winslow,IN,USA,38.38223935,-87.21314249,Triangle,Huge triangle above me hovering with 3 lights shape of a traingle,N,https://nuforc.org/sighting/?id=182415
961,03/09/2021,2020s,23:30,Ontario (Canada),ON,Canada,51.49137078,-86.59602385,Sphere,"Seen lights flashing in the sky like high beams. Lights stopped, seconds later an enormous sphere with giant coloums appeared.",N,https://nuforc.org/sighting/?id=165722
962,06/09/2021,2020s,13:00,Knjazevac,[UNSPECIFIED],Serbia,43.56884156,22.2575276,Circle,Undefined aircraft,Y,https://nuforc.org/sighting/?id=180039
963,13/09/2021,2020s,12:30,Edmonton,AB,Canada,53.54740694,-113.4927,Sphere,Huge sphere like 10 meters in diameter with six symmetrical cone like spikes.,Y,https://nuforc.org/sighting/?id=170904
964,07/10/2021,2020s,22:30,Artesia,NM,USA,32.84264908,-104.4033917,Changing,Box/Triangle/Orb/Fireball,N,https://nuforc.org/sighting/?id=196394
965,10/10/2021,2020s,23:00,Ringgold,LA,USA,32.32878571,-93.28008257,Triangle,"Triangle shape with a light on each corner, one spotlight on me, hovering with no sound bigger than a car slow moving.",Y,https://nuforc.org/sighting/?id=175470
966,15/10/2021,2020s,22:00,Peru,IN,USA,40.75371395,-86.06884914,Disk,"Military base closes for day, UFO seen leaving base.",N,https://nuforc.org/sighting/?id=172507
967,21/10/2021,2020s,00:01,Natchitoches,LA,USA,31.76030036,-93.08650048,Rectangle,Large metallic rectangular craft with metal x shaped scaffolding on either side of it.,N,https://nuforc.org/sighting/?id=185047
968,21/10/2021,2020s,23:10,Calgary,AB,Canada,51.04391533,-114.0720522,Cigar,Object was flying east at great speed glowing bright florescent blue and changed direction instantly and 5 sec later it was gone,N,https://nuforc.org/sighting/?id=177451
969,30/10/2021,2020s,03:05,Warren,MI,USA,42.51450203,-83.01499799,Changing,8-10 min changing from pink to orange and not having much of a shape. Then flew high behind the clouds and lit up 3x.,N,https://nuforc.org/sighting/?id=182883
970,31/10/2021,2020s,07:15,Sisal,Yucatan,Mexico,21.16683787,-90.02463533,Oval,"Large bronze metallic cigar-shaped object appeared suddenly with bright flash over land from Sisal pier, Yucatan. Visible 5-10 seconds",Y,https://nuforc.org/sighting/?id=197845
971,07/11/2021,2020s,02:41,Bethlehem,GA,USA,33.93232849,-83.71390159,Triangle,Black Triangle UFO hovering and zigzagging near home. 150 from the ground when hovering. Three white lights on each corner and no Noise,N,https://nuforc.org/sighting/?id=184956
972,10/11/2021,2020s,11:45,Ashford (UK/England),[UNSPECIFIED],United Kingdom,51.14496862,0.87385533,Other,I don’t know what this was,N,https://nuforc.org/sighting/?id=165798
973,13/11/2021,2020s,20:40,Jupiter,MO [sic - More likely FL as per location details],USA,26.94278964,-80.08123651,Triangle,Translucent silent triangle craft went right over me,N,https://nuforc.org/sighting/?id=176875
974,13/11/2021,2020s,20:25,Richmond,VA,USA,37.54153272,-77.43532454,Rectangle,Saw a craft that looked like a vertical bay of stadium lights. It was traveling north on powhite and I saw it exiting on to Jahnke,N,https://nuforc.org/sighting/?id=198161
975,15/11/2021,2020s,03:22,Auburndale,FL,USA,28.06736621,-81.78945171,Circle,Huge Bright Moving Moon,N,https://nuforc.org/sighting/?id=165775
976,17/11/2021,2020s,20:15,Phoenixville,PA,USA,40.13034185,-75.51516062,Triangle,"Noiseless, triangular craft spotted flying low over Phoenixville, PA parking lot",N,https://nuforc.org/sighting/?id=165800
977,18/11/2021,2020s,21:00,Mafraq,[UNSPECIFIED],Jordan,32.34331008,36.20200095,Cigar,"A dark, disk-shaped craft, with bright white lights arranged in circular patterns around its outer edge. Large, close to ground.",N,https://nuforc.org/sighting/?id=191270
978,18/11/2021,2020s,18:30,Hurley,WI,USA,46.44967745,-90.18624344,Triangle,My kids and I witnessed an object maybe 100 feet above us.,Y,https://nuforc.org/sighting/?id=166049
979,19/11/2021,2020s,17:00,Near Mt. Vernon,ME,USA,44.50104626,-69.98885226,Sphere,"Spherical object which ejected a total of 10 smaller spheres, which disintegrated",N,https://nuforc.org/sighting/?id=165859
980,21/11/2021,2020s,20:30,Claycomo,MO,USA,39.20327225,-94.49154206,Circle,Circular object moving in NE direction. No sound or engine noise detected.,Y,https://nuforc.org/sighting/?id=165522
981,22/11/2021,2020s,16:20,Chicopee,MA,USA,42.14873068,-72.60833904,Other,Square white and light gray object circling in and out of the clouds.,Y,https://nuforc.org/sighting/?id=166072
982,23/11/2021,2020s,20:30,Wheatfield Twp.,MI,USA,42.64768593,-84.32970902,Sphere,Large sphere of blue light passed above the neighborhood.,N,https://nuforc.org/sighting/?id=165580
983,24/11/2021,2020s,19:30,Derry,PA,USA,40.33399127,-79.29974766,Other,I sighted a C shape 8 foot tall partly cloaked craft silently hovering next to a telephone pole.,Y,https://nuforc.org/sighting/?id=171810
984,25/11/2021,2020s,23:00,Big Coppitt,FL,USA,24.59800163,-81.66108067,Circle,Roundish orange colored object moving parallel to ground constant speed no sound,Y,https://nuforc.org/sighting/?id=165728
985,25/11/2021,2020s,04:30,Heber City,UT,USA,40.49243559,-111.4136801,Sphere,Witnessed a metallic disc or sphere traveling East to West.,N,https://nuforc.org/sighting/?id=176075
986,26/11/2021,2020s,11:45,Los Angeles,CA,USA,34.0564552,-118.2579761,Disk,"Tilted disc towards me, hovering at about the height of a helicopter.",Y,https://nuforc.org/sighting/?id=182371
987,26/11/2021,2020s,20:00,"Swift Creek, south of Raleigh",NC,USA,35.38269066,-77.26942141,Other,"Five pulsing green lights and a large object that blocked out much of the sky, followed for five minutes",Y,https://nuforc.org/sighting/?id=165869
988,29/11/2021,2020s,01:00,Absecon,NJ,USA,39.4321548,-74.49986709,Chevron,"Witness a triangular shaped object fly over my home on November 30, 2001 approximately 12:30-1:00 am. Crystal clear night sky.",Y,https://nuforc.org/sighting/?id=165622
989,01/12/2021,2020s,19:30,Lords Valley,PA,USA,41.36839502,-75.06239475,Triangle,A brightly lit triangle with many yellow lights on perimiter and interior of craft surface.,N,https://nuforc.org/sighting/?id=165613
990,02/12/2021,2020s,18:30,Pinetop,AZ,USA,34.02671815,-109.6410557,Circle,It was a bright light that stayed beside my car for about 10 minutes then disappeared. About 10 minutes later it was in front of me.,Y,https://nuforc.org/sighting/?id=165624
991,03/12/2021,2020s,19:00,Stockbridge,GA,USA,33.54374309,-84.22892879,Other,Completely silent low altitude very long stream of lights traveling upward at a slow speed over Stockbridge GA at 7:09 PM,Y,https://nuforc.org/sighting/?id=165669
992,03/12/2021,2020s,19:00,Cannon AFB,NM,USA,34.38988338,-103.3178339,Other,Line of about 20 white crafts moving in formation.,Y,https://nuforc.org/sighting/?id=165664
993,03/12/2021,2020s,20:00,Hiddenite,NC,USA,35.90385028,-81.09045456,Formation,long line of lights evenly spaced all moving in unisom,N,https://nuforc.org/sighting/?id=165655
994,03/12/2021,2020s,18:00,Sparta,CO,USA,36.50541769,-81.12085942,Formation,Saw the object while in flight,Y,https://nuforc.org/sighting/?id=165665
995,03/12/2021,2020s,18:30,Mission,KS,USA,39.02751173,-94.65545562,Triangle,"Saw 1 black triangle flying East at low altitude. It was dark out. Solid green lights on 2 front corners, red light on back corner.",Y,https://nuforc.org/sighting/?id=165693
996,03/12/2021,2020s,18:30,Highlands Ranch,CO,USA,39.54828879,-104.9742946,Cigar,"Line of lights lasted about 30 seconds, moving quickly at an angle",Y,https://nuforc.org/sighting/?id=165661
997,08/12/2021,2020s,13:00,Newbury Park,CA,USA,34.18067714,-118.9090941,Triangle,Semitransparent triangular craft with large white bright spheres on each of the three corners,Y,https://nuforc.org/sighting/?id=165805
998,08/12/2021,2020s,19:30,Baldwin,MI,USA,43.89667525,-85.85171849,Unknown,"Seen what I thought was a plane until it stopped in the air above my car, then I realized it was too low and slow to be any airplane.",N,https://nuforc.org/sighting/?id=165770
999,09/12/2021,2020s,21:00,Cisco Grove,CA,USA,39.31066521,-120.5398868,Other,Object and lights forrest illumination,N,https://nuforc.org/sighting/?id=165806
1000,10/12/2021,2020s,22:45,Little Rock,AR,USA,34.74316943,-92.27431709,Circle,It was 9 to 12 Orange Balls moving southwest,N,https://nuforc.org/sighting/?id=165885
1001,12/12/2021,2020s,19:00,Jumping Branch,WV,USA,37.6585009,-80.97647955,[UNSPECIFIED],Large object moving extremely slow. No sound. Red/yellow/white lights alternating in a pattern. Triangular/ovoid. Zero explanation,N,https://nuforc.org/sighting/?id=165872
1002,14/12/2021,2020s,06:00,Madison,NC,USA,36.38537788,-79.95978297,Circle,"Object appeared, grew in size and brightness, reduced size and brightness then began to move.",N,https://nuforc.org/sighting/?id=165858
1003,15/12/2021,2020s,20:45,Ocean Isle Beach,NC,USA,33.88556333,-78.4375974,Changing,Sighting began with 2 orange glows proceeded by small randomly pulsating white lights. Then the lights moved back and forth in the sky.,N,https://nuforc.org/sighting/?id=165886
1004,15/12/2021,2020s,15:15,Syracuse,NY,USA,43.04917802,-76.14846478,Fireball,"“Fireball” of green light, vertically descending then rapidly leveling to fly horizontally and disappearing like a light switch snapped",N,https://nuforc.org/sighting/?id=165873
1005,15/12/2021,2020s,00:45,Bradford,ON,Canada,44.11475096,-79.56494641,Disk,"2 ufos hovering in my backyard, 40-50ft high",N,https://nuforc.org/sighting/?id=165875
1006,16/12/2021,2020s,17:15,San Diego,CA,USA,32.715511,-117.1613712,Triangle,Saw triangular shaped object,N,https://nuforc.org/sighting/?id=165877
1007,16/12/2021,2020s,23:45,Cincinnati,OH,USA,39.10299358,-84.51110599,Triangle,Look like 1 or 3 crafts from North traveling south in tight formation. Seemed to bob up and down as they traveled.,Y,https://nuforc.org/sighting/?id=165888
1008,18/12/2021,2020s,07:00,[UNSPECIFIED],[UNSPECIFIED],[UNSPECIFIED],50.1,-13.4,Light,Saw a rare red light on the top of the clouds when flying at night.,Y,https://nuforc.org/sighting/?id=166026
1009,24/12/2021,2020s,23:00,Jacksonville Beach,FL,USA,30.2848637,-81.39624191,Rectangle,Dark rectangular object with 6 lights flying North toward Atlantic Beach along the coast.,Y,https://nuforc.org/sighting/?id=166027
1010,29/12/2021,2020s,21:26,Englewood,FL,USA,26.95204903,-82.35390934,Triangle,"3 of us looking upward at clear night sky and we watch a large triangular shaped, relatively slow moving object for approximately 2 min",Y,https://nuforc.org/sighting/?id=166090
1011,01/01/2022,2020s,03:16,Anna,TX,USA,33.34907163,-96.55061894,Circle,out to smoke looked up and 2 dark shapes above clouds with light around them and flickering,Y,https://nuforc.org/sighting/?id=166098
1012,01/01/2022,2020s,00:00,Kempton,IL,USA,40.93559624,-88.23729879,Triangle,Black triangle with two white lights on the back and a figure by one of the lights look like a human. went into the portal @disappeare,N,https://nuforc.org/sighting/?id=194020
1013,02/01/2022,2020s,05:50,Los Angeles,CA,USA,34.0564552,-118.2579761,Star,Three star formation in. AM sky,Y,https://nuforc.org/sighting/?id=176948
1014,06/01/2022,2020s,05:05,Wycheproof,Victoria,Australia,-36.07692724,143.2253047,Light,NOT STARLINK. A double helix trail of lights came down from the sky and paraded in front of me and my daughters eyes,Y,https://nuforc.org/sighting/?id=198632
1015,19/01/2022,2020s,22:30,Navassa,NC,USA,34.25713261,-77.99578342,Other,I witnessed a craft in extremely close proximity.,Y,https://nuforc.org/sighting/?id=166330
1016,20/01/2022,2020s,21:30,Paklaniai,Kaunas County,Lithuania,55.34300287,23.1394314,Oval,Oval shaped hudge flying object with lights,Y,https://nuforc.org/sighting/?id=194492
1017,22/01/2022,2020s,15:00,Montesano,WA,USA,46.97942215,-123.6007923,Diamond,Chrome diamond craft that transformed into a shpere,N,https://nuforc.org/sighting/?id=175934
1018,24/01/2022,2020s,05:00,Columbus,OH,USA,39.96396142,-83.00318771,[UNSPECIFIED],Unknown vehicle Hovering over tree front west back east bottom cover with led lights two strobe north and south of wingspan,N,https://nuforc.org/sighting/?id=171285
1019,28/01/2022,2020s,21:15,Yelm,WA,USA,46.94199581,-122.6062354,Triangle,20+ triangular craft hovering in sky above us,Y,https://nuforc.org/sighting/?id=166988
1020,01/02/2022,2020s,06:08,Cave Springs,AR,USA,36.26506637,-94.23233012,Cross,X or Plus Sign shape moving slow and silent upward angle,Y,https://nuforc.org/sighting/?id=166553
1021,04/02/2022,2020s,22:05,[UNSPECIFIED],[UNSPECIFIED],[UNSPECIFIED],0,0,Circle,A flash of green light lit the whole sky then a circular lit up aircraft came we thought it was a plane but it made no noise and didn't,N,https://nuforc.org/sighting/?id=166582
1022,09/02/2022,2020s,20:30,Virginia Beach,VA,USA,36.85009538,-75.97849659,Light,Started as one object then increased in number,N,https://nuforc.org/sighting/?id=185148
1023,22/02/2022,2020s,14:30,Tucson,AZ,USA,32.25263011,-110.9765863,Formation,I witnessed a huge V formation with 5 lights silently hovering.,Y,https://nuforc.org/sighting/?id=166859
1024,07/03/2022,2020s,07:00,honolulu,HI,USA,21.3095008,-157.8577084,Orb,"3 orbs floating stationary above Oahu, seen on the eastside of kailua and later on over Honolulu/ala moana",Y,https://nuforc.org/sighting/?id=177011
1025,10/03/2022,2020s,19:20,Haslet,TX,USA,32.97502154,-97.34799852,Disk,Flying saucer in the sky,Y,https://nuforc.org/sighting/?id=167028
1026,12/03/2022,2020s,13:01,[UNSPECIFIED],VA [sic - Report coords place them in AZ (Arizona)],USA,33.49126,-112.56869,Other,"Very large rectangular box shaped object, up to 280 meters on one side, calculated speed about 725 kph, silent.",Y,https://nuforc.org/sighting/?id=186948
1027,15/03/2022,2020s,12:00,Palm Springs,CA,USA,33.82349311,-116.5115956,Disk,It's been years since my sighting but I think about it every day I feel an obligation to report it in case anyone else saw it too.,N,https://nuforc.org/sighting/?id=189401
1028,21/03/2022,2020s,19:30,Ho Chi Minh City,Ho Chi Minh City,Vietnam,10.82321315,106.6322221,Chevron,"Silent, dark chevron-shaped object flew over us and faded from view",Y,https://nuforc.org/sighting/?id=167175
1029,01/04/2022,2020s,21:55,Kansas City,MO,USA,39.09829707,-94.59340903,Rectangle,"Black rectangular craft with white, green and red lights on sides",N,https://nuforc.org/sighting/?id=173647
1030,10/04/2022,2020s,01:57,clarksburg,WV,USA,39.28109507,-80.3445876,Cigar,2 craft meet on ridge and disappear,N,https://nuforc.org/sighting/?id=167447
1031,21/04/2022,2020s,21:30,Corona De Tucson,AZ,USA,31.94949284,-110.7807314,Unknown,Saw greenish blue lights following us from the Pima County Fairgrounds,N,https://nuforc.org/sighting/?id=171670
1032,22/04/2022,2020s,19:00,Tulsa,OK,USA,36.15565469,-95.98933931,Cube,"Cube Sighting with 6 friends, resulting in an OBE and Musical Savant Syndrome",N,https://nuforc.org/sighting/?id=183308
1033,09/05/2022,2020s,03:30,Neijiang,Sichuan,China,29.58177128,105.0579635,Formation,"(1) two stars transformed into a geometric shape composed of 45 stars. (2) 45-star geometric figure, appearing as an elongated rectangl",Y,https://nuforc.org/sighting/?id=197032
1034,21/05/2022,2020s,13:22,Fond Du Lac,WI,USA,43.77320048,-88.44704821,Disk,Daylight sighting of a large silver disc type object.,N,https://nuforc.org/sighting/?id=174791
1035,28/05/2022,2020s,03:40,Bakersfield,CA,USA,35.37351185,-119.021747,Rectangle,Rectangular Red/Green Celestial Entity/UFO,Y,https://nuforc.org/sighting/?id=168537
1036,01/06/2022,2020s,18:30,Navarre,FL,USA,30.4109635,-86.9118541,Triangle,Large triangle with lights hovering at tree level,N,https://nuforc.org/sighting/?id=168635
1037,08/06/2022,2020s,19:30,Appleton,WI,USA,44.2628401,-88.41512213,Cigar,"Silver stainless steel cigar shape, no engine or navigation, clearly visible, 500 yard up, watch leave orbit with bright star burst",N,https://nuforc.org/sighting/?id=170877
1038,08/06/2022,2020s,17:00,Tylorstown,Wales,United Kingdom,51.6479266,-3.43221652,Disk,"While working seen UAP about 100 to 150m away, no noise, small battery-like taste, and turned invisible with a split second outline.",N,https://nuforc.org/sighting/?id=196222
1039,10/06/2022,2020s,02:30,[UNSPECIFIED],Hesse [sic - 'Hessen' Germany],Germany,50.54181,9.00329,Rectangle,"Object did not move, was rectangular, gold colored, was stationary in the air, above the tree line, and HUGE.",N,https://nuforc.org/sighting/?id=190355
1040,11/06/2022,2020s,21:30,Howell Township,NJ,USA,40.19691897,-74.16872525,Triangle,"Slow and quiet moving triangle in the sky, with three lights on each corner of the craft, one dead center",N,https://nuforc.org/sighting/?id=180439
1041,15/06/2022,2020s,21:20,Miraflores,Provincia de Lima,Peru,-12.12103234,-77.03245291,Chevron,"Huge silent chevron-shaped craft with 4 white dim lights flew slowly at low altitude over Miraflores, Lima, Peru during nighttime.",N,https://nuforc.org/sighting/?id=197425
1042,18/06/2022,2020s,02:00,Waterboro,ME,USA,43.58933985,-70.70825076,Triangle,"Curved wing/possibly triangular craft, row of strobing white lights, silent, slow glide.",N,https://nuforc.org/sighting/?id=176359
1043,19/06/2022,2020s,19:30,Arad,South District,Israel,31.26134032,35.21513253,Other,"Disc-shaped craft on its side with hole in it, flying low and then accelerating over hill",N,https://nuforc.org/sighting/?id=183399
1044,20/06/2022,2020s,21:00,[UNSPECIFIED],ON,Canada,50,-85,Cylinder,Took a video of a travelling cylinder shape object next to the airplane I was sitting in.,Y,https://nuforc.org/sighting/?id=174675
1045,27/06/2022,2020s,22:00,Dana Point,CA,USA,33.46743337,-117.6977873,Triangle,"Three lights in triangle formation fell like a shooting star, leveled off like a fighter jet, and cruised over the ocean, disapperaing.",N,https://nuforc.org/sighting/?id=178761
1046,29/06/2022,2020s,21:30,Duson,LA,USA,30.23586504,-92.18551604,Cigar,"Cigar and square UFOs, cloud-textured and pixelated, floated silently overhead—cloaked, surreal, unforgettable.",Y,https://nuforc.org/sighting/?id=171641
1047,02/07/2022,2020s,13:50,Honolulu,HI,USA,21.3095008,-157.8577084,Disk,Was a disk shape with a blue ring on the center with a metal gray looking color around the rest,Y,https://nuforc.org/sighting/?id=170211
1048,02/07/2022,2020s,04:15,Midvale,UT,USA,40.61105302,-111.8998768,Disk,Large disc slowly passing over courtyard and parking area of my apartment home at Wasatch Club apartments,N,https://nuforc.org/sighting/?id=170210
1049,04/07/2022,2020s,21:45,King,NC,USA,36.28083241,-80.35920714,Circle,"Bright red light, slow moving, no sound, made recorded video completely disappear, was approx 100ft over the tree tops",N,https://nuforc.org/sighting/?id=180179
1050,13/07/2022,2020s,02:45,St. Louisville,OH,USA,40.17283081,-82.41889824,Triangle,"150ft off state rt over train track lights red, green",Y,https://nuforc.org/sighting/?id=175178
1051,14/07/2022,2020s,14:00,Smith Mills,KY,USA,37.79912063,-87.76196455,Cigar,Saw a very bright light coming from toward the river,N,https://nuforc.org/sighting/?id=171682
1052,16/07/2022,2020s,23:00,Oklahoma City,OK,USA,35.46794407,-97.52941347,Rectangle,"Large craft above our house. It was rectangular in shape, approximately 100 ft wide, and had lights all around the craft.",N,https://nuforc.org/sighting/?id=195183
1053,23/07/2022,2020s,21:15,Friant,CA,USA,36.98769662,-119.7118117,Disk,"Disk ""materializes"" in vertical position in the sky, 225 Ft. from me, then manuevers to horizontal position and descends behind hill",N,https://nuforc.org/sighting/?id=177099
1054,24/07/2022,2020s,21:50,Cleburne,TX,USA,32.34773418,-97.38798627,Triangle,"It was a clear night,I was outside at night looking for starlink satellites when I saw the ufo move from S to N. It was slow then fast.",N,https://nuforc.org/sighting/?id=175677
1055,26/07/2022,2020s,22:50,Greenwood,DE,USA,38.80710147,-75.59144947,Other,HUGE unkn aircraft passed/glided directly overtop our vehicle. Moved slow /made NO sound until right overtop - unkn engine noise,Y,https://nuforc.org/sighting/?id=170711
1056,29/07/2022,2020s,21:05,Angora,MN,USA,47.77555389,-92.63410816,Light,Disc/sphere shape with incredibly bright lights and a pulsating blue/white beam,N,https://nuforc.org/sighting/?id=181190
1057,05/08/2022,2020s,00:30,Pocatello,ID,USA,42.8624944,-112.4511336,Sphere,Bright green sphere seen before flying into clouds.,Y,https://nuforc.org/sighting/?id=170981
1058,06/08/2022,2020s,19:30,Franklin,IN,USA,39.47989171,-86.05364529,Circle,Observed doughnut shaped craft moving over my yard with excellent visibility conditions.,N,https://nuforc.org/sighting/?id=171842
1059,06/08/2022,2020s,23:30,Conifer,CO,USA,39.52029523,-105.3065279,Orb,"Glimpse of thirty-foot diameter orb that can only be described as an ""orb of dark red fire""",N,https://nuforc.org/sighting/?id=171080
1060,07/08/2022,2020s,00:00,Hickory,NC,USA,35.73471825,-81.3451394,Light,"I took my dog outside to the backyard one last time before bed, blue light about size of basketball circling my house",N,https://nuforc.org/sighting/?id=170935
1061,07/08/2022,2020s,21:59,Richmondville,NY,USA,42.63439922,-74.56380998,Light,Temporary Light illuminated SW sky - 4 point of light rays,Y,https://nuforc.org/sighting/?id=170989
1062,12/08/2022,2020s,07:30,Houston,TX,USA,29.75929646,-95.36831125,Orb,Viewed orb on freeway float over and around cars including mine.,N,https://nuforc.org/sighting/?id=182576
1063,16/08/2022,2020s,21:32,Dateland,AZ,USA,32.79744327,-113.541293,Light,We seen up to 7 oval lights in the sky,Y,https://nuforc.org/sighting/?id=171371
1064,16/08/2022,2020s,22:30,Enfield,[UNSPECIFIED],United Kingdom,51.65231598,-0.08064316,Light,12 lights all flashing on and off red and green in a grid shape,Y,https://nuforc.org/sighting/?id=171264
1065,19/08/2022,2020s,21:15,NNW of Lake George Village,NY,USA,43.42632113,-73.71157906,Disk,Red and white light disk shaped,N,https://nuforc.org/sighting/?id=171535
1066,19/08/2022,2020s,21:15,NNW of Lake George Village,NY,USA,43.42632113,-73.71157906,Disk,Red and white light disk shaped,N,https://nuforc.org/sighting/?id=172232
1067,19/08/2022,2020s,22:00,Near Starbuck,MN,USA,45.61441432,-95.53112206,Rectangle,Low floating 1/4 block long rectangular white light moving object,N,https://nuforc.org/sighting/?id=171318
1068,24/08/2022,2020s,15:30,Gallipolis,OH,USA,38.80976239,-82.20216919,Egg,"It was gold in color, stationary over the runway, then it shot off like a bullet to the North.",N,https://nuforc.org/sighting/?id=175452
1069,28/08/2022,2020s,20:45,Cairo,KY,USA,37.70977815,-87.64705891,Unknown,Something hovering/ flying fast and erratic with only 2 lights.,Y,https://nuforc.org/sighting/?id=171460
1070,29/08/2022,2020s,22:36,Haubstadt,IN,USA,38.20394025,-87.57429242,Rectangle,I am an airline pilot. We were at 38000 ft when encountered,N,https://nuforc.org/sighting/?id=179371
1071,29/08/2022,2020s,23:06,"Auburn, Enumclaw area",WA,USA,47.30728243,-122.2292798,Cigar,"Outside we saw a black cigar shaped ufo with 2 white lights, one on each end.",Y,https://nuforc.org/sighting/?id=171506
1072,03/09/2022,2020s,22:30,lincoln,VT,USA,44.10601663,-72.99733634,Circle,A large glowing reddish orange circle/sphere,N,https://nuforc.org/sighting/?id=171660
1073,04/09/2022,2020s,15:30,Montara,CA,USA,37.54269058,-122.5165496,Cylinder,Large cylindrical structure was seen at the top of mountain adjacent Montara State Beach area in the vicinity of Montara CA.,N,https://nuforc.org/sighting/?id=171911
1074,04/09/2022,2020s,02:00,Darrington,WA,USA,48.25544775,-121.6016563,Star,"Brilliant rotating light nears treeline, vanishes, reappears, shoots blue triangles, 6 witnesses",Y,https://nuforc.org/sighting/?id=171649
1075,07/09/2022,2020s,14:20,Winamac,IN,USA,41.0514324,-86.60291612,Orb,Chrome metal orb size of basketball,N,https://nuforc.org/sighting/?id=181730
1076,10/09/2022,2020s,20:00,Outer Benson/ Texas Canyon/ Sibyl,AZ,USA,31.96876428,-110.2936018,Fireball,Very large portion off mountain glowing will not believe when we got closer!,Y,https://nuforc.org/sighting/?id=171697
1077,10/09/2022,2020s,15:00,"near village of Warrensville,",NC,USA,36.46099791,-81.51872284,Rectangle,"appears similar to box kite, except metal, but open on one end, the leading end - see sketch attached",Y,https://nuforc.org/sighting/?id=175490
1078,12/09/2022,2020s,22:05,Thomaston,CT,USA,41.67215604,-73.07895282,Disk,We saw a large ship completely lit up moving at an impossible speed across the sky for 2 seconds,Y,https://nuforc.org/sighting/?id=171712
1079,12/09/2022,2020s,22:30,Windsor,ON,Canada,42.3141552,-83.03629995,Cigar,A unknown object flying very low. Had no wings and was as loud and fast as a jet,N,https://nuforc.org/sighting/?id=171714
1080,17/09/2022,2020s,22:30,Sequim,WA,USA,48.07944056,-123.1020394,Light,I was looking up into the sky and thought I was looking at a satellite,N,https://nuforc.org/sighting/?id=175112
1081,23/09/2022,2020s,20:30,Wentzville,MO,USA,38.81155085,-90.85307198,Sphere,"Saucer with blue and purple lights, acceleratesd rapidly over the sky to multiple areas",N,https://nuforc.org/sighting/?id=172054
1082,23/09/2022,2020s,04:40,Windber/Bedford,PA,USA,40.19042432,-78.76846566,Triangle,Triangular craft came out of nowhere. It hovered in front of my car from a small distance.,N,https://nuforc.org/sighting/?id=174436
1083,26/09/2022,2020s,05:58,Sacramento,CA,USA,38.57667536,-121.5008902,Triangle,Triangular craft with round white lights flying low due east over Sacramento,Y,https://nuforc.org/sighting/?id=172069
1084,03/10/2022,2020s,13:00,[UNSPECIFIED],[UNSPECIFIED],International Waters,41.3,7.8,Rectangle,I saw a black bar in the clouds then as it came closer it turned on its side to face the plane.,N,https://nuforc.org/sighting/?id=178463
1085,04/10/2022,2020s,01:30,Kingston,Saint Andrew,Jamaica,18.01760546,-76.81130022,Orb,I saw a blue orb that went up from the ocean into the sky and electrified and looked ~3 miles long and took off at impossible speed,N,https://nuforc.org/sighting/?id=194564
1086,09/10/2022,2020s,17:56,Newington,CT,USA,41.69793089,-72.72426158,Sphere,Round black object observed with binoculars after MADAR alert.,N,https://nuforc.org/sighting/?id=172369
1087,11/10/2022,2020s,22:17,Denver,CO,USA,39.73878822,-104.9920936,Orb,Multiple sightings of maneuvering orbs,Y,https://nuforc.org/sighting/?id=175390
1088,12/10/2022,2020s,23:35,Bensville,New South Wales,Australia,-33.49994706,151.3907025,Triangle,Two UFO's one following the other with extremely bright sparks emitting from their tips - no sound - one lightly laarger.,N,https://nuforc.org/sighting/?id=176379
1089,19/10/2022,2020s,18:30,Naples,FL,USA,26.13952106,-81.79557331,Other,250 ft off the ground and 300 feet away from us. It was silent appeared to be transparent. We could see port windows,N,https://nuforc.org/sighting/?id=197704
1090,27/10/2022,2020s,18:45,Southampton,Hampshire,United Kingdom,50.91013347,-1.40547172,Unknown,Saw a large bright ship hovering above a house and by trees,N,https://nuforc.org/sighting/?id=174562
1091,28/10/2022,2020s,21:08,NORTH CHELMSFORD,MA,USA,42.63930346,-71.3840779,Circle,"I saw lights floating in the sky and moving in odd ways, and then they flew off all at once",Y,https://nuforc.org/sighting/?id=175102
1092,28/10/2022,2020s,02:30,Shrewsbury,Shropshire,United Kingdom,52.70731121,-2.7568973,Triangle,Slow Moving Black Triangle Over Fields,Y,https://nuforc.org/sighting/?id=172594
1093,29/10/2022,2020s,04:40,[UNSPECIFIED],[UNSPECIFIED],USA,32.4,-81.1,Unknown,Pilot reported UFO sighting to Jacksonville ARTCC,N,https://nuforc.org/sighting/?id=172735
1094,01/11/2022,2020s,19:30,Sault Ste. Marie,ON,Canada,46.51411395,-84.33238242,Triangle,"Black triangle hovering at treetop level, size of a football field approx 50 yards off highway.",N,https://nuforc.org/sighting/?id=182422
1095,02/11/2022,2020s,13:45,Chatsworth,CA,USA,34.25774971,-118.5982919,Triangle,A flying pyramid with wings that releases flying black orbs,N,https://nuforc.org/sighting/?id=174614
1096,02/11/2022,2020s,19:15,Germantown,NY,USA,42.13433451,-73.89184973,Triangle,"18 people on a local Facebook Group reported a triangular shape object in the sky that some say hovered, 18 people in total posted",N,https://nuforc.org/sighting/?id=173243
1097,03/11/2022,2020s,13:00,Murphy,NC,USA,35.08767709,-84.03461586,Other,Craft above tree line shot off at >400 kn,N,https://nuforc.org/sighting/?id=173433
1098,08/11/2022,2020s,05:20,Palm Bay,FL,USA,28.03488819,-80.58974665,Light,Bright light hovering and then shooting westward,N,https://nuforc.org/sighting/?id=172874
1099,12/11/2022,2020s,21:40,Coeur d' Alene,ID,USA,47.67371669,-116.7810197,Triangle,Dark Triangle with Large Round White Circles at Corners,Y,https://nuforc.org/sighting/?id=172976
1100,16/11/2022,2020s,19:40,Waterford,MI,USA,42.65918783,-83.38276371,Orb,Clear/ white sphere appeared suddenly,N,https://nuforc.org/sighting/?id=173038
1101,19/11/2022,2020s,21:56,Cockeysville,MD,USA,39.4812498,-76.64389416,Chevron,We spotted a chevron-like craft seemingly very low to the ground with 2 faint circular lights on both wings with no visible light bulb.,Y,https://nuforc.org/sighting/?id=173914
1102,23/11/2022,2020s,00:30,[UNSPECIFIED],[UNSPECIFIED],Atlantic Ocean,31.7771,-40.2496,Cross,On a Mexican cruise looking from the balcony we were many miles from land,Y,https://nuforc.org/sighting/?id=197545
1103,06/12/2022,2020s,06:41,Sherwood Park,AB,Canada,53.54283399,-113.2950281,Triangle,Three white lights in the shape of a triangle flying low and slow. Alternating lights of green and red. Blue light strip along side.,N,https://nuforc.org/sighting/?id=173309
1104,13/12/2022,2020s,22:30,Buckeye,AZ,USA,33.37088918,-112.5853409,Triangle,"Black triangle with glowing warm orange lights at each corner. Silent, moved across sky. Almost invisible, seemed to be very large.",Y,https://nuforc.org/sighting/?id=173423
1105,16/12/2022,2020s,16:00,Columbus,NV,USA,38.10164947,-118.0274519,Rectangle,Saw a silver rectangular ship fly off the ground and into the sky.,N,https://nuforc.org/sighting/?id=185710
1106,20/12/2022,2020s,01:30,Junction City,OH,USA,39.72120041,-82.29942481,Rectangle,Football stadium sized,N,https://nuforc.org/sighting/?id=185210
1107,23/12/2022,2020s,23:11,Plain City,UT,USA,41.29828947,-112.0866265,Triangle,Black triangle,Y,https://nuforc.org/sighting/?id=179231
1108,27/12/2022,2020s,23:25,Berkeley Springs,WV,USA,39.62870787,-78.22700526,Triangle,Low level silent triangle shaped exhibiting seemingly impossible acceleration,N,https://nuforc.org/sighting/?id=174120
1109,28/12/2022,2020s,05:30,Rincón,Rincón,Puerto Rico,18.34205907,-67.25179974,Cigar,Cigar Shaped craft hovering for about 3 minutes a few hundred feet above. It then sped towards the south at a very fast speed.,N,https://nuforc.org/sighting/?id=184129
1110,04/01/2023,2020s,21:15,Forney,TX,USA,32.74850481,-96.47196518,Chevron,Chevron shape hovering in place,Y,https://nuforc.org/sighting/?id=173978
1111,06/01/2023,2020s,15:20,Great Smokies National Park,NC,USA,35.60438258,-83.43063705,Cylinder,"Massive, moving behind ridgeline",Y,https://nuforc.org/sighting/?id=173790
1112,09/01/2023,2020s,20:15,Brisbane,Queensland,Australia,-27.47195653,153.0261033,Disk,I saw iridescent green ufo 'saturn' shaped hovering over the 3 story apartment block.,N,https://nuforc.org/sighting/?id=176758
1113,09/01/2023,2020s,23:50,Carrollwood,FL,USA,28.05072072,-82.50356447,Cone,3 craft seen with Orange glow seen twice from larger of craft in an area not known for sightings.,N,https://nuforc.org/sighting/?id=173831
1114,11/01/2023,2020s,18:39,Pleasant Valley,AK,USA,64.87836817,-146.8953423,Disk,I was driving home when I looked up at a large bright disk like object and after a few moments it flew down and away.,N,https://nuforc.org/sighting/?id=173930
1115,12/01/2023,2020s,00:30,Winston-Salem,NC,USA,36.09499348,-80.24328491,Cigar,"My sister and I heard low humming that shook the house at around 12:30 AM, my sister viewed the cigar shaped craft go over some trees.",N,https://nuforc.org/sighting/?id=173942
1116,12/01/2023,2020s,19:15,[UNSPECIFIED],MI,USA,44.3467,-85.4102,Triangle,"Triangle craft with red lights flew over Sunwing flight at 31,000 ft—closed in fast, 50 ft above.",N,https://nuforc.org/sighting/?id=191297
1117,13/01/2023,2020s,10:14,Lucerne Valley,CA,USA,34.44529136,-116.9637836,Sphere,"This Thing, for all purposes, it looks like a balloon, okay, but this object just disappeared. It vanished; gone. So what is it?",Y,https://nuforc.org/sighting/?id=197037
1118,19/01/2023,2020s,19:01,Sprague River,OR,USA,42.45545913,-121.5042855,Oval,"Lights over Sprague River, Oregon and Unexplained Animal Deaths.",Y,https://nuforc.org/sighting/?id=183024
1119,19/01/2023,2020s,17:15,[UNSPECIFIED],[UNSPECIFIED],International Waters,48,-170,Orb,Transparent orb with object in it's center sighted over the Pacific South of the Aleutian Islands.,Y,https://nuforc.org/sighting/?id=174270
1120,23/01/2023,2020s,23:55,Winters,CA,USA,38.52495742,-121.9710188,Other,Opaque oval body with no sound.,N,https://nuforc.org/sighting/?id=174140
1121,27/01/2023,2020s,23:00,Kirkland,WA,USA,47.67674279,-122.2057543,Circle,"Huge flying circle object, w/ beautiful colorful trickling lights flying impossibly fast, then took a 90 degree turn into the clouds.",N,https://nuforc.org/sighting/?id=174216
1122,01/02/2023,2020s,23:00,Shreveport,LA,USA,32.51379863,-93.75466953,Triangle,A TR3b about 40-50 feet above me .,N,https://nuforc.org/sighting/?id=190693
1123,04/02/2023,2020s,21:45,Benicia,CA,USA,38.05032369,-122.1583585,Teardrop,Teardrop shaped object flew overhead,N,https://nuforc.org/sighting/?id=174310
1124,08/02/2023,2020s,08:00,Upper Clements,NS,Canada,44.69733611,-65.58307605,Other,"A number of very clear, rather small foot (boot-like) prints left in the snow on our side deck the morning after a fresh snowfall.",N,https://nuforc.org/sighting/?id=184218
1125,09/02/2023,2020s,20:30,Reisterstown,MD,USA,39.46959483,-76.82978876,Chevron,Slow moving gun metal gray carbon fiber stealth bomber shaped front with white lites 3 on each side of front Vshape. 100 -150 feet fr,N,https://nuforc.org/sighting/?id=174376
1126,10/02/2023,2020s,19:39,Williamson,WV,USA,37.67421126,-82.27784022,Disk,I was working in my tool shed and was coming back in and saw the craft with my wife and my cousin. It then went further down with speed,N,https://nuforc.org/sighting/?id=174409
1127,10/02/2023,2020s,21:55,Edmonton,AB,Canada,53.54740694,-113.4927,Oval,"Soundless, Round or oval thick object flew over top of my house so fast it was gone in less than 3 seconds.",N,https://nuforc.org/sighting/?id=174403
1128,12/02/2023,2020s,05:00,[UNSPECIFIED],[UNSPECIFIED],International Waters,50,-50,Light,"High altitude light moving left to right, second light peeled off from first.",N,https://nuforc.org/sighting/?id=174438
1129,19/02/2023,2020s,10:00,Taree,New South Wales,Australia,-31.9111064,152.4544365,Orb,"I was depressed and frustrated at the time, asked God for a sign - he gave me one. Wow! did He.",N,https://nuforc.org/sighting/?id=184190
1130,25/02/2023,2020s,22:32,Austin,TX,USA,30.26576966,-97.74259661,Triangle,Saw at a far distance 4 Y shaped liked objects hovering for 5 minutes in sky then they all separated and went different directions,N,https://nuforc.org/sighting/?id=176957
1131,27/02/2023,2020s,19:54,Atlanta,GA,USA,33.74966021,-84.38965459,Cylinder,UAP spotted over Atlanta from 37000 feet,Y,https://nuforc.org/sighting/?id=174936
1132,27/02/2023,2020s,00:15,Rosedale,MD,USA,39.32045259,-76.51554438,Disk,Bright Hovering Disc. The disc was vibrating and at one point there appeared to be beams of light passing to the ground.,N,https://nuforc.org/sighting/?id=174726
1133,28/02/2023,2020s,19:59,At sea on a cruise ship NW of Cuba enroute to Cozumel,[UNSPECIFIED],Cuba,22.5,-84.5,Orb,Blue-white orb moving north to south,Y,https://nuforc.org/sighting/?id=174996
1134,01/03/2023,2020s,03:30,Morgantown,WV,USA,39.63068455,-79.95509508,Sphere,Reddish orange sphere hovering above neighbor's residence.,N,https://nuforc.org/sighting/?id=175502
1135,02/03/2023,2020s,20:38,Uxbridge,ON,Canada,44.11000276,-79.12343495,Other,"Bright orb, rapidly grew size/brightness, shot across sky. Followed by slow/hovering triangular ufo with cloaking ability.",N,https://nuforc.org/sighting/?id=174967
1136,03/03/2023,2020s,19:45,Shelbyville,KY,USA,38.21164293,-85.21941121,Triangle,"2 bright orbs stationary, undulating, one started moving as I drove up, turned into triangle ship right over me, moved slowly past",N,https://nuforc.org/sighting/?id=183419
1137,05/03/2023,2020s,03:30,[UNSPECIFIED],[UNSPECIFIED],USA,42.14,-80.72,Formation,Four to five pulsating bright lights that would fade in and out and would move around each other.,N,https://nuforc.org/sighting/?id=174884
1138,07/03/2023,2020s,03:40,Waco,TX,USA,31.55690684,-97.12774052,Light,"One single slowly pulsing very bright light then multiple lights moving erratically (staying stationary, changing direction rapidly)",Y,https://nuforc.org/sighting/?id=174917
1139,08/03/2023,2020s,19:00,Kingsport,TN,USA,36.54867455,-82.56185094,Unknown,"Brilliant light hovering over Holston Ordnance Army Ammunition Plant, then moved northeast very slowly",N,https://nuforc.org/sighting/?id=174959
1140,10/03/2023,2020s,12:00,[UNSPECIFIED],[UNSPECIFIED],[UNSPECIFIED],29.26,-132.94,Orb,Extremely bright light that would fade in and out at high velocity in apparent sporadic tracks over the Pacific Ocean,N,https://nuforc.org/sighting/?id=175014
1141,12/03/2023,2020s,21:40,Oxnard,CA,USA,34.19738734,-119.1759165,Unknown,"850' AGL directly overhead @ 65 mph air speed inline 1 behind the other each had 3 distinct extremely bright lights front, bottom, rear",N,https://nuforc.org/sighting/?id=175091
1142,14/03/2023,2020s,23:35,Madison,IN,USA,38.73583577,-85.38025415,Disk,"I saw a disk (unknown material) with lights, the top was spinning one direction and the bottom was spinning the opposite direction.",N,https://nuforc.org/sighting/?id=175008
1143,21/03/2023,2020s,21:09,Barnegat,NJ,USA,39.75357757,-74.22338439,Disk,"2 Crafts seen, then 1 right near my car",N,https://nuforc.org/sighting/?id=175077
1144,22/03/2023,2020s,21:45,Portland,OR,USA,45.51325274,-122.6811758,Rectangle,Witnessed a rectangular ufo come closer to me but eventually came to a stop (a hover) just above some trees and take off again.,N,https://nuforc.org/sighting/?id=175089
1145,24/03/2023,2020s,22:05,Rochester,MN,USA,44.01992601,-92.46261097,Formation,Y shaped Formation,Y,https://nuforc.org/sighting/?id=175113
1146,26/03/2023,2020s,21:10,Sedona,AZ,USA,34.86202173,-111.813356,Other,Boomerang/ triangle silent no lights <= 300meters above,N,https://nuforc.org/sighting/?id=175130
1147,26/03/2023,2020s,21:28,Wilson,IN,USA,38.44857927,-85.82376649,Triangle,Witnesses observed a bright triangular craft object hovering at tree top level,N,https://nuforc.org/sighting/?id=176381
1148,27/03/2023,2020s,23:15,"Boarder of Colorado, Utah and Wyoming",CO,USA,40.86574457,-109.0102393,Light,"3 lights forming a triangle, converging, disappearing. Then reappearing forming a triangle, converging then disappearing again.",N,https://nuforc.org/sighting/?id=175144
1149,07/04/2023,2020s,02:35,[UNSPECIFIED],CA,USA,36.73,-119.78,Orb,"3 orbs of light, similar to stars or planets. They would glow bright and then fade. They were stationary and then would reposition.",N,https://nuforc.org/sighting/?id=175220
1150,08/04/2023,2020s,18:45,Ocean Shores,New South Wales,Australia,-28.51399951,153.5340467,Triangle,Large triangle non flashing lights silent moving fast,N,https://nuforc.org/sighting/?id=175234
1151,10/04/2023,2020s,23:00,Vacherie,LA,USA,30.01123055,-90.71980005,Circle,USCG licensed captain on Miss River. Look up and saw object hovering over red tower light and it was so bright it reflected on water.,Y,https://nuforc.org/sighting/?id=175680
1152,13/04/2023,2020s,14:20,Rehoboth,DE,USA,38.72224335,-75.07622404,Disk,"An unusually fast, straight tracking object, at passenger flight altitude",N,https://nuforc.org/sighting/?id=175468
1153,13/04/2023,2020s,00:30,Estimated around Grand Junction,CO,USA,39.06694536,-108.5645973,Formation,"What seemed to be crafts with bright lights rotating in circle formations descending to earth, then ascending later on.",N,https://nuforc.org/sighting/?id=175475
1154,13/04/2023,2020s,00:00,Mount Ephraim,NJ,USA,39.88149139,-75.08583303,Triangle,10’x10x10’ magnificent triangle craft aprox 25 feet in the air flew slowly over us and past us at a somewhat slow pace.,N,https://nuforc.org/sighting/?id=175361
1155,15/04/2023,2020s,02:23,Cottage grove,OR,USA,43.7972662,-123.0597923,Formation,Two unknown lights behaving strangely,Y,https://nuforc.org/sighting/?id=175332
1156,15/04/2023,2020s,21:00,Newberg,OR,USA,45.30038773,-122.9757906,Rectangle,Sighted a large rectangular craft hovering above our property on a clear moonless night and viewed it for about five minutes.,N,https://nuforc.org/sighting/?id=175778
1157,17/04/2023,2020s,00:33,[UNSPECIFIED],[UNSPECIFIED],USA,34.986,-79.539,Light,Two bright lights reported by an aircraft at the SDZ 170 radial 014 mile fix,N,https://nuforc.org/sighting/?id=175312
1158,18/04/2023,2020s,23:44,Vernon,TX,USA,34.15458369,-99.26496299,Triangle,Object traveling south-west towards rural area of the county. Dark-gray triangle shaped craft. Massive area,N,https://nuforc.org/sighting/?id=175472
1159,19/04/2023,2020s,00:30,Texarkana,AR,USA,33.43071091,-94.03622936,Circle,"The pilot of BYA584 at FL270 approximately 41 miles southwest of Texarkana, AR reported lights off to the north.",N,https://nuforc.org/sighting/?id=175290
1160,19/04/2023,2020s,04:00,Encino,CA,USA,34.15938855,-118.5010321,Changing,"Witnessed surreal UFO in Encino, CA. Massive object spinning with vibrant lights. Video evidence available for further investigation.",Y,https://nuforc.org/sighting/?id=175432
1161,20/04/2023,2020s,14:00,Ware,MA,USA,42.26095466,-72.24223021,Other,Driving along when suddenly a passenger in the backseat noticed an odd object in the sky on a clear day,N,https://nuforc.org/sighting/?id=178357
1162,21/04/2023,2020s,21:25,Granbury,TX,USA,32.44874441,-97.7912706,Oval,We were walking ABS suddenly saw 3 things in the sky,Y,https://nuforc.org/sighting/?id=175443
1163,21/04/2023,2020s,22:00,Los Angeles,CA,USA,34.0564552,-118.2579761,Flash,"UAP light show in Venice, CA",Y,https://nuforc.org/sighting/?id=176954
1164,24/04/2023,2020s,11:20,Sioux Falls,SD,USA,43.54618051,-96.73288265,Sphere,"We saw multiple flying objects moving in a synchronized way back and forth, staying still, and moving at incredible speed out of sight.",Y,https://nuforc.org/sighting/?id=175489
1165,24/04/2023,2020s,11:20,Sioux Falls,SD,USA,43.54618051,-96.73288265,Orb,We saw around 20 orbs or spheres and a large black disc,Y,https://nuforc.org/sighting/?id=194546
1166,24/04/2023,2020s,21:30,London,[UNSPECIFIED],United Kingdom,51.51485443,-0.10366852,Triangle,I saw a matte black long flat pyramid that seemed to hover in the sky. I ducked under the window and when I looked up it moved away,N,https://nuforc.org/sighting/?id=175531
1167,27/04/2023,2020s,21:00,Las Vegas,NV,USA,36.16979906,-115.1420537,Light,"6 Golden Lights flashing Red, Blue, Green, Hovering over NW Desert near Golf Coarse / Creech AFB",Y,https://nuforc.org/sighting/?id=182107
1168,27/04/2023,2020s,13:30,Boonsboro,MD,USA,39.50609106,-77.65234667,Disk,"While doing classwork outside, i watched a civilian twin-engine aircraft fly underneath a large disk a couple of hundred more feet high",Y,https://nuforc.org/sighting/?id=189727
1169,27/04/2023,2020s,20:30,Portland,OR,USA,45.51325274,-122.6811758,Light,Portland lights,Y,https://nuforc.org/sighting/?id=175523
1170,28/04/2023,2020s,20:56,Saugerties (Malden),NY,USA,42.07753815,-73.95317028,Disk,I took off when the craft looked like it was turning around!,Y,https://nuforc.org/sighting/?id=175539
1171,30/04/2023,2020s,14:00,Alma,CO,USA,39.28386921,-106.0626909,Rectangle,"Daytime, low flying object",N,https://nuforc.org/sighting/?id=175603
1172,01/05/2023,2020s,21:00,Dry Creek,South Australia,Australia,-34.8115467,138.5643306,Triangle,Object was as wide as a passenger airline. Triangular base was 3-4 times wider than it was deep.,N,https://nuforc.org/sighting/?id=191506
1173,02/05/2023,2020s,22:00,bagdad,AZ,USA,34.57234179,-113.1787878,Unknown,Beams emitted from two crafts,N,https://nuforc.org/sighting/?id=178454
1174,04/05/2023,2020s,21:15,Mellieha,Mellieħa,Malta,35.95701152,14.36313043,Other,No outline of the object it was like a long worm the sky was dark 15-20 lights emitting from what appeared to be its side,N,https://nuforc.org/sighting/?id=175638
1175,06/05/2023,2020s,21:15,Oak Grove,MO,USA,39.00486259,-94.12917159,Disk,"7-10 orange lights heading north, followed by huge flying saucer, bottom illuminated by city lights. Followed by 7-10 military choppers",N,https://nuforc.org/sighting/?id=175884
1176,06/05/2023,2020s,19:00,Howell,MI,USA,42.60721669,-83.92931688,Other,"A metal craft, flat metallic bottom, white top with a red strip, no sound",Y,https://nuforc.org/sighting/?id=179810
1177,11/05/2023,2020s,17:00,Kelmscott/Perth,Western Australia,Australia,-32.11447856,116.0150899,Triangle,Black triangle craft sitting stationary above shops.,N,https://nuforc.org/sighting/?id=176358
1178,12/05/2023,2020s,22:00,Chapmanville,WV,USA,37.97391181,-82.01845433,Orb,"3 orbs/fireballs in triangular formation flew silently at mountain top level. Made no noise, made 90 degree left turn and disappeared",Y,https://nuforc.org/sighting/?id=176401
1179,16/05/2023,2020s,19:00,Tucson,AZ,USA,32.25263011,-110.9765863,Disk,Hovering UFO,N,https://nuforc.org/sighting/?id=175823
1180,17/05/2023,2020s,01:30,Pahrump,NV,USA,36.20881909,-115.9835722,Cross,"Bright Red and Blue flashing lights following the highway, approaching us in opposite direction observed before disappearing.",N,https://nuforc.org/sighting/?id=175916
1181,19/05/2023,2020s,10:00,Vero Beach,FL,USA,27.63890162,-80.39461015,Rectangle,Object observed in the sky I don’t believe was man made.,N,https://nuforc.org/sighting/?id=175892
1182,19/05/2023,2020s,23:21,Redfield,AR,USA,34.44453007,-92.18530866,Triangle,Huge spaceship floating over the car.,N,https://nuforc.org/sighting/?id=175842
1183,19/05/2023,2020s,14:45,Walpole,NH,USA,43.07933332,-72.42564475,Triangle,2 jets chasing 1 triangular shaped aircraft.,N,https://nuforc.org/sighting/?id=176342
1184,20/05/2023,2020s,00:45,Olean,NY,USA,42.08385837,-78.43013974,Light,"The object was first observed approaching from due north at an incredible speed. It executed a smooth, continuous curved arc",Y,https://nuforc.org/sighting/?id=198728
1185,25/05/2023,2020s,23:30,Long Point,ON,Canada,42.57973324,-80.42948593,Other,Large object with rounded edges that bent light from stars,N,https://nuforc.org/sighting/?id=179389
1186,28/05/2023,2020s,23:00,Atlanta,GA,USA,33.74966021,-84.38965459,Orb,Commercial flight crew observes burst of light during takeoff.,Y,https://nuforc.org/sighting/?id=176033
1187,30/05/2023,2020s,18:20,Morgantown,WV,USA,39.63068455,-79.95509508,Orb,Metallic orb flew over our house - silently and at low altitude,N,https://nuforc.org/sighting/?id=176000
1188,30/05/2023,2020s,22:27,Romeo,MI,USA,42.80285372,-83.01302149,Triangle,Two extremely large triangle objects moving in the air from southwest to northeast,N,https://nuforc.org/sighting/?id=176017
1189,01/06/2023,2020s,21:30,New Port Richey,FL,USA,28.24361841,-82.71961324,Orb,"4 orange orbs recorded , silent, same direction",Y,https://nuforc.org/sighting/?id=176081
1190,02/06/2023,2020s,10:02,Hubert,NC,USA,34.71465383,-77.24527577,Triangle,Green triangle appeared out of nowhere then took the hell off.,N,https://nuforc.org/sighting/?id=176071
1191,03/06/2023,2020s,10:00,Bad Axe,MI,USA,43.80190104,-83.00012776,Disk,There was 2 Jets afterburner full blast overtaken by this craft the jets were throwing flares (6-7) the ufo sat in the sun to hide!,N,https://nuforc.org/sighting/?id=176052
1192,03/06/2023,2020s,10:00,BadAxe,MI,USA,43.80190104,-83.00012776,Disk,F16s or f35s dogfighting a UAP,N,https://nuforc.org/sighting/?id=176329
1193,04/06/2023,2020s,20:22,Herndon,VA,USA,38.96972066,-77.38646178,Orb,Saw a shiny orb following an airplane. I took a video,Y,https://nuforc.org/sighting/?id=178538
1194,04/06/2023,2020s,12:34,Moses Lake,WA,USA,47.13052251,-119.2814749,Disk,"I saw a silvery/white flat disk low over a field, which then disappeared",N,https://nuforc.org/sighting/?id=179863
1195,06/06/2023,2020s,21:00,Ardmore,AL,USA,34.98409915,-86.83956422,Cylinder,Hovering craft starts fire with laser,N,https://nuforc.org/sighting/?id=176122
1196,09/06/2023,2020s,10:00,Tucson,AZ,USA,32.25263011,-110.9765863,Disk,Saw a ufo in the sky then saw orange light and sparkles on the other side of the mountain then walked right past 2 aliens.,N,https://nuforc.org/sighting/?id=176179
1197,09/06/2023,2020s,13:00,Bridgeton,MO,USA,38.7672943,-90.4117922,Other,Was watching jets test fly and witnessed a pill shaped Ufo,Y,https://nuforc.org/sighting/?id=179530
1198,12/06/2023,2020s,22:20,Joshua Tree,CA,USA,34.13509088,-116.3143862,Cigar,UAP seen less the 100ft off ground shaped like a cigar shaped harmonica,N,https://nuforc.org/sighting/?id=176261
1199,12/06/2023,2020s,16:30,Johnston,IA,USA,41.67328531,-93.69803637,Triangle,Black equilateral triangle daytime,N,https://nuforc.org/sighting/?id=176232
1200,13/06/2023,2020s,15:52,Newark,NJ,USA,40.73128821,-74.17349389,Oval,"Saw ufo as we took off from Newark, i captured it in a Timelapse video. It was moving very quickly",Y,https://nuforc.org/sighting/?id=181674
1201,13/06/2023,2020s,22:57,Pleasant Lake,IN,USA,41.57539846,-85.01677718,Rectangle,"Low, slow flying dark gray rectangle with flashing lights headed north east over I-69",N,https://nuforc.org/sighting/?id=176238
1202,15/06/2023,2020s,04:30,Southaven- Walls,MS,USA,34.99156779,-90.00239368,Triangle,Silent brightly lit triangle object,N,https://nuforc.org/sighting/?id=176442
1203,19/06/2023,2020s,21:03,Riverview,FL,USA,27.86474072,-82.31951073,Fireball,Bright orange ethereal ball hovering above the street ascends up into the sky and flys east until it disappears into the distance,N,https://nuforc.org/sighting/?id=176368
1204,21/06/2023,2020s,22:55,[UNSPECIFIED],CA,USA,37.269175,-119.30661,Other,Not starlink looked like a centipede swayed side to side,Y,https://nuforc.org/sighting/?id=176754
1205,23/06/2023,2020s,03:00,Savannah,GA,USA,32.07938521,-81.08726318,Orb,Blue Orb Shot up Into the Sky,N,https://nuforc.org/sighting/?id=178751
1206,23/06/2023,2020s,22:45,Wheat Ridge,CO,USA,39.76621239,-105.0774676,Light,Very Bright Light with a Craft with Flashing Lights,Y,https://nuforc.org/sighting/?id=176548
1207,25/06/2023,2020s,00:00,Austin,TX,USA,30.26576966,-97.74259661,Changing,Bright orb with a beam of light shooting straight up out of it,N,https://nuforc.org/sighting/?id=176449
1208,27/06/2023,2020s,07:05,Rapperswil,Canton of St. Gallen,Switzerland,47.22691553,8.81723526,Cylinder,There was a dark mass in the sky that never moved and disappeared suddenly.,Y,https://nuforc.org/sighting/?id=178256
1209,28/06/2023,2020s,03:48,"Fort Clark Springs, Brackettville",TX,USA,29.29435321,-100.422538,Circle,"It was round disc shape and had lights that flashed simultaneously around the edge of the craft in red, yellow, and white.",Y,https://nuforc.org/sighting/?id=176495
1210,28/06/2023,2020s,00:47,Lamont,CA,USA,35.25955432,-118.9145041,Chevron,Craft was flying around 200 ft off ground on the north side of highway 5,N,https://nuforc.org/sighting/?id=176500
1211,28/06/2023,2020s,20:55,Taos,NM,USA,36.40745915,-105.5737523,Cigar,"While camping, we saw a huge cigar-shaped craft with lights. It came close, then drifted away.",N,https://nuforc.org/sighting/?id=188188
1212,29/06/2023,2020s,13:30,[UNSPECIFIED],[UNSPECIFIED],Kyrgyzstan,42.5,74.5,Other,We were flying westbound FL320. I saw a contact approaching our right (North) side. TCAS showed nothing. Passed close slightly higher,Y,https://nuforc.org/sighting/?id=176675
1213,01/07/2023,2020s,03:30,Approx. 2.5 NM off coast of Sloop Point,NJ,USA,40.0439,-73.975,Cube,Pulled alongside my boat. I was afraid I was going to hit it. Stayed about 20 feet and hovered just off surface.,N,https://nuforc.org/sighting/?id=176539
1214,02/07/2023,2020s,21:45,Elizabethtown,PA,USA,40.15302178,-76.60253931,Light,A short creature with big black shiny eyes ran from my shed back behind my car and then green lights flashed and it was gone.,Y,https://nuforc.org/sighting/?id=176566
1215,03/07/2023,2020s,20:42,Phoenix,AZ,USA,33.44819265,-112.0657938,Star,Starlike UFO drops a mysterious teardrop object before vanishing into thin air.,Y,https://nuforc.org/sighting/?id=176639
1216,03/07/2023,2020s,22:10,Knoxville,TN,USA,35.96658095,-83.92527123,Orb,"White strobe-like light moving at very high speed with instant acceleration and deceleration, with instant 90 degree turns.",N,https://nuforc.org/sighting/?id=176581
1217,04/07/2023,2020s,23:00,cheshire,CT,USA,41.50894035,-72.91023723,Disk,A charcoal gray saucer the size of a football field was above the trees right in front of me...it had 3 large lights/windows and,N,https://nuforc.org/sighting/?id=176842
1218,07/07/2023,2020s,21:30,Lincoln,CA,USA,38.8917202,-121.2930318,Other,6 different 4 horizontal light objects leaving silo/bldg area 3 traveled N. & turning back descending 3 going S. slowly rising.,N,https://nuforc.org/sighting/?id=176678
1219,09/07/2023,2020s,05:00,Oxnard,CA,USA,34.19738734,-119.1759165,Circle,"Saw an airliner pass south going to LAX from SBA VORTAC. Then saw another object lower going NE towards SBA VORTAC, which is normal.",N,https://nuforc.org/sighting/?id=177123
1220,10/07/2023,2020s,20:29,Defiance,MO,USA,38.63253481,-90.77810374,Cigar,Witnessed a tic-tac/cigar shaped object while taking my dog out,Y,https://nuforc.org/sighting/?id=176695
1221,10/07/2023,2020s,23:56,winchester,VA,USA,39.18550676,-78.16364159,Oval,"While scanning the area below Alberio, I saw a flash and then a smoke ring.",N,https://nuforc.org/sighting/?id=176686
1222,10/07/2023,2020s,07:20,Lincoln,NE,USA,40.81394809,-96.70229244,Egg,Silver object flying in a westward direction off in a distace.,Y,https://nuforc.org/sighting/?id=176841
1223,11/07/2023,2020s,22:00,Hubbardston,MI,USA,43.09230787,-84.8423757,Orb,Small bluish orb followed by Army Blackhawk helicopter,N,https://nuforc.org/sighting/?id=176741
1224,13/07/2023,2020s,11:00,Gilbert,AZ,USA,33.35315543,-111.7896659,Sphere,Sphere the size of a smallish volleyball motionless in the hallway of my home,N,https://nuforc.org/sighting/?id=178134
1225,13/07/2023,2020s,23:40,Portland,OR,USA,45.51325274,-122.6811758,Unknown,"Sighted a series of bright lights of varying colors. Appeared to be over NE Portland, descending and moving from south to north",N,https://nuforc.org/sighting/?id=176782
1226,15/07/2023,2020s,00:01,Shasta City,CA,USA,40.68072127,-122.3708957,Light,"Large, BRIGHT ""bobbing"" light across sky disappeared behind? Mountain",N,https://nuforc.org/sighting/?id=176855
1227,15/07/2023,2020s,23:30,Port Angeles,WA,USA,48.11797984,-123.4297211,Orb,"We saw so many crafts flying through the sky, followed by sometimes completely creepy",N,https://nuforc.org/sighting/?id=177345
1228,16/07/2023,2020s,22:00,Folsom,NM,USA,36.84500464,-103.9177019,Rectangle,"Massive rectangular UFO/UAP, like a flying skyscraper that passes over our car and vanishes. It was unlike anything i could imagine",Y,https://nuforc.org/sighting/?id=177629
1229,16/07/2023,2020s,21:03,Milwaukee,WI,USA,43.03911323,-87.90974139,Fireball,Saw 2 balls of light close together. Flew off into distance. A 3rd one came 30 seconds later into the same direction,Y,https://nuforc.org/sighting/?id=176818
1230,18/07/2023,2020s,21:15,Farmington,NM,USA,36.72838926,-108.219022,Other,I saw a UFO for summer; a brief UFO visit,Y,https://nuforc.org/sighting/?id=178691
1231,18/07/2023,2020s,03:15,Fredericksburg,VA,International Waters,38.3,77.46,Chevron,Was watching ISS live stream and these lights drew my attention,Y,https://nuforc.org/sighting/?id=176823
1232,20/07/2023,2020s,19:18,Salem,OR,USA,44.93655187,-123.0417689,Cube,Saw flying rectangular metallic object then it vanished into thin air,N,https://nuforc.org/sighting/?id=177037
1233,22/07/2023,2020s,07:31,La Porte,TX,USA,29.6672469,-95.02046344,Disk,Really close and hovering,Y,https://nuforc.org/sighting/?id=176890
1234,23/07/2023,2020s,21:06,Limon,CO,USA,39.263961,-103.692562,Light,A large yellow-green ball of light plummeting very fast and suddenly disappearing while still high in the sky,N,https://nuforc.org/sighting/?id=176902
1235,23/07/2023,2020s,21:00,Northfield,NH,USA,43.43531709,-71.59007835,Cross,a T shaped cluster of blue/white lights hovering over I93,N,https://nuforc.org/sighting/?id=176904
1236,23/07/2023,2020s,02:15,North Battleford,SK,Canada,52.77660458,-108.2979774,Cube,Something in the Sky east of North Battleford,Y,https://nuforc.org/sighting/?id=178402
1237,24/07/2023,2020s,21:30,North Myrtle Beach,SC,USA,33.81605753,-78.68014878,Light,Light that at first appeared as a satellite that instantly made a 120-deg turn & accelerated away,N,https://nuforc.org/sighting/?id=177013
1238,24/07/2023,2020s,09:45,Ouray,CO,USA,38.0234374,-107.6719801,Oval,White silent oval 60 degrees above ground visible from the 3rd Floor,N,https://nuforc.org/sighting/?id=177494
1239,24/07/2023,2020s,01:30,Wetmore,MI,USA,46.38153814,-86.61656561,Sphere,"Spherical object, varying heights and speeds, seemingly responsive to our presence.",N,https://nuforc.org/sighting/?id=176964
1240,25/07/2023,2020s,02:05,sacramento,CA,USA,38.57667536,-121.5008902,Triangle,Silent-more of a slight gush of wind/ triangular object/maybe size of jet/maybe quarter of mile high??,N,https://nuforc.org/sighting/?id=177081
1241,25/07/2023,2020s,23:00,Powell Junction,ID,USA,46.57987693,-114.71778,Chevron,“V” shaped craft with orange and red lights,Y,https://nuforc.org/sighting/?id=178341
1242,27/07/2023,2020s,20:35,Pearl,MS,USA,32.26615961,-90.13410347,Changing,Strange Craft Playing Hide and Seek with Military Craft,N,https://nuforc.org/sighting/?id=182053
1243,27/07/2023,2020s,20:35,Pearl,MS,USA,32.26615961,-90.13410347,Changing,Strange craft playing hide and seek with military craft.,N,https://nuforc.org/sighting/?id=180937
1244,28/07/2023,2020s,21:00,Santa Barbara,CA,USA,34.42055242,-119.6990445,Triangle,"Huge triangular ship ""glides"" overhead and disappears to the North. Clear video obtained.",Y,https://nuforc.org/sighting/?id=178180
1245,29/07/2023,2020s,00:20,Worksop,Nottinghamshire,United Kingdom,53.30943531,-1.1222754,Disk,Flying saucer with red lights.,N,https://nuforc.org/sighting/?id=177085
1246,29/07/2023,2020s,00:02,Kongens Lyngby,Capital Region of Denmark,Denmark,55.76348626,12.49477648,Cigar,Five cigar shaped craft in the sky,N,https://nuforc.org/sighting/?id=177268
1247,30/07/2023,2020s,14:30,Millen,GA,USA,32.80430379,-81.94919272,Sphere,Black sphere flying over Georgia,N,https://nuforc.org/sighting/?id=177426
1248,30/07/2023,2020s,09:30,Ann Arbor (Pittsfield),MI,USA,42.28119077,-83.74300774,Orb,"Metallic orb, bowling ball or beach ball sized, and no visible props or motor, flying at approximately 35-40 mph",N,https://nuforc.org/sighting/?id=177359
1249,30/07/2023,2020s,02:00,Hardwick,VT,USA,44.54223093,-72.34946844,Circle,Scared me. It was round in shape and was lit up all the way around. It hovered above the river.,N,https://nuforc.org/sighting/?id=185608
1250,31/07/2023,2020s,22:54,Mineral Bluff,GA,USA,34.91460115,-84.27692013,Rectangle,Saw a square object with another one above it,Y,https://nuforc.org/sighting/?id=178053
1251,01/08/2023,2020s,16:00,[UNSPECIFIED],ID,USA,44.3509,-114.613,Disk,An extraordinary close encounter with a UFO in central Idaho in 1974.,N,https://nuforc.org/sighting/?id=180379
1252,02/08/2023,2020s,05:30,Palm Springs,FL,USA,26.63597503,-80.09622441,Egg,"A bright white egg or circular object, about the size of a car, less than 1000 ft, shot across the sky, stopped, jumped to hyperspace",N,https://nuforc.org/sighting/?id=177621
1253,03/08/2023,2020s,22:30,Hopkinton,MA,USA,42.22823469,-71.52214869,Chevron,Large v shaped craft flying close to highway,N,https://nuforc.org/sighting/?id=189088
1254,03/08/2023,2020s,18:30,Mill Creek (Newport),NC,USA,34.38633689,-78.02578004,Rectangle,I saw a large black rectangular object hovering in one spot for a few minutes and I saw it fly off into the woods.,N,https://nuforc.org/sighting/?id=178746
1255,04/08/2023,2020s,22:00,Stamford Texas,TX,USA,32.94544603,-99.80296081,Oval,I seen a very large oval black craft emitting some sort of dark orange light around the upper rim of the craft,N,https://nuforc.org/sighting/?id=178648
1256,04/08/2023,2020s,21:40,Rocky River,OH,USA,41.47667428,-81.85009406,Unknown,Saw object Friday night that would stop and go in different directions. Was flashing green and white and eventually flew away quickly.,Y,https://nuforc.org/sighting/?id=177388
1257,05/08/2023,2020s,21:25,Auburndale,FL,USA,28.06736621,-81.78945171,Orb,It was so bright as it got brighter it illuminated the neighborhood from a distance of over 3 football fields away.,N,https://nuforc.org/sighting/?id=177618
1258,06/08/2023,2020s,17:13,Madison,AL,USA,34.6993392,-86.7485764,Rectangle,"40-50,000 ft heading 255-265 degrees for 4 minutes then sharp left turn to about 160 degrees",N,https://nuforc.org/sighting/?id=177471
1259,06/08/2023,2020s, 21:15:00,Rocklin,CA,USA,38.79092228,-121.2363368,Orb,Glowing orb followed by a flashing light and a dim orb off center of main orb.,N,https://nuforc.org/sighting/?id=177337
1260,06/08/2023,2020s,12:21,Powhatan Point,OH,USA,39.86045327,-80.81542717,Cylinder,Caught on security camera and phone.,Y,https://nuforc.org/sighting/?id=177349
1261,07/08/2023,2020s,21:23,Upland,CA,USA,34.09990467,-117.651477,Formation,"Looking west an enormous, segmented, well lit green craft, flying low, centipede like, appeared bit by bit. Disappeared the same.",N,https://nuforc.org/sighting/?id=177409
1262,07/08/2023,2020s,18:00,Glace Bay,NS,Canada,46.19694943,-59.95686077,Orb,"Came straight down , 10-12 foot in diameter, didn't make a sound , entered the water , no wind sound sound , no fuel smell",N,https://nuforc.org/sighting/?id=177417
1263,08/08/2023,2020s,22:00,Elgin,TX,USA,30.34954132,-97.37058987,Sphere,"20 or more blueish white orbs in groups of 4 ascended straight up into the sky,",N,https://nuforc.org/sighting/?id=183641
1264,08/08/2023,2020s,21:30,Brooklet,GA,USA,32.37964028,-81.66262479,Triangle,Unknown craft hovered at treetop level above myself & a friend,N,https://nuforc.org/sighting/?id=180618
1265,08/08/2023,2020s,02:00,Bizerte,Tunis Governorate,Tunisia,37.27752003,9.86416486,Light,Multiple lights (6 seen) fading on and off (10s) forming multiple formations moving in all directions (not orbital) in stratosphere,N,https://nuforc.org/sighting/?id=177531
1266,08/08/2023,2020s,23:15,Abergele,Conwy County Borough,United Kingdom,53.28437268,-3.58309487,Triangle,Three triangles in formation moving fast and silent.,N,https://nuforc.org/sighting/?id=177427
1267,09/08/2023,2020s,23:56,Whiteland,IN,USA,39.55012792,-86.07936442,Triangle,A large triangle with many lights flew close overhead as I was getting into my truck,N,https://nuforc.org/sighting/?id=177517
1268,09/08/2023,2020s,04:04,Dorotea,Västerbotten County,Sweden,64.26186747,16.41525911,Oval,We saw a ufo dart through the sky many times in about 15 minutes,Y,https://nuforc.org/sighting/?id=177539
1269,10/08/2023,2020s,01:30,Hanksville,UT,USA,38.37295941,-110.7142852,Other,We were driving up thru Aurora UT on State Route 24 when I noticed a round orange ball of light bouncing above the tops of the trees.,N,https://nuforc.org/sighting/?id=177447
1270,11/08/2023,2020s,18:40,NW Austin,TX,USA,30.35627874,-97.75655248,Cylinder,"On AA Flt 4244 ATX-ABQ, saw cylindrical object flying past my plane same level going opposite direction fast! No tail fin, wings.",Y,https://nuforc.org/sighting/?id=177541
1271,12/08/2023,2020s,22:10,Los Banos,CA,USA,37.05827966,-120.8500309,Triangle,We were driving on Highway 152 near Los Banos at approximately 10 pm and saw a large triangular object that had 4 large lights.,N,https://nuforc.org/sighting/?id=177558
1272,12/08/2023,2020s,15:57,Billings,MT,USA,45.7832162,-108.506283,Circle,This object was caught on video in 30fps when filming at the Blue Angles air show.,Y,https://nuforc.org/sighting/?id=177674
1273,13/08/2023,2020s,01:00,Glenwood,NM,USA,33.31780723,-108.8822,Orb,6 or more flying craft moving extremely fast and capable of changing direction quickly. Emitted weird light.,N,https://nuforc.org/sighting/?id=177596
1274,13/08/2023,2020s,23:00,Springville,UT,USA,40.16523313,-111.6115483,Triangle,Viewed stealth craft in night sky,N,https://nuforc.org/sighting/?id=177602
1275,14/08/2023,2020s,20:55,Taos Canyon,NM,USA,36.33900867,-105.7236023,Other,"An object in the shape of a vertical dorsal fin about 60' top to bottom, very fast with an extremely bright blue flame out the back.",N,https://nuforc.org/sighting/?id=177593
1276,14/08/2023,2020s,20:23,Portland,OR,USA,45.51325274,-122.6811758,Unknown,F18 chasing an unidentified aircraft,N,https://nuforc.org/sighting/?id=177592
1277,15/08/2023,2020s,19:00,Casco,ME,USA,44.0062743,-70.5223939,Orb,Sustained Electronic Interference and then VERY close fiery Orb flying very fast,N,https://nuforc.org/sighting/?id=197056
1278,15/08/2023,2020s,23:00,Pouch Cove,NL,Canada,47.76115612,-52.77101976,Circle,Circle with lights on bottom like this ( ) was right above the house,N,https://nuforc.org/sighting/?id=184001
1279,16/08/2023,2020s,00:00,Moab,UT,USA,38.57356292,-109.5510962,Chevron,"Triangle shape, multiple points of light high rate of speed. Viewed twice, once north to south, then south to north",N,https://nuforc.org/sighting/?id=177782
1280,17/08/2023,2020s,23:00,Alfaz del Pi,Alicante Province,Spain,38.57850199,-0.10003037,Triangle,9 silent V shaped craft in a V formation,N,https://nuforc.org/sighting/?id=178737
1281,18/08/2023,2020s,04:30,West Lake Hills,TX,USA,30.29725395,-97.80220984,Cylinder,"A yellow glowing cylinder with a dome on top, and ring of light around it. About the size of an ottoman.",Y,https://nuforc.org/sighting/?id=177683
1282,18/08/2023,2020s,21:34,Puyallup,WA,USA,47.18536858,-122.2935595,Orb,Ball of light hover in the sky.,Y,https://nuforc.org/sighting/?id=177797
1283,20/08/2023,2020s,22:20,Perachori,[UNSPECIFIED],Greece,38.34963751,20.71735765,Circle,Spherical metallic Object descending in Greece/Ithaka,N,https://nuforc.org/sighting/?id=184846
1284,22/08/2023,2020s,20:15,Abergavenny,Monmouthshire,United Kingdom,51.825359,-3.01934178,Cigar,Large metallic craft stationary with long grey windows across the center,Y,https://nuforc.org/sighting/?id=178299
1285,23/08/2023,2020s,21:15,Cochise,AZ,USA,32.11394933,-109.9211102,Disk,Slowly rotating disc-shaped object witnessed hovering at Apache Power Station 8/23/23 @ approx. 9:15 PM.,N,https://nuforc.org/sighting/?id=177867
1286,23/08/2023,2020s,12:00,Nelson,Caerphilly County Borough,United Kingdom,51.65228646,-3.28402742,Cigar,Hovering above the field,N,https://nuforc.org/sighting/?id=178420
1287,23/08/2023,2020s,04:15,[UNSPECIFIED],OR [sic],Canada,49.3,-123.1,Unknown,"Marine layer 50 ft above the ocean, craft was hidden in clouds, dispersed 3 florescent blue pods into the water, approached our boat",N,https://nuforc.org/sighting/?id=184388
1288,25/08/2023,2020s,00:00,[UNSPECIFIED],Islamabad Capital Territory,Pakistan,35.9,76.5,Formation,Several groups of lights moving in orbiting formation and erratically changing altitude impossibly fast,Y,https://nuforc.org/sighting/?id=178882
1289,26/08/2023,2020s,00:15,Richmond,VA,USA,37.54153272,-77.43532454,Other,Report from ATC that 4 aircraft sighted UFO near Richmond VA at high altitude,N,https://nuforc.org/sighting/?id=177810
1290,27/08/2023,2020s,13:40,Morgan Hill,CA,USA,37.13035271,-121.6557574,Cigar,"Cigar shaped craft with a haze around it. The exterior of the craft had ""moving pins"" and did not respond to sunlight normally.",Y,https://nuforc.org/sighting/?id=199264
1291,27/08/2023,2020s,03:30,Colorado Springs,CO,USA,38.84091835,-104.8255723,Other,Green fireball,N,https://nuforc.org/sighting/?id=177931
1292,28/08/2023,2020s,21:31,Mt Pleasant,NC,USA,35.39954042,-80.43495259,Disk,3 Disc shaped craft moving 10 times the speed of the plane i was watching already,N,https://nuforc.org/sighting/?id=177897
1293,29/08/2023,2020s,22:10,east meadow,NY,USA,40.71394202,-73.55964808,Rectangle,"Object low flying N/W to S/E from Eisenhower Park, passed overhead",N,https://nuforc.org/sighting/?id=178163
1294,29/08/2023,2020s,03:30,[UNSPECIFIED],OR,USA,45.3,-117.5,Unknown,"UFO appeared before me, flew almost directly over me, large red ""V"" on underside, felt wave as it passed, silent and moved off quickly",N,https://nuforc.org/sighting/?id=178615
1295,30/08/2023,2020s,03:30,St. Louis,MO,USA,38.6272908,-90.19418979,Light,3 to 4 lights rotating around each other,Y,https://nuforc.org/sighting/?id=177928
1296,01/09/2023,2020s,22:26,Savannah,GA,USA,32.07938521,-81.08726318,Formation,I was driving down bull St someone said to look up. I saw 4 lights in a square directly above my car.,Y,https://nuforc.org/sighting/?id=178033
1297,01/09/2023,2020s,22:33,West Alton,IL,USA,38.89077824,-90.184627,Orb,3 lights seen they moved closer then missing time,N,https://nuforc.org/sighting/?id=177979
1298,01/09/2023,2020s,17:08,Chicago,IL,USA,41.88115476,-87.63301383,Orb,Airline passenger observed non drone UAP upon landing approach to ORD Airport on 09/01/2023.,N,https://nuforc.org/sighting/?id=177965
1299,02/09/2023,2020s,01:30,Centralia,MO,USA,39.21146277,-92.13879895,Oval,UFO transported over Lake and then disappeared in thin air after the UFO was fully transported.,N,https://nuforc.org/sighting/?id=193150
1300,03/09/2023,2020s,20:53,Jenner,CA,USA,38.44952546,-123.1153174,Orb,saw 3 bright white orbs flying in a straight formation that looked like the center of Orions Belt,N,https://nuforc.org/sighting/?id=178234
1301,04/09/2023,2020s,02:15,Laanecoorie,Victoria,Australia,-36.83686784,143.9287485,Disk,"Domed disk hovered silently over lagoon, water missing next day.",Y,https://nuforc.org/sighting/?id=186678
1302,04/09/2023,2020s,20:54,Camp Hill,PA,USA,40.23994803,-76.91995765,Circle,"We observed a saucer-shaped craft ascend from the horizon to the upper atmosphere in a fraction of a second, before separating",Y,https://nuforc.org/sighting/?id=178302
1303,04/09/2023,2020s,02:20,Estes Park,CO,USA,40.37739424,-105.5219752,Disk,"Large, disc shaped, brightly lit, silent craft hovered approximately 100' above our car.",N,https://nuforc.org/sighting/?id=178497
1304,05/09/2023,2020s,06:30,Unsure,ME,USA,43.5087,-70.3989,Unknown,The craft made no noise and disappeared after we looked away.,N,https://nuforc.org/sighting/?id=178082
1305,06/09/2023,2020s,21:44,Ocala,FL,USA,29.18508523,-82.13376157,Light,"Saw a light in the sky move toward, follow and leave an Airplane that was crossing over head.",Y,https://nuforc.org/sighting/?id=178677
1306,06/09/2023,2020s,20:30,Medina,OH,USA,41.14323275,-81.85534498,Orb,"One bright white orb at the horizon of which five bright lights came out of, stayed in a circle and then flew away all in one direction",N,https://nuforc.org/sighting/?id=188982
1307,07/09/2023,2020s,05:04,San Diego,CA,USA,32.715511,-117.1613712,Rectangle,Saw a rectangle shaped black craft moving southeast at about 30 miles an hour and 150 feet off the ground.,N,https://nuforc.org/sighting/?id=179375
1308,07/09/2023,2020s,21:15,Ellsworth,ME,USA,44.54161277,-68.42611026,Orb,"2 adult men saw 2 bright objects, each appearing similar to but larger than full moon",N,https://nuforc.org/sighting/?id=178144
1309,07/09/2023,2020s,23:00,Knoxville,NC [sic],USA,35.15,-87,Light,I saw a small light that looked like a star appear dim then go bright.,N,https://nuforc.org/sighting/?id=178506
1310,09/09/2023,2020s,18:30,Edenton,NC,USA,36.05788129,-76.60751817,Light,Bright white light traveling south to north,N,https://nuforc.org/sighting/?id=178693
1311,10/09/2023,2020s,18:49,Bass Lake,IN,USA,41.20753116,-86.60269372,Rectangle,"Object flew past our aircraft at 10,000 feet within 200 yards of our right wing.",N,https://nuforc.org/sighting/?id=178276
1312,11/09/2023,2020s,23:03,Alexandria,VA,USA,38.8043612,-77.04389741,Orb,"Sighting of orb moving quickly from earth to outside of the atmosphere (shooting further into space, not across the sky like a meteor).",Y,https://nuforc.org/sighting/?id=178303
1313,13/09/2023,2020s,18:45,Gatton,Queensland,Australia,-27.55715928,152.2771376,Flash,Massive bright white flashing light as bright as led high beam lights zooming across sky.,N,https://nuforc.org/sighting/?id=178290
1314,13/09/2023,2020s,07:37,Wailuku,HI,USA,20.88700358,-156.504999,Circle,I was at the beach fishing,Y,https://nuforc.org/sighting/?id=178349
1315,13/09/2023,2020s,19:04,Pewaukee,WI,USA,43.0813311,-88.26296001,Orb,Was driving in my neighborhood and saw an extraordinarily dark cloud above the setting sun and saw a bright object appear to drop fast,Y,https://nuforc.org/sighting/?id=178440
1316,13/09/2023,2020s,21:48,Peterborough,ON,Canada,44.30422751,-78.31996271,Triangle,Black Triangle hovering silently with red and white lights.,Y,https://nuforc.org/sighting/?id=178471
1317,14/09/2023,2020s,04:30,Ocean City,NJ,USA,39.27946397,-74.57700441,Circle,"Seen with PVS7 NV googles. High speed light (not satellite, meteor or star) travel Lind from ocean and disappearing above land.",N,https://nuforc.org/sighting/?id=178346
1318,14/09/2023,2020s,23:55,Wheaton,IL,USA,41.866011,-88.10663389,Fireball,"While driving, a giant, bright neon green fireball/sphere shape w/irregular edges flew downward from the sky south to north",N,https://nuforc.org/sighting/?id=178239
1319,14/09/2023,2020s,12:14,Menasha,WI,USA,44.19942414,-88.45313496,Circle,I was walking my dog and I seen it in the sky,N,https://nuforc.org/sighting/?id=178260
1320,14/09/2023,2020s,12:02,[UNSPECIFIED],UT,USA,37.49662105,-110.7015061,Circle,Many orbs observed near our campsite for two consecutive nights. Have a short video of one orb,N,https://nuforc.org/sighting/?id=182560
1321,15/09/2023,2020s,21:23,Cottage Grove,OR,USA,43.7972662,-123.0597923,Triangle,"I looked to the northern sky and saw a silent, low flying, triangular shaped craft with no lights, flying directly overhead.",N,https://nuforc.org/sighting/?id=184188
1322,16/09/2023,2020s,00:20,Aurora,CO,USA,39.72943758,-104.8299913,Orb,Orb or disc hovering by Buckley AFB at night,N,https://nuforc.org/sighting/?id=178347
1323,16/09/2023,2020s,14:40,Alingsås,Västra Götaland County,Sweden,57.92993351,12.53621502,Orb,Near midair collision between tow plane and orb,N,https://nuforc.org/sighting/?id=178345
1324,17/09/2023,2020s,19:40,Fort Worth,TX,USA,32.75762495,-97.32864516,Cigar,A cigar shaped craft moved over the south end of the runway of Naval Air Station Joint Reserve Base Fort Worth,N,https://nuforc.org/sighting/?id=178316
1325,18/09/2023,2020s,21:38,Yakima,WA,USA,46.60216614,-120.5064036,Teardrop,"Flash of light behind the mountain, extremely bright object rose and hung in the sky and went out, disappeared but reappeared",N,https://nuforc.org/sighting/?id=178368
1326,20/09/2023,2020s,12:57,Nashville,TN,USA,36.16158486,-86.78309971,Disk,"I observed a stationary, dull metallic colored disk for approximately 25 seconds before it disappeared.",Y,https://nuforc.org/sighting/?id=178419
1327,20/09/2023,2020s,03:07,Shasta lake,CA,USA,40.68059109,-122.3702091,Unknown,Observed star like lights in the sky grow bright then disappear many times. Dozens would move in groups or individually.,Y,https://nuforc.org/sighting/?id=178410
1328,21/09/2023,2020s,19:14,hampton,NH,USA,42.93771098,-70.83863765,Disk,"looked in the sky an armada of disks, I delta. somthing cam out of nothin I have photos.",Y,https://nuforc.org/sighting/?id=178391
1329,21/09/2023,2020s,02:30,We were airborne heading East at 39000 feet,NE,USA,41.25526449,-95.92958088,Light,Up to 4 UFO outside earths atmosphere,N,https://nuforc.org/sighting/?id=178405
1330,22/09/2023,2020s,23:30,Louisburg,NC,USA,36.09898889,-78.30106935,Orb,Update to this sighting filed earlier.,N,https://nuforc.org/sighting/?id=183118
1331,23/09/2023,2020s,05:30,Huntersville,NC,USA,35.41097179,-80.84310241,Flash,3 individual bright flashes of light and a separate large orb of light.,N,https://nuforc.org/sighting/?id=178505
1332,24/09/2023,2020s,21:05,Centralia,IL,USA,38.52968461,-89.13078493,Disk,Lights on a oval/disk craft with rotation,N,https://nuforc.org/sighting/?id=178647
1333,25/09/2023,2020s,07:15,Killiney Bay,[UNSPECIFIED],Ireland,53.25824217,-6.1122165,Light,Ball of glowing light slowly circulating the water before immediately submerging.,N,https://nuforc.org/sighting/?id=178504
1334,28/09/2023,2020s,20:50,Folsom/El Dorado Hills,CA,USA,38.68804998,-121.0820682,Orb,Orange orb chased away by airplanes,N,https://nuforc.org/sighting/?id=178484
1335,28/09/2023,2020s,12:15,Butte,MT,USA,46.00392252,-112.5344793,Cube,Cube shaped item w no visible propulsion means. Followed shortly thereafter by three jets,N,https://nuforc.org/sighting/?id=178563
1336,30/09/2023,2020s,14:50,Clyde,NC,USA,35.53340178,-82.91090377,Rectangle,Me and my family saw a large rectangular reflective craft above our house for about 20-30 seconds.,N,https://nuforc.org/sighting/?id=178654
1337,30/09/2023,2020s,19:28,Pasadena,MD,USA,39.15326735,-76.5547981,Light,Driving in my neighborhood I saw bright circular lights over the houses. They began to make formations and slowly dim away one by one,Y,https://nuforc.org/sighting/?id=178636
1338,30/09/2023,2020s,21:45,Rapid City,SD,USA,44.0805846,-103.2322439,Chevron,Large Boomerang shape UFO with no lights flew over our house,N,https://nuforc.org/sighting/?id=178646
1339,30/09/2023,2020s,23:00,Monroe,OR,USA,44.31404477,-123.2967539,Circle,"Two nighttime sightings: a silent disc emerged from a meteor near Monroe, Oregon, and later, a glowing cube and white owl appeared near",N,https://nuforc.org/sighting/?id=191321
1340,01/10/2023,2020s,19:30,Vancouver,WA,USA,45.62781646,-122.6730677,Orb,"2 then 3 red orbs, equally spaced in a line, motionless for over an hour, then individually disappeared and reappeared for another hour",Y,https://nuforc.org/sighting/?id=178606
1341,02/10/2023,2020s,16:04,Fair Oaks,CA,USA,38.6446218,-121.2719326,Unknown,60+ white dots flying in circles and undulated paths appeared from the blue sky and after 4+ minutes vanished in the blue sky again.,N,https://nuforc.org/sighting/?id=178546
1342,02/10/2023,2020s,22:21,No city on highway,WA,USA,47.0412,-124.0543,Egg,Followed/stalked by floating egg ( yes I'm aware of how that sounds ),Y,https://nuforc.org/sighting/?id=178525
1343,03/10/2023,2020s,02:50,Boston,MA,USA,42.3549428,-71.05757473,Circle,Airline pilot - Lights high in sky ahead and above coming in and out,Y,https://nuforc.org/sighting/?id=178702
1344,04/10/2023,2020s,21:35,Mineral Wells,TX,USA,32.80838775,-98.11260876,Changing,"Stationary shape changing flying object, no noise.",Y,https://nuforc.org/sighting/?id=178713
1345,04/10/2023,2020s,18:32,Los Angeles,CA,USA,34.0564552,-118.2579761,Sphere,A plane was flying by and I noticed 3 black spheres circling it as it flew by eventually the spheres went on their own path.,N,https://nuforc.org/sighting/?id=178712
1346,05/10/2023,2020s,01:46,Homosassa,FL,USA,28.78136971,-82.61546541,Changing,"We saw a giant red, motionless comet. We ran towards it, and noticed it was a vertical rectangle, tapered back to a point",N,https://nuforc.org/sighting/?id=178732
1347,05/10/2023,2020s,22:30,Chattanooga,TN,USA,35.04575846,-85.31024816,Triangle,Triangle shaped object glowing green along the edges sighted for approx 15sec before vision being blocked by buildings.,N,https://nuforc.org/sighting/?id=178947
1348,05/10/2023,2020s,11:25,Grand Canyon,AZ,USA,36.10055969,-112.1124847,Cigar,White cigar shaped traveling from north east to southwest straight line absolutely no sound,N,https://nuforc.org/sighting/?id=178706
1349,05/10/2023,2020s,20:00,Bridgeport,IL,USA,38.70915751,-87.76082563,Disk,Large apparently disk shipped object moving in circular motion about 75-150 feet in the air.,N,https://nuforc.org/sighting/?id=178697
1350,05/10/2023,2020s,22:31,Parker,CO,USA,39.51865954,-104.762091,Cylinder,"It was orange object it was massive, it looked similar to a plane but definitely not a plane, it had a giant sphere in the middle.",N,https://nuforc.org/sighting/?id=178768
1351,05/10/2023,2020s,23:00,Chicago,IL,USA,41.88115476,-87.63301383,Light,Lights maneuvering rapidly at extreme altitude,N,https://nuforc.org/sighting/?id=178827
1352,05/10/2023,2020s,22:10,West Kelowna,BC,Canada,49.86358724,-119.5649958,Chevron,Slow moving lower altitude substantial craft appearing to bend light around it,N,https://nuforc.org/sighting/?id=178692
1353,06/10/2023,2020s,23:03,Brighton,MO,USA,37.45757075,-93.34803613,Triangle,Three brilliantly white Lights hovering in the sky,N,https://nuforc.org/sighting/?id=178820
1354,06/10/2023,2020s,05:10,Worthing,England,United Kingdom,50.81774291,-0.37296557,Unknown,Alien like figures in my flat,N,https://nuforc.org/sighting/?id=178700
1355,07/10/2023,2020s,21:10,Springfield,OR,USA,44.04608467,-123.02282,Chevron,12 or more dim lights in a perfect chevron or boomerang shape,N,https://nuforc.org/sighting/?id=178742
1356,08/10/2023,2020s,02:35,Honeyville,UT,USA,41.63870641,-112.0799252,Sphere,Drove to that highpoint on highway saw the craft on partially on my side of the lane.,N,https://nuforc.org/sighting/?id=189675
1357,08/10/2023,2020s,14:41,Marshall,WI,USA,43.1681099,-89.06607493,Rectangle,"Copper rectangle apparently 10ft x 4ft x4ft , less than 600 yards away, broad daylight",Y,https://nuforc.org/sighting/?id=187358
1358,08/10/2023,2020s,19:37,Powell Butte,OR,USA,44.2475597,-121.0179041,Disk,Large disk,N,https://nuforc.org/sighting/?id=178844
1359,09/10/2023,2020s,03:30,Idaho Falls,ID,USA,43.49262728,-112.0450808,Triangle,"Orange lights in the sky with smooth but random movement that joined in formation to form a triangle, then accelerated away from us.",N,https://nuforc.org/sighting/?id=178720
1360,12/10/2023,2020s,20:49,Maceió,Alagoas,Brazil,-9.66598524,-35.73543407,Fireball,A yellowish-orange ball was spotted along the entire coastline.,Y,https://nuforc.org/sighting/?id=185625
1361,12/10/2023,2020s,23:40,Carrollton,TX,USA,32.97508161,-96.88936401,Unknown,A blinding light shown down on my house even though there was no storm/ rain event. The light was blinding and illuminated my yard,N,https://nuforc.org/sighting/?id=178899
1362,12/10/2023,2020s,20:35,Waynesfield,OH,USA,40.60067475,-83.9753522,Triangle,"Huge, triangular craft, bright strobing lights down each side",N,https://nuforc.org/sighting/?id=178843
1363,13/10/2023,2020s,19:00,"Sonoita, Arizona",AZ,USA,31.67928541,-110.6550501,Light,"Bright light lasting for 5 to 6 total Mississippi seconds flew east to west through clouds, and disappeared, ridiculous speed no sound.",N,https://nuforc.org/sighting/?id=178866
1364,13/10/2023,2020s,19:03,Green Valley,AZ,USA,31.85488331,-110.9914531,Orb,A very bright glowing white orb passed near our house and jetted into infinity without making a sound.,N,https://nuforc.org/sighting/?id=178957
1365,14/10/2023,2020s,04:00,Austin,TX,USA,30.26576966,-97.74259661,Unknown,"Perfectly silent craft drifts to the east, bright light seen, object came to a standstill several times",N,https://nuforc.org/sighting/?id=179255
1366,16/10/2023,2020s,08:58,[UNSPECIFIED],AR,USA,35.15,-90.05,Cylinder,Lower altitude flyby of Allegiant Flight 3145 on a 180 flight trajectory.,N,https://nuforc.org/sighting/?id=178905
1367,17/10/2023,2020s,02:00,Middle of the Caspian Sea directly east of Baku,[UNSPECIFIED],[UNSPECIFIED],40.37434194,51.36347582,Light,Two commercial airline pilots saw a light 150km away that was still then suddenly accelerated at incredible speed and disappeared,N,https://nuforc.org/sighting/?id=179110
1368,17/10/2023,2020s,19:39,Not sure,MN,USA,47.14663221,-91.46539071,Formation,"Three series of 3 slightly yellow/ white,lights spaced wide apart that then became one bright light, then went back to three..",N,https://nuforc.org/sighting/?id=178952
1369,18/10/2023,2020s,19:33,Forestville,MD,USA,38.84515587,-76.87502332,Fireball,white roundish size object captured on doorbell cam,Y,https://nuforc.org/sighting/?id=179284
1370,19/10/2023,2020s,22:20,Two Harbors,MN,USA,47.02268939,-91.6708399,Changing,Shape shifting dark black triangle moved across the sky,N,https://nuforc.org/sighting/?id=178997
1371,20/10/2023,2020s,21:30,Miqdadiyah,Diyala Governorate,Iraq,33.980389,44.94060438,Unknown,Observing a luminous cylindrical object in the sky of Diyala. It cannot be explained by a letter I have from Nasser Kamel 135.,N,https://nuforc.org/sighting/?id=193683
1372,21/10/2023,2020s,09:00,Klamath Falls,OR,USA,42.22531726,-121.7829247,Cylinder,Heard loud crash and then saw object fly by.,N,https://nuforc.org/sighting/?id=179247
1373,22/10/2023,2020s,03:30,Avondale,TX,USA,32.9688381,-97.42057525,Triangle,Slow flying and rotating huge Triangle,Y,https://nuforc.org/sighting/?id=179644
1374,22/10/2023,2020s,05:30,New Hanover,NJ,USA,40.02688691,-74.6176072,Triangle,Black triangle with a single red light flew by directly above me. It displaced the stars.,N,https://nuforc.org/sighting/?id=193527
1375,23/10/2023,2020s,03:30,Airborne (Oman),[UNSPECIFIED],Oman,17.5,56.5,Light,Observed steady lights at high altitude at a specific location in the sky.,Y,https://nuforc.org/sighting/?id=179071
1376,24/10/2023,2020s,09:33,Government Hill,AZ,USA,33.40841226,-111.0770635,Triangle,Enormous white triangle craft with point straight down.,N,https://nuforc.org/sighting/?id=179488
1377,24/10/2023,2020s,21:30,Deshler,OH,USA,41.20753781,-83.89909505,Light,Bright rectangular light on the ground,N,https://nuforc.org/sighting/?id=179103
1378,27/10/2023,2020s,18:46,San Diego,CA,USA,32.715511,-117.1613712,Orb,Falling Fire Ball Disseminates into Five Hovering Orbs of Light,Y,https://nuforc.org/sighting/?id=179134
1379,29/10/2023,2020s,11:45,Bayport,NY,USA,40.73829767,-73.05094741,Orb,"Son playing outside , witnessed object",Y,https://nuforc.org/sighting/?id=179158
1380,29/10/2023,2020s,05:30,Cowes,England,United Kingdom,50.76284962,-1.30051185,Triangle,"Large, quiet, triangular craft flew over 2 witnesses at 05:30 on Sunday morning, off the central southern coast of England",Y,https://nuforc.org/sighting/?id=179524
1381,30/10/2023,2020s,19:52,Garden City,KS,USA,37.97185143,-100.8721703,Light,A light moving southwest to the east then changing to a southeast heading,N,https://nuforc.org/sighting/?id=179185
1382,31/10/2023,2020s,19:00,Casa Grande,AZ,USA,32.9114893,-111.7739402,Light,Rectangular light fixed in the Northwestern sky for over 3 hours.,Y,https://nuforc.org/sighting/?id=179204
1383,01/11/2023,2020s,20:15,Attica,KS,USA,37.24140318,-98.2267843,Disk,Looked at the UFO through 15X56 Vortex Binoculars when it was very close over head and going away.,N,https://nuforc.org/sighting/?id=186319
1384,01/11/2023,2020s,09:30,Chester,VA,USA,37.3571562,-77.44214172,Orb,Object emerged through widow and flew to kitchen table across the room where it disappeared. Projected a narrow beam off the bottom.,N,https://nuforc.org/sighting/?id=183305
1385,02/11/2023,2020s,22:25,Sioux Falls,SD,USA,43.54618051,-96.73288265,Chevron,Low flying silent craft with stealth coating.,N,https://nuforc.org/sighting/?id=179232
1386,05/11/2023,2020s,19:52,Santa Fe,FL,USA,29.88398318,-82.42301513,Formation,"While driving (dark) noticed 2 large lights to left. Once at field, saw underside, 3 lights(triangle) and small ones. Drove away.",Y,https://nuforc.org/sighting/?id=179280
1387,05/11/2023,2020s,10:32,Mount Morris,PA,USA,39.73322287,-80.06836512,Orb,"Large extremely fast moving orb moving across the sky that stopped in midair, turned, and continued in the direction",N,https://nuforc.org/sighting/?id=179286
1388,05/11/2023,2020s,20:28,Hamilton,NJ,USA,40.23140597,-74.72300549,Orb,"Object was briefly stationary, before traveling in an apparent fish hook shape. Then vanished.",Y,https://nuforc.org/sighting/?id=179534
1389,06/11/2023,2020s,22:30,Blairsville,GA,USA,34.87579755,-83.95845352,Triangle,Triangle craft with green lights gliding through sky,N,https://nuforc.org/sighting/?id=179330
1390,08/11/2023,2020s,20:08,Wimberley,TX,USA,29.99762833,-98.09898739,Orb,Large helicopter chasing an amber glowing orb,N,https://nuforc.org/sighting/?id=179325
1391,08/11/2023,2020s,04:28,Hartford,CT,USA,41.7654636,-72.67367145,Orb,Craft swooped down fast & floated with bright white rotating lights & 2 beams of light darting around & on & off,N,https://nuforc.org/sighting/?id=179367
1392,09/11/2023,2020s,06:45,Elkin,NC,USA,36.244624,-80.84877571,Disk,A silver metallic disc rising vertically from the ground.,N,https://nuforc.org/sighting/?id=179417
1393,09/11/2023,2020s,09:45,Topeka,KS,USA,39.04713866,-95.67788817,Disk,There was a black but yet reflective basic saucer shaped UAP.,N,https://nuforc.org/sighting/?id=179369
1394,09/11/2023,2020s,20:15,[UNSPECIFIED],KY,USA,37.8,-82.3,Light,"Lighted objects ""dancing"" and performing seemingly impossible aeronautic maneuvers",N,https://nuforc.org/sighting/?id=179306
1395,10/11/2023,2020s,06:13,Denver,CO,USA,39.73826021,-104.9907203,Orb,"Basketball sized ball of light, about the same brightness as a flood light flying low and slow.",N,https://nuforc.org/sighting/?id=179308
1396,11/11/2023,2020s,21:30,Lakeland,FL,USA,28.04225364,-81.95777512,Triangle,I saw a HUGE triangle craft with at least 7 bright white lights in a perfect “V” at the front and no lights on the backend of it,N,https://nuforc.org/sighting/?id=179474
1397,11/11/2023,2020s,20:04,Midvale,UT,USA,40.61105302,-111.9003918,Light,Unidentified lights flying above.,Y,https://nuforc.org/sighting/?id=179394
1398,11/11/2023,2020s,22:40,Slippery Rock,PA,USA,41.06381805,-80.05678754,Triangle,Triangle shaped craft that moved like nothing I’ve ever seen.,N,https://nuforc.org/sighting/?id=179360
1399,11/11/2023,2020s,18:30,Windham,ME,USA,43.78970489,-70.40899315,Rectangle,Floating rectangle with 3 lights,N,https://nuforc.org/sighting/?id=179353
1400,12/11/2023,2020s,18:55,Nixon,PA,USA,40.78348,-79.92948169,Disk,Driving at night and saw a green lit object drop down and zoom off,N,https://nuforc.org/sighting/?id=179350
1401,13/11/2023,2020s,15:34,Milan,IN,USA,39.12118532,-85.13140249,Triangle,Triangle black craft,N,https://nuforc.org/sighting/?id=179384
1402,13/11/2023,2020s,20:20,Cheyenne,WY,USA,41.13538075,-104.8226171,Light,Saw a light go from dim to very bright,N,https://nuforc.org/sighting/?id=179404
1403,14/11/2023,2020s,22:15,Little Egg Harbor Township,NJ,USA,39.60192395,-74.35727476,Changing,The most advanced object that I have ever saw transformed silently to collect two small orbs.,N,https://nuforc.org/sighting/?id=184094
1404,14/11/2023,2020s,23:00,Chicago,IL,USA,41.88115476,-87.63301383,Cigar,"I saw a cigar shaped saucer with four lights on the underbelly of the craft, and a blue haze was being emitted from the underbelly.",N,https://nuforc.org/sighting/?id=179408
1405,15/11/2023,2020s,13:00,Goodland,KS,USA,39.35081051,-101.7097763,Cube,Very bright very fast very precise,N,https://nuforc.org/sighting/?id=184000
1406,15/11/2023,2020s,21:00,Lincolnshire,IL,USA,42.19755385,-87.93243497,Rectangle,"Platform type craft traveling low over forest with lights illuminating the top but no lights on bottom, at night.",Y,https://nuforc.org/sighting/?id=179568
1407,16/11/2023,2020s,12:45,Boyce,VA,USA,39.09321281,-78.05950012,Disk,Object was above arboretum. Moving rapidly sideways and up and down then hovering,N,https://nuforc.org/sighting/?id=179406
1408,17/11/2023,2020s,12:58,Lincolnshire,IL,USA,42.19755385,-87.93243497,Other,"Craft was total stationary and totally silent,just above a tree.",Y,https://nuforc.org/sighting/?id=179578
1409,18/11/2023,2020s,12:15,Oro Valley,AZ,USA,32.3916963,-110.9668261,Sphere,Metallic UAP or Balloon,Y,https://nuforc.org/sighting/?id=179427
1410,20/11/2023,2020s,17:15,Halfway,MD,USA,39.62174794,-77.75641183,Light,At 1st glance lights (4) appeared slightly higher than street lamps but change into just 2 larger bright lights that tilted & vanished,N,https://nuforc.org/sighting/?id=179444
1411,21/11/2023,2020s,19:00,Oklahoma City,OK,USA,35.46794407,-97.52941347,Light,Points of light maneuvering in upper atmosphere,Y,https://nuforc.org/sighting/?id=179468
1412,21/11/2023,2020s,20:30,Stillwater,OK,USA,36.11579995,-97.05960356,Light,As many as 4 lights were simultaneously observed corroborated with no less than 6-7 other aircraft on Denver Center,Y,https://nuforc.org/sighting/?id=179475
1413,21/11/2023,2020s,14:30,Eugene,OR,USA,44.05150395,-123.0912978,Light,I watched a Jet chase a Bright white light across the sky. Almost directly over the Eugene airport sky.,N,https://nuforc.org/sighting/?id=183036
1414,24/11/2023,2020s,20:15,Dothan,AL,USA,31.22344617,-85.39212004,Rectangle,"Blue rectangle appears above the trees, about 30' high, above us, and then shoots off to the West.",N,https://nuforc.org/sighting/?id=179497
1415,25/11/2023,2020s,13:22,Brinnon,WA,USA,47.67939969,-122.8997246,Disk,"Taking picture of dog, raising camera to zoom object low high speed pass pushed shutter repeatedly got one image and was gone. Silent",Y,https://nuforc.org/sighting/?id=179540
1416,26/11/2023,2020s,21:15,Thedford,NE,USA,41.97831112,-100.575519,Circle,3 lighted objects circling at high altitude that were both bright and dim,N,https://nuforc.org/sighting/?id=179496
1417,28/11/2023,2020s,00:30,[UNSPECIFIED],Yucatan,Mexico,25.6811,-89.8901,Diamond,Went to room to sit on balcony and spotted bright light moving very fast,Y,https://nuforc.org/sighting/?id=180078
1418,28/11/2023,2020s,19:14,Ridge,MD,USA,38.11920952,-76.3734257,Other,Object hovered approx 1/2 mile above Potomac River,Y,https://nuforc.org/sighting/?id=179708
1419,29/11/2023,2020s,00:32,Philadelphia,[UNSPECIFIED],[UNSPECIFIED],0,0,Cross,Very fast moving left to right back left seen from cruise ship far from land,Y,https://nuforc.org/sighting/?id=197595
1420,30/11/2023,2020s,20:25,Denton,NE,USA,40.73791472,-96.84561379,Unknown,I observed an aircraft with two bright lights to be stagnant and hovering over my pasture approximately 100' in the air.,N,https://nuforc.org/sighting/?id=179587
1421,30/11/2023,2020s,03:10,Franksville,WI,USA,42.7608961,-87.90204969,Orb,4 Objects Moving and Dimming On and Off,N,https://nuforc.org/sighting/?id=179535
1422,03/12/2023,2020s,23:59,Memphis,IN,USA,38.48427952,-85.76307403,Light,Unexplained bright shiny light,Y,https://nuforc.org/sighting/?id=179607
1423,04/12/2023,2020s,01:00,Lorain,OH,USA,41.45300979,-82.18213666,Sphere,"A Semi Transparent, White Colored, Luminescent Spherical Cloud circled directly above my home before disappearing entirely.",N,https://nuforc.org/sighting/?id=179582
1424,08/12/2023,2020s,20:27,Melbourne,FL,USA,28.07950257,-80.60771299,Orb,"I saw 3 balls of lights, 1 traveling from the West and 2 already on my porch roof.",Y,https://nuforc.org/sighting/?id=182077
1425,08/12/2023,2020s,21:00,Lowell,MI,USA,42.9337048,-85.34194989,Disk,Greyish disc with two bright white lights one on each side on front circumference and multi colored red green lights,Y,https://nuforc.org/sighting/?id=179675
1426,08/12/2023,2020s,15:40,Michelsneukirchen,Bavaria,Germany,49.12314571,12.55321405,Disk,Spacecraft hovering in forest and 4 greys are outside as eyewitness drives past with Audi A4 on the country street,Y,https://nuforc.org/sighting/?id=187849
1427,13/12/2023,2020s,23:00,Greensboro,NC,USA,36.07303285,-79.79233208,Orb,"AM sighting of a bright intense light that was hovering over tree line and a PM sighting with 2 crafts of the same ""look"".",Y,https://nuforc.org/sighting/?id=179707
1428,13/12/2023,2020s,21:20,Warrington,PA,USA,40.2500592,-75.13406045,Circle,Saw an object moving silently N then NE in the sky while sitting in my hot tub,Y,https://nuforc.org/sighting/?id=180834
1429,14/12/2023,2020s,19:45,Pawleys Island,SC,USA,33.43297503,-79.12252735,Triangle,4-5 orange solid lights arranged in a triangle shape,N,https://nuforc.org/sighting/?id=179717
1430,16/12/2023,2020s,22:45,Little Rock,AR,USA,34.74316943,-92.27431709,Light,5 Lights Moving Rapidly and Changing Direction,N,https://nuforc.org/sighting/?id=180056
1431,16/12/2023,2020s,20:50,Ferndale,MI,USA,42.46043659,-83.13454665,Sphere,A simple sighting which lasted one second.,N,https://nuforc.org/sighting/?id=179915
1432,20/12/2023,2020s,03:00,Horace,KS,USA,38.4764073,-101.7907501,Unknown,4 white lights of changing intensity resembling stars moving in a portion of the night sky.,Y,https://nuforc.org/sighting/?id=179942
1433,23/12/2023,2020s,03:30,[UNSPECIFIED],[UNSPECIFIED],International Waters,53.7,-159,Light,"Objects at very high altitude (greater than 50,000' MSL) maneuvering and emitting white light that gradually varied from bright to dim",N,https://nuforc.org/sighting/?id=179797
1434,24/12/2023,2020s,20:30,Long Branch,NJ,USA,40.29607592,-74.02876934,Rectangle,"Saw two rectangle craft at least four times during walk. Also saw stationary, green, pulsing light in the bottom of the clouds.",N,https://nuforc.org/sighting/?id=181836
1435,26/12/2023,2020s,20:40,Bunnell,FL,USA,29.46617816,-81.25804922,Changing,What appeared as bright star like points of light which would suddenly appear increasing in brightness and then fade away.,Y,https://nuforc.org/sighting/?id=179900
1436,31/12/2023,2020s,00:02,Seymour,CT,USA,41.39731797,-73.0750344,Changing,"Driving on Route 8, I saw flashing lights, experienced missing time, and encountered strange orbs hovering near my car, then vanishing",N,https://nuforc.org/sighting/?id=184130
1437,02/01/2024,2020s,22:40,Oklahoma City,OK,USA,35.46794407,-97.52941347,Oval,Seen the blue white oval object dart right to left from upstairs windows. When I fist witnessed It was stationary.,N,https://nuforc.org/sighting/?id=179814
1438,02/01/2024,2020s,18:45,Newtown,CT,USA,41.41355656,-73.30869321,Light,"Elongated white light moving slowly or not at all, which then also displayed a series of colored lights in a line as I got closer.",Y,https://nuforc.org/sighting/?id=179815
1439,05/01/2024,2020s,21:10,Sault Ste. Marie,ON,Canada,46.51765783,-84.33306906,Light,Erratically moving lights that would appear and disappear staying in the same approximate location in relation to the stars,Y,https://nuforc.org/sighting/?id=179790
1440,07/01/2024,2020s,20:40,Roseburg,OR,USA,43.21337876,-123.3419291,Light,2 lights looked to be spinning.,N,https://nuforc.org/sighting/?id=179998
1441,08/01/2024,2020s,01:00,Guelph,ON,Canada,43.54451058,-80.24810436,Triangle,Possible TR3B black manta sighting.,N,https://nuforc.org/sighting/?id=179996
1442,09/01/2024,2020s,21:00,Lindau,Lower Saxony,Germany,47.55363841,9.69284188,Chevron,Close Encounter with landed craft while jogging late through the countryside.,Y,https://nuforc.org/sighting/?id=181919
1443,10/01/2024,2020s,20:10,Yakima,WA,USA,46.60216614,-120.5064036,Light,"Flying from DEN to PSC at 34,000’. Witnessed moving lights moving very fast and would appear and disappear. ATC had nothing on radar.",Y,https://nuforc.org/sighting/?id=180054
1444,11/01/2024,2020s,04:30,[UNSPECIFIED],Erzincan,Turkey,39.75,39.49,Sphere,Multiple lights flying and moving randomly.,Y,https://nuforc.org/sighting/?id=180158
1445,13/01/2024,2020s,19:25,Charlotte,NC,USA,35.22709993,-80.83933988,Triangle,An object with lights went back and forth,Y,https://nuforc.org/sighting/?id=180080
1446,14/01/2024,2020s,05:00,Phoenix,AZ,USA,33.44819265,-112.0657938,Formation,Maneuvering lights at very high altitude views for 45 minutes at FL400,N,https://nuforc.org/sighting/?id=180099
1447,14/01/2024,2020s,21:10,Ithaca,NY,USA,42.44390464,-76.50206585,Light,"Two lights climbing, descending, and changing direction rapidly",N,https://nuforc.org/sighting/?id=180057
1448,16/01/2024,2020s,08:00,Lee,NH,USA,43.12224566,-71.01201572,Sphere,Saw a ufo that then came into my yard + house,Y,https://nuforc.org/sighting/?id=180371
1449,17/01/2024,2020s,21:13,Pine City,MN,USA,45.82297895,-92.97114068,Orb,Three large orange lights . When I caught them on video they were already 10 times smaller then they were when I first saw them.,Y,https://nuforc.org/sighting/?id=180084
1450,21/01/2024,2020s,22:30,Melrose,MA,USA,42.45472094,-71.06596488,Diamond,"Ufo was about 200 ft from the ground, causing ground to shake and emitting a deafening humming noise while flashing lights into our car",N,https://nuforc.org/sighting/?id=180140
1451,23/01/2024,2020s,23:40,Corfe Mullen,England,United Kingdom,50.76952037,-2.01764549,Circle,Circle of lights,N,https://nuforc.org/sighting/?id=180915
1452,26/01/2024,2020s,21:30,Atlanta,GA,USA,33.74966021,-84.38965459,Other,"It was a pyramid, it was concave on each side, a tier separating a sphere at the top",N,https://nuforc.org/sighting/?id=182980
1453,27/01/2024,2020s,03:00,Osprey,FL,USA,27.19615803,-82.49033845,Disk,"Disc shaped objects still in the sky for about 2.5 hours with about 9 circular lights along the length, larger in the middle.",N,https://nuforc.org/sighting/?id=180188
1454,27/01/2024,2020s,03:00,Garden Valley,ID,USA,44.0919815,-115.9549465,Disk,My wife saw a large object with white lights hovering over our property.,N,https://nuforc.org/sighting/?id=180269
1455,28/01/2024,2020s,02:30,Warrumbungle,New South Wales,Australia,-31.27042777,148.9999064,Circle,"Circular craft hovering a few hundred metres above us, stationary, then it shot off with no discernible period of acceleration.",N,https://nuforc.org/sighting/?id=182924
1456,01/02/2024,2020s,22:00,Elleker,Western Australia,Australia,-35.00788338,117.7297768,Other,"Banana shaped UFO yellow lights down side, with blue halo. Hovering moving slightly side to side. Halo flashed like surrounding orb.",N,https://nuforc.org/sighting/?id=180264
1457,01/02/2024,2020s,06:35,Auburn,AL,USA,32.6081418,-85.48097072,Diamond,This came extremeley close to the left of our commercial plane left wing - I did notify Delta Airlines once we landed.,N,https://nuforc.org/sighting/?id=180249
1458,03/02/2024,2020s,22:00,Milwaukee,WI,USA,43.03911323,-87.90974139,Rectangle,"A completely silent, medium gray/translucent rectangular box gliding perfectly straight down the block going at a steady speed.",Y,https://nuforc.org/sighting/?id=188054
1459,05/02/2024,2020s,04:55,Omaha,NE,USA,41.2567379,-95.93365918,Light,"Flying to the East at 39,000 saw 6 UFO's at diff speeds, altitudes (btn 50, and 80 thousand feet) for ~ 1 hr",Y,https://nuforc.org/sighting/?id=180290
1460,05/02/2024,2020s,22:32,Hoquiam,WA,USA,46.97719483,-123.8836151,Light,Light moving erratically,Y,https://nuforc.org/sighting/?id=180305
1461,06/02/2024,2020s,13:33,Brandon,MS,USA,32.27883555,-90.00140026,Teardrop,Silver UAP at approximately 5000ft the swims through the sky in an organic matter way with exhaust trail at faster than speed of sound,Y,https://nuforc.org/sighting/?id=180315
1462,06/02/2024,2020s,03:30,Stockbridge,GA,USA,33.54374309,-84.22892879,Cigar,"Approximately 330AM in a NNE sky, a cigar shaped object traveled around the Dubhe star in the Big Dipper.",N,https://nuforc.org/sighting/?id=180467
1463,10/02/2024,2020s,06:09,[UNSPECIFIED],Rio Grande do Sul,Brazil,-27.25,-53,Disk,Sighting of lights throughout the entire night with direct sighting of the ship in the shape of a flying saucer at dawn.,N,https://nuforc.org/sighting/?id=180611
1464,16/02/2024,2020s,19:04,Fayetteville,NC,USA,35.05239022,-78.87864595,Triangle,Large acre plus-sized triangular craft traveling approx 32000 feet.,Y,https://nuforc.org/sighting/?id=180940
1465,16/02/2024,2020s,21:15,Pittsburgh,PA,USA,40.43725662,-79.99878457,Light,8 Lights Moving in counter clockwise pattern with other lights making passes through and below the formation,Y,https://nuforc.org/sighting/?id=180458
1466,17/02/2024,2020s,20:43,Rockford,IL,USA,42.26759176,-89.08798011,Light,Triangle formation of lights with other lights making passes through and around the formation,Y,https://nuforc.org/sighting/?id=180471
1467,18/02/2024,2020s,16:33,Mesa,AZ,USA,33.41589281,-111.8364753,Triangle,One triangular shaped craft hovering over area doing aerobatics in daytime,Y,https://nuforc.org/sighting/?id=180505
1468,19/02/2024,2020s,21:15,Hilliard,FL,USA,30.691037,-81.91780103,Light,"While operating an aircraft in cruise at FL400, the crew observed 3 lights appearing and disappearing for approximately 1 hr 25 min.",N,https://nuforc.org/sighting/?id=180503
1469,20/02/2024,2020s,22:00,[UNSPECIFIED],England,United Kingdom,51.37800982,-2.36023485,Rectangle,Stood in a courtyard between buildings. Saw small bright light followed by a large craft 200’ft up flying slowly above the city,N,https://nuforc.org/sighting/?id=188222
1470,24/02/2024,2020s,10:30,Great Hallingbury,England,United Kingdom,51.85508888,0.19437888,Cigar,UFO looked like a huge elongated wing seen edge on. It was hovering about 2 km from my location. It then abruptly vanished.,N,https://nuforc.org/sighting/?id=180589
1471,25/02/2024,2020s,21:12,Washington,DC,USA,38.90660227,-77.03816489,Light,White light illuminated stationary before rapidly heading North and disappearing,Y,https://nuforc.org/sighting/?id=180588
1472,27/02/2024,2020s,16:25,Bilston,England,United Kingdom,52.56556455,-2.07477521,Orb,"1 large red/orange orb that split into 3 then slowly descended in formation. Then, all together they flew north until they disappeared",N,https://nuforc.org/sighting/?id=182382
1473,27/02/2024,2020s,21:00,[UNSPECIFIED],[UNSPECIFIED],USA,45.5,-124.5,Orb,Multiple orbs of light over the Pacific Ocean maneuvering in a purposeful way for over two hours,N,https://nuforc.org/sighting/?id=180616
1474,28/02/2024,2020s,21:00,Mogi das Cruzes,São Paulo,Brazil,-23.52060447,-46.18683849,Orb,At least 40 orbs of light rising from the horizon in the distance,N,https://nuforc.org/sighting/?id=180624
1475,28/02/2024,2020s,22:00,Felton,CA,USA,37.05116996,-122.0732143,Other,"Vaguely cube shaped, with multicolored lights and some motion.",N,https://nuforc.org/sighting/?id=180661
1476,28/02/2024,2020s,19:06,Manitowoc,WI,USA,44.08847027,-87.65925653,Triangle,Light flicker on house then looked up and seen triangle with 6 lights.,N,https://nuforc.org/sighting/?id=180628
1477,02/03/2024,2020s,22:23,Beckley,WV,USA,37.77637985,-81.18567193,Orb,My captain and I saw moving stars. Looked kinda like satellites.,Y,https://nuforc.org/sighting/?id=180677
1478,09/03/2024,2020s,09:46,Cabo Rojo,Cabo Rojo,Puerto Rico,18.0892136,-67.15637542,Circle,Circular craft. Travelled across entire horizon line about 8 seconds.,Y,https://nuforc.org/sighting/?id=184684
1479,09/03/2024,2020s,00:30,Strawberry Plains,TN,USA,36.06363068,-83.68615865,Triangle,"It slowly flew over my house, hovered for ~5 sec, rotated 180 degrees, then shot off in 2 different directions.",Y,https://nuforc.org/sighting/?id=182597
1480,10/03/2024,2020s,23:59,Fishtail,MT,USA,45.44826068,-109.5071651,Disk,One Large stationary Craft with 6+ smaller craft zigzagging across the night sky,N,https://nuforc.org/sighting/?id=187244
1481,13/03/2024,2020s,03:20,Idaho Falls,ID,USA,43.49262728,-112.0450808,Chevron,"Inverted v shaped, 7 bright lights,fast moving , no sound traveling north to northeast",N,https://nuforc.org/sighting/?id=180825
1482,15/03/2024,2020s,12:30,Springfield,OR,USA,44.04608467,-123.02282,Sphere,"30-50' diameter light burnt orange sphere which came from the west/southwest over my farm, flew for 20-30 miles before disappearing.",N,https://nuforc.org/sighting/?id=180827
1483,21/03/2024,2020s,20:50,Jacksboro,TN,USA,36.33011792,-84.1837311,Triangle,"Black triangle craft silently traveling directly above me, emitting no sound save for a humming vibration that I could feel and hear.",Y,https://nuforc.org/sighting/?id=180893
1484,24/03/2024,2020s,19:49,Temple,TX,USA,31.09726363,-97.34141976,Triangle,"A pyramid-shaped black object the size of a basketball flying above the clouds 150ft from our plane. Had no wings, propellers, or trail",N,https://nuforc.org/sighting/?id=180938
1485,25/03/2024,2020s,13:30,Wall Township,NJ,USA,40.17055306,-74.09290595,Egg,Massive floating object appeared approximately 30 feet off the ground,N,https://nuforc.org/sighting/?id=196345
1486,25/03/2024,2020s,14:25,New York,NY,USA,40.71264029,-74.01728347,Cylinder,Black flying cylinder object at eye level to me on airplane.,Y,https://nuforc.org/sighting/?id=180939
1487,27/03/2024,2020s,21:20,Bondurant,IA,USA,41.70021984,-93.46265849,Triangle,"Upside down triangle, hovering over a house for at least 10 minutes",Y,https://nuforc.org/sighting/?id=192704
1488,28/03/2024,2020s,23:00,Crownpoint,NM,USA,35.67683387,-108.149996,Triangle,Sighting of several objects to include a triangle shaped object that flew overhead.,N,https://nuforc.org/sighting/?id=187440
1489,28/03/2024,2020s,09:00,Breckenridge,CO,USA,39.48164699,-106.0387135,Sphere,Very shiny metallic sphere hovering about tree line,N,https://nuforc.org/sighting/?id=182298
1490,01/04/2024,2020s,15:30,Metropolis,IL,USA,37.15110778,-88.73191564,Sphere,Small metallic sphere hovering over house and then flying away rapidly.,Y,https://nuforc.org/sighting/?id=195743
1491,05/04/2024,2020s,03:50,Rock Island,IL,USA,41.5093795,-90.57861923,Other,Crazy Light was first..,N,https://nuforc.org/sighting/?id=181062
1492,08/04/2024,2020s,19:45,Seagoville,TX,USA,32.63939869,-96.5391596,Triangle,Saw a triangle craft less than 100 ft away from me when I took my dog out at sunset the night of the total eclipse,N,https://nuforc.org/sighting/?id=181300
1493,08/04/2024,2020s,21:30,Howells,NE,USA,41.72495217,-97.00294326,Disk,Disk on side in backyard,Y,https://nuforc.org/sighting/?id=186012
1494,12/04/2024,2020s,21:00,Navarre,FL,USA,30.4109635,-86.9118541,Triangle,Craft was seen over overhead with a triangle shape. Seems to be camouflaged,N,https://nuforc.org/sighting/?id=181509
1495,12/04/2024,2020s,21:56,Navarre,FL,USA,30.4109635,-86.9118541,Triangle,"Triangle object, 16 visible lights, craft left line of sight without flying over horizon, instead appearing to leave orbit",Y,https://nuforc.org/sighting/?id=181169
1496,12/04/2024,2020s,20:30,Indio,CA,USA,33.72033332,-116.2152094,Oval,"On a stargazing trip with 3 NASA scientists, a cluster of objects repeatedly flew overhead.",N,https://nuforc.org/sighting/?id=181173
1497,12/04/2024,2020s,20:10,Yucca,AZ,USA,34.87214787,-114.1493552,Oval,"I witnessed and filmed an oblong object moving in the sky with no noise, a large directional light and window.",Y,https://nuforc.org/sighting/?id=181168
1498,13/04/2024,2020s,23:45,Menomonie,WI,USA,44.87528788,-91.91843572,Triangle,Walking home 11:30-12:00. Sat on bench halfway home and noticed triangle of lights in sky. Could see the outline of object.,Y,https://nuforc.org/sighting/?id=181673
1499,22/04/2024,2020s,22:15,North Bergen,NJ,USA,40.78465499,-74.032781,Changing,Large mothership like vessel taking up large portion of sky we were stuck staring and could not look away,N,https://nuforc.org/sighting/?id=184314
1500,24/04/2024,2020s,03:00,[UNSPECIFIED],[UNSPECIFIED],International Waters,0,0,Light,Multiple objects above our altitude.,Y,https://nuforc.org/sighting/?id=181256
1501,10/05/2024,2020s,21:00,Clewiston,FL,USA,26.75417144,-80.9339781,Light,We saw 2 extremely bright lights 50 feet off the ground going past us heading south,N,https://nuforc.org/sighting/?id=181488
1502,12/05/2024,2020s,20:58,Los Médanos,Baja California,Mexico,31.10527512,-114.9246098,Cylinder,"We observed a very large (500-1500 ft long), dark, unlit, flying object flying below 10,000 ft down the Chico valley.",N,https://nuforc.org/sighting/?id=181495
1503,19/05/2024,2020s,21:00,Cape Coral,FL,USA,26.62918893,-81.96264273,Other,Circular ended triangle craft,Y,https://nuforc.org/sighting/?id=182372
1504,05/06/2024,2020s,01:00,Golden,CO,USA,39.75533495,-105.2213692,Disk,We saw a large disc shaped craft with three levels of windows. It hovered silently and then disappeared into thin air.,N,https://nuforc.org/sighting/?id=181776
1505,10/06/2024,2020s,21:00,Ocala,FL,USA,29.18508523,-82.13376157,Changing,Group observed a helicopter circling a lighted object for several minutes. Object changed shape and departed rapidly to the east.,N,https://nuforc.org/sighting/?id=181846
1506,10/06/2024,2020s,23:30,Summerfield,NC,USA,36.2086487,-79.90501927,Triangle,Bright Triangle Craft Hovering Next to Cloud,Y,https://nuforc.org/sighting/?id=181847
1507,11/06/2024,2020s,00:31,[UNSPECIFIED],[UNSPECIFIED],[UNSPECIFIED],25.7,-140.6,Orb,"Lights in low earth orbit illuminating brightly then fading, staying stationary, then moving in multiple directions, then orbiting",N,https://nuforc.org/sighting/?id=182083
1508,16/06/2024,2020s,14:59,Anchor Point,AK,USA,59.77958041,-151.8445009,Cigar,Large object hovering over summit of Redoubt volcano,Y,https://nuforc.org/sighting/?id=181953
1509,21/06/2024,2020s,10:30,Richland,TX,USA,31.92709474,-96.42847588,Flash,"Clear night brightest light ever seen don’t know how long it was there, just remember a white and blue beam and it disappeared",N,https://nuforc.org/sighting/?id=182039
1510,22/06/2024,2020s,20:20,Watertown,MA,USA,42.37097699,-71.18298983,Sphere,"Spiky Black VW Bug sized and shaped object 500 ft high, 80 mph, flew over house, no sound, looked evil.",N,https://nuforc.org/sighting/?id=182004
1511,04/07/2024,2020s,22:00,Milo,MO,USA,37.75615249,-94.30605831,Triangle,A white triangle with individual white lights on each side and individual red lights running straight down the center,N,https://nuforc.org/sighting/?id=197982
1512,05/07/2024,2020s,10:30,Bailey,CO,USA,39.4061225,-105.4787076,Cigar,"Approx. 500 yards directly in front of me, an Aircraft carrier sized craft. No sound, no markings just windows. Just moved a bit.",N,https://nuforc.org/sighting/?id=184121
1513,09/07/2024,2020s,21:45,Sarasota,FL,USA,27.33625979,-82.53114248,Triangle,"Slow moving, hovering low, just above the telephone poles and tree line. Solid black triangle with 3 lights on the bottom.",Y,https://nuforc.org/sighting/?id=182235
1514,12/07/2024,2020s,11:00,Eagle Grove,IA,USA,42.66401083,-93.90456211,Rectangle,20 foot drone-like box.,N,https://nuforc.org/sighting/?id=182278
1515,14/07/2024,2020s,22:00,Lebanon,TN,USA,36.208066,-86.29131942,Triangle,"Unmoving at first, then flew at us and hovered over the car and froze. Then flew away slowly to the right and out of sight.",Y,https://nuforc.org/sighting/?id=182286
1516,17/07/2024,2020s,22:15,Glens Falls North,NY,USA,43.32992295,-73.67292023,Disk,"While out with my dog at night, I saw the UFO just over the tree line.",N,https://nuforc.org/sighting/?id=186534
1517,18/07/2024,2020s,11:45,Knox City,TX,USA,33.4181108,-99.81904597,Triangle,"Triangular shaped, quiet, jet was in pursuit that veered off when it was over my husband and I.",Y,https://nuforc.org/sighting/?id=191792
1518,19/07/2024,2020s,23:35,Watervliet,NY,USA,42.73003095,-73.70191517,Cylinder,"Cylindrical / Pill shaped object with a reddish/blueish lights hovering, no sound, rapidly left",N,https://nuforc.org/sighting/?id=182335
1519,23/07/2024,2020s,20:15,Wausau,WI,USA,44.95911017,-89.63006358,Oval,"I was driving eastbound on ""Z"" and I saw a large gray oval flying very low in the distance, barely above the trees flying northbound.",N,https://nuforc.org/sighting/?id=182373
1520,27/07/2024,2020s,12:15,Hampstead,NC,USA,34.36746556,-77.71054358,Cylinder,"Aircraft reports unlit, solid cylindrical object oriented vertically, moving horizontally",N,https://nuforc.org/sighting/?id=182418
1521,29/07/2024,2020s,01:15,Spring,TX,USA,30.08030011,-95.41668454,Triangle,"The craft was a large black triangle. The underside had red lights on all 3 points, with a large white light in the middle.",Y,https://nuforc.org/sighting/?id=182416
1522,30/07/2024,2020s,13:35,Deer Park,WA,USA,47.95423611,-117.4765275,Oval,Craft Flying Just Above The Trees No Sound,N,https://nuforc.org/sighting/?id=182498
1523,01/08/2024,2020s,03:40,Fort Edward,NY,USA,43.2672622,-73.58492551,Cigar,Bright green cigar shaped craft flies past our plane,N,https://nuforc.org/sighting/?id=182552
1524,01/08/2024,2020s,22:00,Little Alps,OR,USA,44.96655766,-118.1818971,Orb,"At Anthony Lakes in eastern Oregon, 3 witnesses saw a giant orange orb 10-12 feet in diameter hovering over water.",Y,https://nuforc.org/sighting/?id=183117
1525,01/08/2024,2020s,00:25,Sylvan Lake,AB,Canada,52.30648197,-114.0972136,Triangle,A triangle craft with 5 circle lights around flew over my house slowly.,N,https://nuforc.org/sighting/?id=182456
1526,08/08/2024,2020s,01:00,Richmond,RI,USA,41.49450304,-71.6706733,Triangle,Witness account of black triangle flying craft,Y,https://nuforc.org/sighting/?id=194485
1527,09/08/2024,2020s,00:09,Elbe,WA,USA,46.76485884,-122.1937765,Triangle,A craft with 3 pulsing lights and red cascading lights coming from it about 40ft across.,Y,https://nuforc.org/sighting/?id=184542
1528,14/08/2024,2020s,00:00,Mesquite,TX,USA,32.76605979,-96.59887427,Triangle,"I saw a black triangle craft with one white light directly in the middle, and a red blinking light on its right hand side.",N,https://nuforc.org/sighting/?id=182982
1529,14/08/2024,2020s,22:00,Buffalo,NY,USA,42.88715434,-78.87817777,Triangle,"Two triangular craft. At jet altitude, below clouds. Hovering over Canadian side of the Lake",N,https://nuforc.org/sighting/?id=182661
1530,15/08/2024,2020s,00:28,Chester,NY,USA,41.36262196,-74.27112806,Orb,"3 orbs appear out of thin air in a flash, fly low & fast in triangle formation, begin spiraling around each other, then vanishes",N,https://nuforc.org/sighting/?id=182905
1531,15/08/2024,2020s,23:58,Sterling,IL,USA,41.78865382,-89.69632117,Orb,My Co-pilot a former Airforce pilot pointed out 3 objects to my attention.,N,https://nuforc.org/sighting/?id=182671
1532,22/08/2024,2020s,21:48,Salem,IN,USA,38.60558147,-86.10106238,Triangle,Large bright blue/white lights shined down right on top of us. I told my friend from Louisille to check herself for burns lonight,N,https://nuforc.org/sighting/?id=182743
1533,23/08/2024,2020s,12:07,Boston,MA,USA,42.3549428,-71.05757473,Star,Viewed from the flight deck by both pilots and a cabin crew,N,https://nuforc.org/sighting/?id=182756
1534,24/08/2024,2020s,21:22,Cleveland,OH,USA,41.49853117,-81.69385073,Formation,Glob of lights in a stationary position slowly changes formations while pulsating its lights through the sky.,Y,https://nuforc.org/sighting/?id=184363
1535,28/08/2024,2020s,23:00,[UNSPECIFIED],[UNSPECIFIED],International Waters,30.02,-72.19,Light,Up to six satellite appearing lights under and to west of Big Dipper tail,Y,https://nuforc.org/sighting/?id=182863
1536,31/08/2024,2020s,23:45,Nacogdoches,TX,USA,31.60400197,-94.65591943,Other,V shaped UFO,N,https://nuforc.org/sighting/?id=182855
1537,01/09/2024,2020s,18:00,Bessemer,AL,USA,33.40187817,-86.95568429,Orb,I saw a white orb fly across our field then the Alien encounter happened at night. I was abducted during my sleep.,N,https://nuforc.org/sighting/?id=194345
1538,02/09/2024,2020s,00:20,Chelyan,WV,USA,38.19532318,-81.490973,Changing,Driving S on Rt. 61 I noticed the clouds towards the SE were emitting this almost neon/electric blue color from behind it. Got a video,Y,https://nuforc.org/sighting/?id=182888
1539,03/09/2024,2020s,20:30,Northampton,MA,USA,42.32816518,-72.64119962,Diamond,Sighting of a black diamond shaped flying object about 30' wide with lights on each corner,N,https://nuforc.org/sighting/?id=182915
1540,08/09/2024,2020s,21:23,Oostende,West Flanders,Belgium,51.22186543,2.90953728,Orb,Approx. 5-foot wide orb that was the mixed color of fire encapsulated in glass hovered above rural tree line before disappearing,N,https://nuforc.org/sighting/?id=183172
1541,09/09/2024,2020s,18:00,Greer,SC,USA,34.93845447,-82.22712715,Other,"Odd-shaped craft like a teapot with no spout and no handle, the top was brown, rest was silver color.",N,https://nuforc.org/sighting/?id=188576
1542,15/09/2024,2020s,19:25,Cañon City,CO,USA,38.44935277,-105.2265361,Sphere,"~3' dia dull metallic sphere seen 125' away, and 50' high",Y,https://nuforc.org/sighting/?id=184122
1543,15/09/2024,2020s,19:25,Cañon City,CO,USA,38.44935277,-105.2265361,Sphere,"~3' dia dull metallic sphere seen 125' away, and 50' high",Y,https://nuforc.org/sighting/?id=183985
1544,17/09/2024,2020s,05:14,Ponte Vedra Beach,FL,USA,30.2395302,-81.37838703,Egg,Quick but clearly seen,N,https://nuforc.org/sighting/?id=183085
1545,17/09/2024,2020s,14:25,Reef Station,CA,USA,35.90239902,-120.0538901,Cylinder,Gray cylinder passing 10ft underneath military aircraft,Y,https://nuforc.org/sighting/?id=183084
1546,18/09/2024,2020s,13:00,League City,TX,USA,29.50341864,-95.09734085,Sphere,I saw a dark basketball sized sphere passing my window while flying a small plane.,N,https://nuforc.org/sighting/?id=183105
1547,20/09/2024,2020s,21:00,Marathon,FL,USA,24.72595244,-81.04484496,Triangle,Craft directly above traveling at 60mph completely silent no exhaust no signs of engines propulsion systems no lights no markings or #s,N,https://nuforc.org/sighting/?id=184505
1548,22/09/2024,2020s,01:30,La Crosse,WI,USA,43.81359933,-91.25030878,Orb,Hovering above the ground and then accelerated away a great speed.,N,https://nuforc.org/sighting/?id=183211
1549,22/09/2024,2020s,22:00,[UNSPECIFIED],[UNSPECIFIED],Greenland,72,-40,Diamond,"Flying from Greenlands horizon directly under our airplane. Could fly as close as less than 10 m bellow us, almost like taunting us.",N,https://nuforc.org/sighting/?id=184519
1550,27/09/2024,2020s,19:30,Riverside,CA,USA,33.98211449,-117.3759954,Circle,Sighting of craft near my home in front of mountain area,Y,https://nuforc.org/sighting/?id=188832
1551,27/09/2024,2020s,21:00,Moose Heights,BC,Canada,53.08416865,-122.4982699,Circle,Very large circle shaped craft sitting close to ground with large bright green lighted square lights. The lights made a circle shape,N,https://nuforc.org/sighting/?id=184362
1552,28/09/2024,2020s,20:15,Spearfish,SD,USA,44.49106377,-103.8601516,Chevron,Larger than football field sized craft few over the sky in less than 10 seconds,Y,https://nuforc.org/sighting/?id=183257
1553,30/09/2024,2020s,22:00,Calgary,AB,Canada,51.04391533,-114.0720522,Changing,"I saw a rectangular craft emerge from a ripple in the sky, descend, and vanish like a train entering a tunnel.",N,https://nuforc.org/sighting/?id=188087
1554,02/10/2024,2020s,02:49,Lancaster,SC,USA,34.72056878,-80.77091789,Oval,I saw an extended pentagon shape like window from my window.It was about 200 to 300 feet in the air. It was steady and silent,N,https://nuforc.org/sighting/?id=189179
1555,03/10/2024,2020s,19:37,Seaside,OR,USA,45.99312968,-123.9233546,Triangle,"200' el S-N, approach, 2 bright lights on far points of triangular base, 3rd light, large, convex retreating flying backwards, NO sound",Y,https://nuforc.org/sighting/?id=183328
1556,08/10/2024,2020s,22:29,Eastover,SC,USA,33.87679674,-80.69292671,Cigar,"With a friend who actually works works at McIntyre national Air Force Base. Driving down highway 601, Saw a bright light over a cotton",N,https://nuforc.org/sighting/?id=184389
1557,09/10/2024,2020s,02:05,Clarksville,TN,USA,36.52941005,-87.3612278,Unknown,Direct contact in my home on October 9th.,Y,https://nuforc.org/sighting/?id=184517
1558,10/10/2024,2020s,20:45,Joshua Tree,CA,USA,34.13509088,-116.3143862,Chevron,"The ship was otherworldly. It wasn’t just a metal structure, it wasn’t just orbs of light - it looked like it was from a sci-fi movie.",Y,https://nuforc.org/sighting/?id=183458
1559,10/10/2024,2020s,20:55,Joshua Tree,CA,USA,34.13509088,-116.3143862,Chevron,Three chevron shaped crafts extremely close together in a line flew across a portion of the sky before disappearing,Y,https://nuforc.org/sighting/?id=183443
1560,10/10/2024,2020s,23:04,Oak Harbor,WA,USA,48.28841666,-122.6486993,Orb,I was out looking at the Aurora Borealis and up out of the Dugualla Bay water pops up this Blueish Gray circular Orb.,Y,https://nuforc.org/sighting/?id=183429
1561,11/10/2024,2020s,03:00,Deatsville,AL,USA,32.60814891,-86.39622482,Rectangle,"Summary: Witnessed a stationary, rectangular object emitting jet-like flames near the tree line.",N,https://nuforc.org/sighting/?id=183651
1562,12/10/2024,2020s,21:00,Tillamook,OR,USA,45.45610233,-123.8439339,Triangle,"Slow, triangular wing 200 feet overhead",Y,https://nuforc.org/sighting/?id=183888
1563,14/10/2024,2020s,11:30,Santa Rosa,CA,USA,38.44131305,-122.7156308,Chevron,"I was looking out my bedroom window when I saw two alien looking spacecrafts shoot right by, they were completely silent.",N,https://nuforc.org/sighting/?id=183474
1564,19/10/2024,2020s,23:00,Esmont,VA,USA,37.83111256,-78.60730699,Oval,Brightly lit aircraft close to house hovered above ground at 40-50 FT then shot off very fast into horizon,N,https://nuforc.org/sighting/?id=183662
1565,19/10/2024,2020s,19:15,Saint Paul,MN,USA,44.95391508,-93.09026336,Diamond,Four diamond-shaped craft flew below the plane going the opposite direction of the plane.,Y,https://nuforc.org/sighting/?id=183646
1566,21/10/2024,2020s,23:00,Mountain Center,CA,USA,33.70665598,-116.7253952,Oval,White Light Hovering Over Santa Rosa Mountain,N,https://nuforc.org/sighting/?id=183560
1567,22/10/2024,2020s,19:40,Hebron,MD,USA,38.42010232,-75.68782179,Changing,Enormous flying boomerang shaped object in the sky. It was completely silent glided smoothly.,Y,https://nuforc.org/sighting/?id=183577
1568,22/10/2024,2020s,19:14,Tredegar,Wales,United Kingdom,51.7727188,-3.24696911,Changing,Lasted 10-15 seconds,N,https://nuforc.org/sighting/?id=183610
1569,24/10/2024,2020s,03:00,Tacoma,WA,USA,47.25515574,-122.441618,Light,Mass 100+ UAP sighting- Moving stars,N,https://nuforc.org/sighting/?id=190375
1570,25/10/2024,2020s,22:25,Bellevue,NE,USA,41.15653027,-95.92763249,Formation,Black triangle with yellow spots evenly within it,Y,https://nuforc.org/sighting/?id=183540
1571,26/10/2024,2020s,20:00,Scottsdale,AZ,USA,33.49492153,-111.924361,Triangle,Black Triangle flying above and along power lines,Y,https://nuforc.org/sighting/?id=192100
1572,26/10/2024,2020s,07:45,Fort Collins,CO,USA,40.58570495,-105.0783918,Triangle,"Saw triangle shaped object traveling North to South, directly overhead.",N,https://nuforc.org/sighting/?id=183508
1573,26/10/2024,2020s,03:15,Minneapolis,MN,USA,44.97680369,-93.26778513,Light,White Lights Moving Strangely in the Sky,Y,https://nuforc.org/sighting/?id=183521
1574,31/10/2024,2020s,22:40,National City,CA,USA,32.67805861,-117.1015822,Orb,2 orbs flew directly over car sunroof from about 30' and came into full view in windshield.,N,https://nuforc.org/sighting/?id=184029
1575,01/11/2024,2020s,21:20,Lakeview,OR,USA,42.1886653,-120.3460637,Light,Bright white light moving at very high speeds,Y,https://nuforc.org/sighting/?id=183840
1576,01/11/2024,2020s,21:30,Rome,OR,USA,42.83972136,-117.6282286,Unknown,Two lights maneuvering quickly on the horizon,N,https://nuforc.org/sighting/?id=183812
1577,02/11/2024,2020s,20:37,[UNSPECIFIED],CA,USA,36.8,-117.9,Triangle,"Triangular formation of lights, Pyramid, sustained interaction.",Y,https://nuforc.org/sighting/?id=183844
1578,03/11/2024,2020s,19:00,Bous,Remich,Luxembourg,49.5546996,6.32604431,Unknown,"A large, silent, unidentified flying object with white and red lights appeared above our car and then disappeared",N,https://nuforc.org/sighting/?id=183829
1579,04/11/2024,2020s,20:30,Yakima,WA,USA,46.60216614,-120.5064036,Orb,Observed 3-5 white orbs in triangular formation moving around,N,https://nuforc.org/sighting/?id=184215
1580,04/11/2024,2020s,20:25,Chillowist,WA,USA,48.3047231,-119.6370007,Light,Commercial aircraft reported three triangular lights above their position at FL360,N,https://nuforc.org/sighting/?id=183851
1581,10/11/2024,2020s,16:32,Lancaster,KY,USA,37.61933683,-84.578668,Sphere,"Orb came from behind two odd Hovered over the river 15 feet from me, it expanded then contracted like it was breathing then flew off",N,https://nuforc.org/sighting/?id=183972
1582,11/11/2024,2020s,20:23,Calera,OK,USA,33.93426657,-96.42872807,Changing,"It flew straight across the sky, then very quickly backwards, then shot straight forward past viewpoint while morphing in shape.",Y,https://nuforc.org/sighting/?id=184032
1583,12/11/2024,2020s,18:00,Atoka,TN,USA,35.43767723,-89.77863196,Other,Giant lights that seemed to hover above the trees and then instantly shoot out of sight at an unimaginable speed.,N,https://nuforc.org/sighting/?id=187994
1584,12/11/2024,2020s,14:30,New York,NY,USA,40.71264029,-74.01728347,Oval,"I saw a light grey metallic oval object hovering low in sky, just above buildings. It then took off very very very fast going west.",N,https://nuforc.org/sighting/?id=184989
1585,13/11/2024,2020s,21:30,Clovis,NM,USA,34.40151839,-103.2088597,Triangle,"We was watching stars, when a triangle object with lights in each corner appeared",N,https://nuforc.org/sighting/?id=184136
1586,18/11/2024,2020s,19:26,Memphis,TN,USA,35.14917931,-90.05441996,Rectangle,Weird object with red and white lights with unusual maneuvers,N,https://nuforc.org/sighting/?id=184315
1587,21/11/2024,2020s,19:15,Parkton,NC,USA,34.90259511,-79.01171611,Chevron,Driving back to my house and saw three lights in the shape of a Chevron flying really low and slow then another came after that one.,Y,https://nuforc.org/sighting/?id=184420
1588,21/11/2024,2020s,17:30,Dillsburg,PA,USA,40.1108523,-77.03526832,Orb,Two low flying large object with green lights,Y,https://nuforc.org/sighting/?id=184929
1589,24/11/2024,2020s,19:15,Fort Walton Beach,FL,USA,30.4202841,-86.61737945,Triangle,"Very large, pitch black, silent, triangular(?) object flew overhead and disappeared from sight.",N,https://nuforc.org/sighting/?id=184647
1590,24/11/2024,2020s,20:55,Boise,ID,USA,43.6147241,-116.2028044,Other,Crescent shaped. No noise 100-200 yards wide,N,https://nuforc.org/sighting/?id=184581
1591,24/11/2024,2020s,03:00,Walsall,England,United Kingdom,52.58677587,-1.98478327,Sphere,I saw the UFO from my window it was in my back garden and i saw an extraterrestrial.,N,https://nuforc.org/sighting/?id=184470
1592,25/11/2024,2020s,09:03,Tegucigalpa,Departamento de Francisco Morazán,Honduras,14.06013448,-87.18215977,Oval,"In the morning, I saw a small, metallic UFO shaped like an American football hovering silently above a 15-story building",Y,https://nuforc.org/sighting/?id=185081
1593,25/11/2024,2020s,22:10,Syosset,NY,USA,40.82606762,-73.5031899,Unknown,"On the night of November 25, 2024, I was leaving work at the LIU/CW Post Tilles Center in Greenvale (north shore of Nassau County, near",N,https://nuforc.org/sighting/?id=185266
1594,25/11/2024,2020s,20:22,Eugene,OR,USA,44.05150395,-123.0912978,Disk,Saw a disk-shaped object materialize & shoot off at an impossible speed.,N,https://nuforc.org/sighting/?id=187084
1595,26/11/2024,2020s,02:53,Springfield,MO,USA,37.20844986,-93.29552637,Triangle,"Massive, shadowy, triangular, object that crossed the entire expanse of sky without a sound, nav lights, or contrail.",N,https://nuforc.org/sighting/?id=184521
1596,26/11/2024,2020s,01:00,Kokomo,IN,USA,40.48601344,-86.13339732,Disk,Disk shape ufo stopped us on the highway in Indiana while we were driving home from Florida.,N,https://nuforc.org/sighting/?id=189869
1597,26/11/2024,2020s,21:30,Köngäs,Lappi,Finland,67.87358077,24.85211894,Other,My wife and I observed a square object with bright white lights in each corner of the object moving toward the northeast over the tree,Y,https://nuforc.org/sighting/?id=185626
1598,27/11/2024,2020s,01:00,Daytona Beach,FL,USA,29.20674381,-81.02543806,Chevron,"A silent, hovering craft with bright downward-facing spotlights and a blue, solar panel-like underside",N,https://nuforc.org/sighting/?id=187413
1599,28/11/2024,2020s,22:30,Sunset Valley,TX,USA,30.22844242,-97.81503937,Disk,"Black black disc with large red lights, two smaller blue lights",Y,https://nuforc.org/sighting/?id=188805
1600,29/11/2024,2020s,17:30,Pueblo,CO,USA,38.27029617,-104.6105544,Formation,"I saw a string of lights. I thought it was just satellites. However, this morning I work up with burn's (dots) across my forearm.",Y,https://nuforc.org/sighting/?id=184619
1601,30/11/2024,2020s,19:30,[UNSPECIFIED],[UNSPECIFIED],[UNSPECIFIED],20.5,114.2,Orb,Large stationary white light 1 km over South China Sea vanishes; then fast red orbs up from level sea; two yellow orbs horizontal,Y,https://nuforc.org/sighting/?id=184804
1602,02/12/2024,2020s,22:00,[UNSPECIFIED],KY,USA,37.5351657,-85.3018147,Circle,"A bright white object passed in front of our aircraft at 34,000 feet for about 1 second and then disappeared.",N,https://nuforc.org/sighting/?id=185003
1603,03/12/2024,2020s,18:13,Wagener,SC,USA,33.65091132,-81.36238432,Rectangle,Large lit floating object in sky,N,https://nuforc.org/sighting/?id=184742
1604,04/12/2024,2020s,21:56,Hinsdale,IL,USA,41.80086191,-87.937796,Triangle,"Older prop ""cargo plane ?""/not a. jet followed closely by 2 triangular objects 3 round white lights underside of each.",N,https://nuforc.org/sighting/?id=186292
1605,06/12/2024,2020s,01:00,Spencer,WI,USA,44.75786328,-90.29756377,Orb,Orb Hovers above Each House in Neighborhood,N,https://nuforc.org/sighting/?id=185247
1606,08/12/2024,2020s,07:51,Chesterfield,MO,USA,38.66289502,-90.5779379,Sphere,"Cloudy, drizzling sky during the evening, no wind or lighting, powerful and strong light beamed down onto us.",N,https://nuforc.org/sighting/?id=184920
1607,10/12/2024,2020s,19:51,Palmetto Bay,FL,USA,25.62174667,-80.32554603,Disk,Craft was hovering above our homes with no sound,Y,https://nuforc.org/sighting/?id=185664
1608,10/12/2024,2020s,06:50,Morinville,AB,Canada,53.80170907,-113.6496336,Changing,"I was driving my son to work that morning. I drive a Honda civic. We live in Morinville, and he works in St Albert. We left our hom",N,https://nuforc.org/sighting/?id=189138
1609,11/12/2024,2020s,19:36,Hana,HI,USA,20.755555,-155.9882806,Other,"A large black angular shaped craft with several bright red orbital brilliant lights pulsating , gyrating, silent hovering",Y,https://nuforc.org/sighting/?id=190488
1610,11/12/2024,2020s,23:00,Barstow,CA,USA,34.89498358,-117.0176499,Disk,"Flew over my home, extremely close above me. Disk was flat overhead and as it continued, scooped up and vertical, showing me its shape",Y,https://nuforc.org/sighting/?id=188810
1611,12/12/2024,2020s,15:50,Rocky Mount,VA,USA,36.99781996,-79.89114683,Rectangle,"SUV sized, matte black drone light craft observed flying overhead in broad daylight.",N,https://nuforc.org/sighting/?id=186198
1612,12/12/2024,2020s,17:48,Shrewsbury,PA,USA,39.76867864,-76.68000776,Orb,2 White Silent Orb Encounters 9 miles and an hour apart 100ft or less overhead from stationary positions until focused on for minutes,Y,https://nuforc.org/sighting/?id=186262
1613,13/12/2024,2020s,21:30,Bethlehem,PA,USA,40.62562126,-75.37055993,Rectangle,We saw a large black rectangular object that moved so fast it looked like a glitch of reality.,N,https://nuforc.org/sighting/?id=185366
1614,13/12/2024,2020s,18:58,London,ON,Canada,42.98336943,-81.24750514,Light,I saw many large drones & then a giant bright spotlight appeared and hovered over my yard silently for about 40min before leaving.,Y,https://nuforc.org/sighting/?id=185166
1615,13/12/2024,2020s,16:15,University Place,WA,USA,47.23482615,-122.5505161,Oval,"Large 30-40ft diameter manta ray looking jet black craft flying above the tree line completely silent, no wings, no propellers.",N,https://nuforc.org/sighting/?id=193810
1616,13/12/2024,2020s,20:00,[UNSPECIFIED],AK,USA,61.43,-149.43,Chevron,Large V shaped triangle with white lights,N,https://nuforc.org/sighting/?id=185991
1617,14/12/2024,2020s,19:30,Pensacola Beach,FL,USA,30.33510182,-87.14180581,Oval,"Black, highly engineered, steel carbon(?), size of half a car, red+green blinking lights, no noise, moved quickly, traveled westbound",N,https://nuforc.org/sighting/?id=185328
1618,14/12/2024,2020s,02:00,Windsor,CT,USA,41.85234066,-72.64541149,Disk,Awoke at around 2 am to see a large disk with orange and white lights rotating along it's circumference,N,https://nuforc.org/sighting/?id=185500
1619,15/12/2024,2020s,21:30,Greycliff,MT,USA,45.76323428,-109.7846463,Disk,Bright light appeared and then silver craft descended over highway,N,https://nuforc.org/sighting/?id=185854
1620,16/12/2024,2020s,17:35,Maltby,WA,USA,47.80492801,-122.1130363,Other,Pulsating bright dim bright dim.,N,https://nuforc.org/sighting/?id=185446
1621,17/12/2024,2020s,17:30,Methuen,MA,USA,42.72654884,-71.19084758,Star,"Saw at least more than 50 small lights in the sky, moving at a very fast pace",N,https://nuforc.org/sighting/?id=185519
1622,17/12/2024,2020s,06:58,Snohomish,WA,USA,47.9129156,-122.0982221,Triangle,My dad was driving me to high school and there was hovering there three white lights - you could see dim three lights no red or green.,N,https://nuforc.org/sighting/?id=185536
1623,18/12/2024,2020s,21:20,Jacksonville,FL,USA,30.32829317,-81.65840128,Other,"Strange Drone or UFO Circling Argyle Forest in Jacksonville, FL",Y,https://nuforc.org/sighting/?id=186541
1624,18/12/2024,2020s,18:19,Lynnwood,WA,USA,47.8211786,-122.3156198,Triangle,"I was driving with my electric i3 with my dog, saw a fast red light in sky about 300 feet from me and about 200 maybe above.",Y,https://nuforc.org/sighting/?id=185603
1625,18/12/2024,2020s,20:00,Mount Vernon,WA,USA,48.4200473,-122.3371551,Triangle,Size of a small house and we saw the triangle shape as clear as day. It was blinging with one green and one red light,Y,https://nuforc.org/sighting/?id=185691
1626,19/12/2024,2020s,17:40,Ottawa,ON,Canada,45.41673949,-75.70142411,Changing,"Low flying, hovering silent drones and commercial plane looking craft the size of an escalade with drone maneuverability.",N,https://nuforc.org/sighting/?id=185956
1627,19/12/2024,2020s,23:30,Trapper Creek,AK,USA,62.31684987,-150.2354204,Oval,Green glowing oval object the size of a school bus,Y,https://nuforc.org/sighting/?id=185943
1628,20/12/2024,2020s,22:04,Barreiro,Setubal,Portugal,38.66076097,-9.07930023,Triangle,"A light appeared from beneath the water, and that’s when something shaped like a pyramid emerged from the water.",N,https://nuforc.org/sighting/?id=185716
1629,20/12/2024,2020s,19:00,Weed,CA,USA,41.42665011,-122.3846628,Circle,Stationary very large bright light hovered for 30 minutes before quickly accelerating away leaving a “light trail” behind,Y,https://nuforc.org/sighting/?id=185726
1630,21/12/2024,2020s,01:20,Little Rock,AR,USA,34.74316943,-92.27431709,Circle,Circular/oval shaped metallic craft hovering on the side of hwy 440 south,N,https://nuforc.org/sighting/?id=190381
1631,21/12/2024,2020s,20:47,Rochester,NY,USA,43.1566006,-77.60850548,Other,"On Dec 21, 2024, at 8:43 PM in Charlotte, Rochester NY, I saw a reddish-orange plasma ball moving erratically, followed by a helicopter",Y,https://nuforc.org/sighting/?id=185876
1632,22/12/2024,2020s,23:00,Joplin,MO,USA,37.08509659,-94.5130876,Orb,A white orb traveled over the city of Joplin traveling west. The orb was being followed by what looked like a small plane/Drone.,N,https://nuforc.org/sighting/?id=186222
1633,23/12/2024,2020s,19:23,Fort Lauderdale,FL,USA,26.1196158,-80.13847835,Orb,Fort Lauderdale flight crew spots something strange in the sky,N,https://nuforc.org/sighting/?id=186699
1634,23/12/2024,2020s,18:43,Augusta,ME,USA,44.31615469,-69.76979534,Unknown,"Two large, bright, circular lights. So close I could’ve thrown a baseball at it. There is no way I was the only one to witness this.",N,https://nuforc.org/sighting/?id=186533
1635,26/12/2024,2020s,19:16,Houston,TX,USA,29.75929646,-95.36831125,Unknown,Multiple orbs and a beetle shape object about the size of a commercial van,Y,https://nuforc.org/sighting/?id=186050
1636,30/12/2024,2020s,17:28,Wortham,England,United Kingdom,52.35056121,1.06114082,Disk,Disc shape object with ring of lights in centre with multiple colours changing quickly and moving very quickly.,Y,https://nuforc.org/sighting/?id=186238
1637,02/01/2025,2020s,20:47,Narrowsburg,NY,USA,41.60888347,-75.06116651,Other,Huge drone hovered over my house and reacted to me filming,Y,https://nuforc.org/sighting/?id=186378
1638,03/01/2025,2020s,18:00,Arden-Arcade,CA,USA,38.60052316,-121.3779076,Other,"I saw a craft that I thought was a plane, but it began ascending and descending then wavering between both, it came toward my car",Y,https://nuforc.org/sighting/?id=186399
1639,04/01/2025,2020s,19:00,Carrollton,TX,USA,32.97508161,-96.89073731,Other,"Object seen multiple times over the course of an hour, stationary and moving",Y,https://nuforc.org/sighting/?id=186529
1640,05/01/2025,2020s,23:14,Chapel Hill,NC,USA,35.91291503,-79.05559968,Rectangle,Moving rectangular object with 20' x 20' bottom (approx) with red/green lights on opposite sides; other 2 sides had white lights.,N,https://nuforc.org/sighting/?id=186518
1641,06/01/2025,2020s,02:00,Webster,TX,USA,29.53751715,-95.11796499,Triangle,I stepped outside my garage door for a smoke and noticed a seemingly impossible aircraft like I have never seen before in my life.,Y,https://nuforc.org/sighting/?id=187331
1642,07/01/2025,2020s,06:45,Henriette,MN,USA,45.8716599,-93.11748475,Cigar,Large Cigar shaped object,N,https://nuforc.org/sighting/?id=187290
1643,07/01/2025,2020s,21:45,Lyefjell,Rogaland,Norway,58.73276837,5.737782,Cylinder,Dark green ufo sighting in Lyefjell Norway,N,https://nuforc.org/sighting/?id=186750
1644,08/01/2025,2020s,03:00,Athens,GA,USA,33.95948361,-83.37745279,Circle,"Heard/felt a deep pulsating sound & higher one. It emitted red light, hovered, moved left to right. I got scared ran inside.",N,https://nuforc.org/sighting/?id=186537
1645,09/01/2025,2020s,23:30,San Vicente,Nayarit,Mexico,20.74875115,-105.2502778,Diamond,"It was hovering at a low altitude, it had no propellers, it had no turbines, it had a magnetic sound, then it flew away.",N,https://nuforc.org/sighting/?id=186668
1646,10/01/2025,2020s,21:02,Eugene,OR,USA,44.05150395,-123.0912978,Orb,UAP Over Gillespie Butte Park Eugene Oregon 01/10/2025 9:02pm,Y,https://nuforc.org/sighting/?id=186731
1647,10/01/2025,2020s,03:15,Loon Lake,WA,USA,48.06137501,-117.6336435,Changing,"Spotted it a mile away as a yellow orb bright light, once I came closer, it appeared to transition into some kind of plane or drone",N,https://nuforc.org/sighting/?id=186826
1648,11/01/2025,2020s,01:20,Denver,CO,USA,39.73826021,-104.9907203,Other,"It was a weird shaped object. It seemed like it may have had arms, but circular in shape.",Y,https://nuforc.org/sighting/?id=187099
1649,14/01/2025,2020s,20:23,Brinkley,AR,USA,34.88715723,-91.19491291,Changing,Changed colors and shape from orb like to trianglular.,Y,https://nuforc.org/sighting/?id=195485
1650,16/01/2025,2020s,15:30,Stafford,VA,USA,38.42060701,-77.42303929,Disk,Saw a grey disc with blue lights and antenna zig zagging through sky,N,https://nuforc.org/sighting/?id=187020
1651,16/01/2025,2020s,19:05,Fort Thomas,KY,USA,39.07480928,-84.44803157,Diamond,Black square with red and gold lights pulsing. Slowed down and then accelerated out of sight,N,https://nuforc.org/sighting/?id=186917
1652,17/01/2025,2020s,04:04,Gresham,SC,USA,33.93094654,-79.41120757,Egg,"Out this world - shaped like an egg and almost the size of a car, didn’t move in the powerful wind, very close.",Y,https://nuforc.org/sighting/?id=186929
1653,19/01/2025,2020s,20:44,Nuggetty,Victoria,Australia,-36.96134452,144.0561891,Circle,Disk shaped object captured in very clear photos,Y,https://nuforc.org/sighting/?id=187094
1654,19/01/2025,2020s,03:00,Port St. Lucie,FL,USA,27.27294039,-80.3567804,Changing,"About 3am my daughter asleep , woke up with light blinding her while in bed from neighbor's house. Object quiet but above bamboo tree.",N,https://nuforc.org/sighting/?id=186974
1655,20/01/2025,2020s,06:20,Coos Bay,OR,USA,43.36716776,-124.2132223,Circle,I counted thirty objects appear out of the west and maintained a heading traveling north,N,https://nuforc.org/sighting/?id=187024
1656,20/01/2025,2020s,20:07,Watson Lake,YT,Canada,60.06303127,-128.7179278,Sphere,"A sphere with three bright white feather like surrounding it, I saw this in detail it was spectacular",Y,https://nuforc.org/sighting/?id=187232
1657,21/01/2025,2020s,22:35,Germantown,WI,USA,43.22839028,-88.10938259,Circle,My husband was sleeping and I was on the brink of sleep. We heard a LOUD noise. I jumped out of bed and saw a UFO flying over our pond.,Y,https://nuforc.org/sighting/?id=187065
1658,22/01/2025,2020s,02:02,Saint Marys,ON,Canada,43.25959656,-81.14107328,Unknown,"Driving home, came up hill and blinded by bright red and white lights.",N,https://nuforc.org/sighting/?id=187073
1659,22/01/2025,2020s,19:30,[UNSPECIFIED],[UNSPECIFIED],Mexico,19,-95.8,Oval,Oval shape craft sighted through the cockpit over the Gulf of Mexico,N,https://nuforc.org/sighting/?id=187126
1660,25/01/2025,2020s,17:59,Mount Vernon,NY,USA,40.91268615,-73.83614219,Disk,The UFO was hovering approximately 250 above my apartment building,N,https://nuforc.org/sighting/?id=187196
1661,26/01/2025,2020s,05:58,Oakland,CA,USA,37.80454862,-122.2717417,Disk,I dont think i was dreaming but i saw two saucers fly towards me from the sky with lights and then an alien appear in my apartment,N,https://nuforc.org/sighting/?id=187223
1662,26/01/2025,2020s,00:37,Leeds,ME,USA,44.30324348,-70.11972504,Other,Sphere descended from the sky and hovered about 40 feet off the ground. A tube of blue light came down and touched the Earth.,N,https://nuforc.org/sighting/?id=187215
1663,27/01/2025,2020s,21:30,Athens,GA,USA,33.95948361,-83.37745279,Other,Noticed bright blue glowing lights behind subdivision tonight and saw a huge upside-down Pyramid rotating glowing red on bottom,N,https://nuforc.org/sighting/?id=187267
1664,27/01/2025,2020s,06:45,Longview,WA,USA,46.13812348,-122.9386034,Triangle,"Saw unusual lights in distance, craft crossed over me from east of I5 to west, flew low and slow. Was big triangle.",N,https://nuforc.org/sighting/?id=187273
1665,31/01/2025,2020s,08:31,Taylor Mill,KY,USA,38.99765534,-84.49717161,Changing,"noticed a strange black, silent craft",Y,https://nuforc.org/sighting/?id=187407
1666,05/02/2025,2020s,00:24,Fayetteville,NC,USA,35.05239022,-78.87864595,Sphere,"Amber light hovered above trees, moved fast, approached glowing silver sphere with blue band, then vanished, shooting upward.",N,https://nuforc.org/sighting/?id=193916
1667,07/02/2025,2020s,18:23,West Valley City,UT,USA,40.69112118,-112.0009142,Triangle,I just woke up! And I usually see outside my windows when I wake up and I saw this triangular prism shaped craft above the trees,Y,https://nuforc.org/sighting/?id=187582
1668,12/02/2025,2020s,21:30,San Antonio,TX,USA,29.42309392,-98.49204125,Chevron,Large craft with multiple white lights.,N,https://nuforc.org/sighting/?id=187923
1669,14/02/2025,2020s,19:00,Windham,NH,USA,42.80716383,-71.26848859,Triangle,Getting off highway in car with family we saw two football field wide triangle objects floating or slowly moving north above windham,N,https://nuforc.org/sighting/?id=187725
1670,20/02/2025,2020s,20:45,Punta Cana,La Altagracia Province,Dominican Republic,18.55972715,-68.37266403,Changing,"3 crafts, close proximity, the third followed us for 8-10 minutes",N,https://nuforc.org/sighting/?id=188048
1671,20/02/2025,2020s,22:00,McAllen,TX,USA,26.20302604,-98.22993814,Orb,Color changing light orb that disappeared and reappeared,Y,https://nuforc.org/sighting/?id=187930
1672,20/02/2025,2020s,19:01,Johnston City,IL,USA,37.8204792,-88.92820318,Disk,A metallic disc was hovering above the lake.,N,https://nuforc.org/sighting/?id=187843
1673,21/02/2025,2020s,22:14,Mechanicville,NY,USA,42.90287896,-73.6876916,Rectangle,5-6 drones flying at 500 feet from north to south chased by a large helicopter. Each drone had a single flood light shining down.,N,https://nuforc.org/sighting/?id=187865
1674,24/02/2025,2020s,18:35,Huntington,NY,USA,40.86823544,-73.42641836,Orb,Blackhawk helicopter (later confirmed with public flight data) pursuing a brilliant white orb.,N,https://nuforc.org/sighting/?id=187940
1675,26/02/2025,2020s,20:10,Copalis Beach,WA,USA,47.11240367,-124.1744796,Triangle,"I'm guessing approximately 100 foot triangle, silent, stationary, and then slowly moving over me in my car just above the tree tops",Y,https://nuforc.org/sighting/?id=187985
1676,27/02/2025,2020s,19:15,Laguna Beach,CA,USA,33.52216126,-117.7633111,Triangle,Saw a large triangle craft standing on the beach,Y,https://nuforc.org/sighting/?id=188098
1677,02/03/2025,2020s,20:00,Collins,GA,USA,32.18136258,-82.10918947,Light,"Spotted 2 UAPs in 24 hrs. Silent, flashing red & white lights, no FAA nav lights. Saw dark gray structure. Chased by car but lost it.",N,https://nuforc.org/sighting/?id=188095
1678,02/03/2025,2020s,14:01,Proctor,MN,USA,46.74706388,-92.22514856,Rectangle,"Huge triangular shaped object/craft/UAP, approximately the size of 4 city busses stacked together side by side",N,https://nuforc.org/sighting/?id=190998
1679,05/03/2025,2020s,23:00,Clayton,WI,USA,45.33109267,-92.17150084,Oval,Was oval shape about the size of a car seemed to have darker blue light rods on top of it and on bottom of it,N,https://nuforc.org/sighting/?id=194793
1680,06/03/2025,2020s,19:36,Franklinton,LA,USA,30.84711247,-90.15363734,Triangle,I saw 2 triangle shaped craft moving very slowly 20 ft above the treetops,N,https://nuforc.org/sighting/?id=188151
1681,08/03/2025,2020s,23:22,Hemlock,NY,USA,42.79430148,-77.60673612,Cigar,"Saw a massive, stretched egg-shaped object, gray with lights on the bottom. Moved, stopped, moved again in ways nothing should.",N,https://nuforc.org/sighting/?id=188191
1682,08/03/2025,2020s,14:30,Lino Lakes,MN,USA,45.16004571,-93.08918197,Egg,"Silver egg/circular shaped object hovering above tree line, then vanished",N,https://nuforc.org/sighting/?id=188260
1683,08/03/2025,2020s,21:33,Antwerp,Flanders,Belgium,51.21953179,4.41480942,Cigar,"Metallic, cylindrical UFO hovered over Antwerp for 30 sec then vanished eastward at high speed. No sound or propulsion, odd EM effects",N,https://nuforc.org/sighting/?id=188176
1684,10/03/2025,2020s,17:44,Monroe,WA,USA,47.85520976,-121.9709151,Oval,Red and black orb shape object,N,https://nuforc.org/sighting/?id=188243
1685,11/03/2025,2020s,16:15,Kansas City,MO,USA,39.09829707,-94.59340903,Formation,Was driving in my car right past it no more then 100 ft above my car strange black shape completely stationary,N,https://nuforc.org/sighting/?id=188257
1686,11/03/2025,2020s,00:00,Yokote,Akita,Japan,39.3163021,140.5657105,Star,"Multiple star looking craft chasing each other at variable speeds, directions, and light intensity.",Y,https://nuforc.org/sighting/?id=188250
1687,13/03/2025,2020s,22:46,Michigan City,IN,USA,41.70770522,-86.89621169,Oval,Emitted a pixelated shimmer of a opal but mermaid in color. Blinked as if an eye closing twice. Lost time,N,https://nuforc.org/sighting/?id=188361
1688,14/03/2025,2020s,23:00,San Luis Obispo,CA,USA,35.28189111,-120.6594944,Chevron,Large silent aircraft lights that didn’t reflect flying low slowly over a hill approaching a farm the memory is hard to focus on,Y,https://nuforc.org/sighting/?id=189327
1689,14/03/2025,2020s,01:01,Olathe,KS,USA,38.88104817,-94.8205077,Chevron,flying wing boomerang ufo during lunar eclipse,Y,https://nuforc.org/sighting/?id=190609
1690,15/03/2025,2020s,21:36,Passage West,County Cork,Ireland,51.87267102,-8.33621284,Disk,Dome-like/square object ascending into sky with shining white light from the top.,Y,https://nuforc.org/sighting/?id=188339
1691,16/03/2025,2020s,02:20,Oklahoma City,OK,USA,35.46794407,-97.52941347,Star,"Saw a light in the sky moving back and forth and finally dropping down to land, seemingly caused street light to go out",Y,https://nuforc.org/sighting/?id=188352
1692,17/03/2025,2020s,05:00,Oak Ridge,TN,USA,36.01055083,-84.27062677,Triangle,Floating slowly moving triangular craft with 3 red lights at vertices,N,https://nuforc.org/sighting/?id=191491
1693,19/03/2025,2020s,22:30,Lone Pine,CA,USA,36.60572157,-118.0627203,Light,"Bright light, a connection, a show of silent power and speed.",N,https://nuforc.org/sighting/?id=188542
1694,19/03/2025,2020s,06:35,Manheim,PA,USA,40.16338934,-76.3948397,Cigar,"Oblong cigar shaped,extremely bright white flashing. Object was hoving to the north approx 2 miles",Y,https://nuforc.org/sighting/?id=188402
1695,24/03/2025,2020s,22:40,Nampa,ID,USA,43.57870005,-116.5609098,Chevron,V or chevron shaped flying object,N,https://nuforc.org/sighting/?id=188522
1696,24/03/2025,2020s,22:20,Boise,ID,USA,43.61447553,-116.2021177,Triangle,I caught movement in the sky above me at about 10:20 PM,N,https://nuforc.org/sighting/?id=188521
1697,27/03/2025,2020s,05:12,Allenwood,PA,USA,41.10751977,-76.89842337,Triangle,"Saw narrow triangle rising in the sky, triangle shitted to horizontal position and moved NE, moved to front deck to see it leaving.",N,https://nuforc.org/sighting/?id=188614
1698,28/03/2025,2020s,01:30,Lakewood,CO,USA,39.70410505,-105.0815358,Triangle,"A large triangular craft with an X shaped cross structure passed overhead, followed by a helicopter sweeping the sky with a spotlight.",Y,https://nuforc.org/sighting/?id=188755
1699,02/04/2025,2020s,14:30,Schuylerville,NY,USA,43.10005636,-73.5818592,Sphere,"I saw a 25-30' bubble with red, white and yellow swirling colors, clear near left/bottom, hovering by treeline",N,https://nuforc.org/sighting/?id=189631
1700,04/04/2025,2020s,21:00,Porterville,CA,USA,36.06508133,-119.0165997,Other,"Octahedron, dark metallic, 600-900ft away, followed parallel w vehicle at same speed, turned 90 degrees away, no lights or sounds.",Y,https://nuforc.org/sighting/?id=188813
1701,09/04/2025,2020s,23:56,Grand Rapids,MI,USA,42.97053055,-85.67158146,Unknown,"Very bright light outside window, went outside and saw a very large, silent patch of black.",N,https://nuforc.org/sighting/?id=189105
1702,12/04/2025,2020s,21:15,Greater Sudbury,ON,Canada,46.49324827,-80.99539839,Changing,Orange object was half transparent on the top and more soild on the bottom. It also flashed extremely bright when it first appeared,Y,https://nuforc.org/sighting/?id=188877
1703,15/04/2025,2020s,02:00,Searcy,AR,USA,35.2436637,-91.73683634,Unknown,"I felt uneasy as I was driving, my vehicle started driving slower than the set cc setting, flew faster than my eyes could keep up with.",N,https://nuforc.org/sighting/?id=189679
1704,17/04/2025,2020s,22:05,Pornic,Pays de la Loire,France,47.11541962,-2.1049553,Triangle,Three red lights in a very large triangle and a single entity,N,https://nuforc.org/sighting/?id=189030
1705,27/04/2025,2020s,23:30,Auburndale,WI,USA,44.62687384,-90.00772113,Teardrop,I was on the highway driving and looked to my left and there was a huge machine like thing with lights hovering,N,https://nuforc.org/sighting/?id=189219
1706,30/04/2025,2020s,20:09,Dunnellon,FL,USA,29.04928788,-82.46119526,Other,V shaped spacecraft flew over my house.,Y,https://nuforc.org/sighting/?id=189797
1707,02/05/2025,2020s,03:15,Holladay,UT,USA,40.66873453,-111.8244667,Unknown,I was woken up somehow but felt glued to my bed and witnessed 2 maybe 3 little beings behind not even a foot tall at the base of my bed,N,https://nuforc.org/sighting/?id=189362
1708,02/05/2025,2020s,20:30,Painted Post,NY,USA,42.16199953,-77.09478947,Disk,"black disk, no lights",Y,https://nuforc.org/sighting/?id=189333
1709,05/05/2025,2020s,08:30,Houma,LA,USA,29.59587432,-90.71969112,Teardrop,Clearly witnessed a tear shaped ufo over our airbase,N,https://nuforc.org/sighting/?id=189386
1710,07/05/2025,2020s,23:20,North Richland Hills,TX,USA,32.83356971,-97.22968685,Triangle,Large black triangle shaped object the size of a football field with pale green lights.,N,https://nuforc.org/sighting/?id=189482
1711,07/05/2025,2020s,02:49,Shermans Dale,PA,USA,40.32497144,-77.17303715,Orb,"Bright light shining out of our woods, then moved over my mother-in-laws house (our neighbor).",Y,https://nuforc.org/sighting/?id=189472
1712,11/05/2025,2020s,19:15,Minneapolis,MN,USA,44.97680369,-93.26778513,Changing,"An hour before sunset, a black and silver (reflective) rhombus-shaped craft appeared over the lake area. It was hovering and rotating",N,https://nuforc.org/sighting/?id=189548
1713,16/05/2025,2020s,23:00,Los Olivos,CA,USA,34.66764739,-120.1150303,Unknown,I saw a huge glowing object I thought it had to be winery sign but was too huge and high in sky mother ship fading in/out of sight.,Y,https://nuforc.org/sighting/?id=189804
1714,17/05/2025,2020s,22:30,Oak Hill,FL,USA,28.86439045,-80.85359969,Triangle,Huge triangle craft with escorts flew silently over my property before disappearing.,N,https://nuforc.org/sighting/?id=189687
1715,19/05/2025,2020s,21:57,Johnstown,CO,USA,40.33701214,-104.911701,Orb,Bright white light seen overhead traveling very fast southbound directly over I25. Object was being persued by blackhawk helicopter.,Y,https://nuforc.org/sighting/?id=189744
1716,06/06/2025,2020s,18:00,[UNSPECIFIED],CA [sic - Likely meant MI],USA,42.49725717,-82.9371821,Cube,At my house I was laying down on the phone talking and seeing some blinking green and red lights,N,https://nuforc.org/sighting/?id=194544
1717,14/06/2025,2020s,15:30,Meridian,ID,USA,43.61230354,-116.3921166,Disk,"I saw a dull black huge disc shaped with another layer of craft under that, but connected. Spires high up from the top & bottom.",Y,https://nuforc.org/sighting/?id=190195
1718,22/06/2025,2020s,19:45,Harrison Township,MI,USA,42.57577632,-82.83383971,Orb,Something electronic like a small drone with the body and movement of an extremely large flying insect emerges from river.,N,https://nuforc.org/sighting/?id=190434
1719,25/06/2025,2020s,03:00,Shanghai,Shanghai,China,31.24271667,121.4725792,Star,High Altitude Objects Flying Hypersonic Speeds,Y,https://nuforc.org/sighting/?id=190472
1720,01/07/2025,2020s,21:05,Ocala,FL,USA,29.18508523,-82.13376157,Triangle,"Saw silent, low-flying triangular craft with bright circular lights; hovered above trees, vanished.",Y,https://nuforc.org/sighting/?id=190651
1721,02/07/2025,2020s,19:45,Ashoknagar Kalyangarh,West Bengal,India,22.84192365,88.62393262,Disk,"Red flash lit up clouds; rotating glowing UFO hovered, teleported & vanished near Ashokenagar Boys' School, India.",N,https://nuforc.org/sighting/?id=190865
1722,02/07/2025,2020s,05:15,Edwinstowe,England,United Kingdom,53.19500216,-1.0654395,Sphere,"Large sphere like object, deep orange, very low in sky, still for 2 mins then sped off very fast.",N,https://nuforc.org/sighting/?id=195735
1723,09/07/2025,2020s,23:15,Topeka,KS,USA,39.04687203,-95.67411162,Triangle,"Black triangle craft, about 15-20 ft long, silent and fast, bright white circle lights in L-shape beneath, flew low between yards.",N,https://nuforc.org/sighting/?id=190897
1724,13/07/2025,2020s,21:35,Nacogdoches,TX,USA,31.60400197,-94.65591943,Disk,"UFO filmed hovering above tree line in Nacogdoches, TX, changing intensity and appearing structured.",Y,https://nuforc.org/sighting/?id=192836
1725,16/07/2025,2020s,16:55,Grand Isle,ME,USA,47.3054025,-68.14781079,Disk,Disc hovering over trees. Maneuvering skillfully.,N,https://nuforc.org/sighting/?id=195901
1726,23/07/2025,2020s,14:00,York,PA,USA,39.9609913,-76.7268923,Disk,UFO saucer hovered within 50 feet of me and my wife!,N,https://nuforc.org/sighting/?id=193012
1727,24/07/2025,2020s,23:15,Jonesborough,TN,USA,36.29412401,-82.47325497,Cross,"Bright light with blinking lights moved, hovered, then flew over me. Huge, silent, gray craft hovered, then vanished to the west.",Y,https://nuforc.org/sighting/?id=191231
1728,03/08/2025,2020s,03:55,Surrey,BC,Canada,49.19190014,-122.8477423,Triangle,at foot of driveway facing west . looked straight up and viewed a triangular large craft go over me,N,https://nuforc.org/sighting/?id=191680
1729,05/08/2025,2020s,08:35,Guapé,Minas Gerais,Brazil,-20.76008993,-45.91839078,Orb,"Multiple white orbs moving erratically above horizon, seen from FL360, NW of Guapé, Brazil.",Y,https://nuforc.org/sighting/?id=191537
1730,09/08/2025,2020s,02:00,Dover,NH,USA,43.19827899,-70.87345514,Triangle,"Overnight trucker saw silent, erratic triangular craft with 2 white lights & 1 flashing red, floating before vanishing.",N,https://nuforc.org/sighting/?id=191585
1731,13/08/2025,2020s,13:12,Adel,IA,USA,41.61423818,-94.01739036,Disk,"Laying the grass, when 6 glowing orbs moving at speeds of faster then anything we’ve ever built flew over!",N,https://nuforc.org/sighting/?id=197278
1732,14/08/2025,2020s,22:15,Hayfork,CA,USA,40.55408619,-123.185037,Disk,Saucer shaped craft with hundreds of pulsing brightening/dimming lights covering the surface. It blended into the night sky very well,Y,https://nuforc.org/sighting/?id=192132
1733,15/08/2025,2020s,22:24,Firdale,MB,Canada,49.98332814,-99.11214596,Triangle,2 or 3 acre size black triangle with 3 big white circle lights in corners sat in bush,N,https://nuforc.org/sighting/?id=195029
1734,16/08/2025,2020s,21:00,Arkoma,OK,USA,35.3528666,-94.43599787,Disk,Was within 50 to 75 feet of craft.,N,https://nuforc.org/sighting/?id=192461
1735,19/08/2025,2020s,07:15,Wynnum,Queensland,Australia,-27.44360665,153.1737176,Disk,Looked up in the sky and I saw this grey saucer shaped Craft. It was huge. Early but daylight. Towards the east. Stationary not moving.,Y,https://nuforc.org/sighting/?id=192044
1736,21/08/2025,2020s,21:30,Cape Saint Marys,NS,Canada,44.08625121,-66.20775813,Orb,Bright white orb light hovering above ocean,Y,https://nuforc.org/sighting/?id=191911
1737,27/08/2025,2020s,20:30,Gill,MA,USA,42.64082171,-72.49956769,Disk,Dull black barbell shaped disk top with band of light and two groups slow pulsing lights,Y,https://nuforc.org/sighting/?id=191844
1738,30/08/2025,2020s,22:30,Clinton,UT,USA,41.13947856,-112.0505034,Sphere,"I first spotted one sphere shape uap, then two more joined in a triangular formation.",Y,https://nuforc.org/sighting/?id=192157
1739,01/09/2025,2020s,23:15,Sabaneta,Antioquia,Colombia,6.15007053,-75.61905166,Other,There was bright lights in the middle and several orbs rotating around it perfectly as it moved through the sky.,Y,https://nuforc.org/sighting/?id=192210
1740,01/09/2025,2020s,23:28,Elmira,MI,USA,45.06515105,-84.85623828,Changing,"Multiple silent, color-changing lights observed at eye level on rural northern Michigan property between Sept 1 and Oct 2, 2025",Y,https://nuforc.org/sighting/?id=193270
1741,13/09/2025,2020s,03:00,North Platte,NE,USA,41.14007305,-100.7611437,Unknown,Might have witnessed abduction of person across the alley from me. Don't want to report because its crazy. Putting it out there anyway.,N,https://nuforc.org/sighting/?id=192442
1742,17/09/2025,2020s,05:15,Farragut,TN,USA,35.87770036,-84.17098531,Triangle,Black Triangle Floating Craft With Lights,Y,https://nuforc.org/sighting/?id=193141
1743,24/09/2025,2020s,21:20,Glencoe,MN,USA,44.76892471,-94.15180743,Chevron,Was taking my dogs outside I noticed a weird anomaly in the corner of my eye saw the object fly over my head,Y,https://nuforc.org/sighting/?id=194991
1744,26/09/2025,2020s,23:00,Benicia,CA,USA,38.04942667,-122.1583824,Triangle,"Something told me to run into my backyard in a hurry, when I got there I saw what appeared to be a lighted triangular shape in the sky.",Y,https://nuforc.org/sighting/?id=192858
1745,30/09/2025,2020s,00:29,Lisbon,Lisbon,Portugal,38.72184349,-9.13930887,Formation,Crafts coming out of the atlantic ocean,N,https://nuforc.org/sighting/?id=192880
1746,01/10/2025,2020s,03:30,Dayton,OH,USA,39.75906181,-84.19495076,Triangle,"Approached slowly, floating,silent,3 bright white lights only, low, approximately 60ft wide, hovered over base 30sec exited in a blink",N,https://nuforc.org/sighting/?id=197286
1747,03/10/2025,2020s,03:00,Bangkok,Krung Thep Maha Nakhon,Thailand,13.76391357,100.4997341,Other,I was in bed.I went to the bathroom.I see an submarine-like object in the sky,Y,https://nuforc.org/sighting/?id=192966
1748,03/10/2025,2020s,00:00,Los Alamitos,CA,USA,33.80298995,-118.0718251,Rectangle,Light-Up Disco Floor in the Sky,N,https://nuforc.org/sighting/?id=195595
1749,05/10/2025,2020s,19:30,Houma,LA,USA,29.59587432,-90.71969112,Disk,"Strange object photographed from oil rig in the gulf, was stationary then moved at unusually high rate of speed to the north.",Y,https://nuforc.org/sighting/?id=193019
1750,05/10/2025,2020s,23:30,Caruthersville,MO,USA,36.19302092,-89.65625735,Triangle,"Triangle Craft flew silently, VERY slow, approx. 500 feet altitude. White lights on each corner, Red semi-pulsating light in center.",N,https://nuforc.org/sighting/?id=196092
1751,05/10/2025,2020s,21:19,Joplin,MO,USA,37.08509659,-94.5130876,Changing,Our location continues to have close encounters of first second and we now suspect of the third kind,Y,https://nuforc.org/sighting/?id=193026
1752,06/10/2025,2020s,20:27,Skaneateles,NY,USA,42.94694211,-76.42875253,Disk,"Spinning lights changing color, 40 foot long flying saucer, no sound for being close by",N,https://nuforc.org/sighting/?id=193039
1753,13/10/2025,2020s,21:15,Palm Coast,FL,USA,29.51830784,-81.22401092,Triangle,"Two bright low, slow objects. Triangular ~35 ft,, three lights, inaudible, 70 mph over I-95 near St. Augustine, FL",Y,https://nuforc.org/sighting/?id=193531
1754,15/10/2025,2020s,20:00,Johannisberg,Västernorrlands län,Sweden,59.57845286,16.51752184,Disk,"I was watching the stars, this craft appeared, it had big lights, then it flew away fast, but completely still- not wobbling or turning",N,https://nuforc.org/sighting/?id=194081
1755,17/10/2025,2020s,14:58,Diana,TX,USA,32.7106908,-94.75211134,Cylinder,I saw something move behind a tree. It moved out from behind the tree.,Y,https://nuforc.org/sighting/?id=194560
1756,17/10/2025,2020s,00:30,Boulder,UT,USA,37.90807122,-111.4255264,Disk,We saw a black disk/ saucer shape craft appear out of no where in the clear night sky. It sat there for approx. 20mins and hovered,N,https://nuforc.org/sighting/?id=193462
1757,21/10/2025,2020s,09:20,Hathersage,England,United Kingdom,53.33027427,-1.65584714,Sphere,"I saw a round , super reflective object fly only about 40-50ft above me in the sky",N,https://nuforc.org/sighting/?id=193697
1758,23/10/2025,2020s,19:25,Vancouver,WA,USA,45.62781646,-122.6730677,Diamond,"Sounds like a large rumbly helicopter, moved across the sky near the Pick & Pull. White and blue lights in the front and back.",N,https://nuforc.org/sighting/?id=193526
1759,24/10/2025,2020s,20:42,Bungarribee,New South Wales,Australia,-33.77587077,150.8687883,Triangle,"Flat equilateral black triangle standing out against Gray sky, red lights on tips of triangle (3 red lights)",N,https://nuforc.org/sighting/?id=193536
1760,26/10/2025,2020s,02:47,Marinette,WI,USA,45.09995573,-87.63097197,Chevron,Saw a very fast silent travelling UFO in the middle of the night for about 4 seconds then it was out of sight,Y,https://nuforc.org/sighting/?id=193896
1761,26/10/2025,2020s,19:43,Edmonton,AB,Canada,53.54740694,-113.4927,Triangle,"One Flat Black Lightless Triangle, One Arrowhead Shaped craft with 5 Lights",Y,https://nuforc.org/sighting/?id=193642
1762,30/10/2025,2020s,20:36,Rosedale,MD,USA,39.32045259,-76.51554438,Formation,Formation of drones moving over Baltimore,Y,https://nuforc.org/sighting/?id=193733
1763,31/10/2025,2020s,01:09,Prospect,CT,USA,41.50207864,-72.97888534,Changing,Hovering craft over mountain in my parent's backyard.,Y,https://nuforc.org/sighting/?id=193777
1764,05/11/2025,2020s,17:50,Malta,NY,USA,42.98526074,-73.78670417,Unknown,3 boomerang shaped objects with lights,Y,https://nuforc.org/sighting/?id=194257
1765,10/11/2025,2020s,23:11,Bloomington,IN,USA,39.16988828,-86.53924208,Changing,Growing craft with multiple light patterns,N,https://nuforc.org/sighting/?id=194175
1766,11/11/2025,2020s,20:34,Savannah,GA,USA,32.07938521,-81.08726318,Triangle,Triangular semi transparent craft with 8-10 lights on the bottom,Y,https://nuforc.org/sighting/?id=194036
1767,11/11/2025,2020s,21:15,Chaska,MN,USA,44.78948769,-93.60237142,Triangle,"Semi-Translucent equilateral triangular craft, orb-like configuration, and a V-formation of lights",Y,https://nuforc.org/sighting/?id=194049
1768,13/11/2025,2020s,21:29,New Bern,NC,USA,35.10814781,-77.04628629,Triangle,We saw a triangle in the sky and it took off in the matter of two to three seconds off into the sky and disappeared,Y,https://nuforc.org/sighting/?id=194088
1769,13/11/2025,2020s,21:30,Garden City,KS,USA,37.97185143,-100.8721703,Triangle,"Black triangular craft ""followed"" me, heading west while I went East.",N,https://nuforc.org/sighting/?id=194126
1770,20/11/2025,2020s,18:30,Charlton,MA,USA,42.13626534,-71.97040886,Star,"Orb-like lights and drone-like objects moved rapidly, hovered, circled trees, changed direction, merged, and reacted to my movements.",Y,https://nuforc.org/sighting/?id=194760
1771,26/11/2025,2020s,02:00,Tucson,AZ,USA,32.25263011,-110.9765863,Triangle,Triangle object above Tucson,N,https://nuforc.org/sighting/?id=194402
1772,29/11/2025,2020s,01:30,New Orleans,LA,USA,29.95108373,-90.07964434,Circle,Westbank UAP,Y,https://nuforc.org/sighting/?id=196033
1773,01/12/2025,2020s,21:00,Jamestown,NY,USA,42.09690651,-79.23556583,Light,Two pilots observed three aircraft,N,https://nuforc.org/sighting/?id=194512
1774,15/12/2025,2020s,19:31,Fletcher,NC,USA,35.43051049,-82.50128578,Triangle,"Large triangle moving just over the tree line, thought it was a plane, until I saw yellow lights and a flashing center beacon",Y,https://nuforc.org/sighting/?id=194780
1775,24/12/2025,2020s,05:40,Ellicott City,MD,USA,39.26691886,-76.79840185,Triangle,"Driving, triangle craft appeared in front of me headed towards my vehicle, looked to pull itself up and flew right above me & kept goin",N,https://nuforc.org/sighting/?id=195076
1776,28/12/2025,2020s,18:45,Münzenberg,Hessen,Germany,50.45967004,8.7318103,Triangle,Huge triangle at very high speed,N,https://nuforc.org/sighting/?id=195085
1777,02/01/2026,2020s,19:23,Alexandria,VA,USA,38.8043612,-77.04286744,Cigar,Long cigar shape with six lights moving very fast.,N,https://nuforc.org/sighting/?id=195002
1778,04/01/2026,2020s,00:10,[UNSPECIFIED],Farwaniya,Kuwait,29.28182147,47.96049352,Light,Hypersonic blinking green light,N,https://nuforc.org/sighting/?id=194985
1779,11/01/2026,2020s,22:54,Alagoa Nova,Paraíba,Brazil,-7.05959408,-35.76351367,Unknown,It was very scary; my friend and I thought we were going to die.,N,https://nuforc.org/sighting/?id=195278
1780,13/01/2026,2020s,08:10,Clare,MI,USA,43.81955263,-84.76881038,Disk,We saw a huge disk like craft with lots of light on it,N,https://nuforc.org/sighting/?id=195395
1781,03/02/2026,2020s,17:45,Brentwood,NH,USA,42.9781435,-71.0736876,Triangle,"Triangular shaped, with cut corners. Saw while driving down highway. Low altitude",N,https://nuforc.org/sighting/?id=195941
1782,07/02/2026,2020s,18:15,Byhalia,MS,USA,34.87224192,-89.69043782,Triangle,Triangle craft hovering low over road,Y,https://nuforc.org/sighting/?id=196043
1783,19/02/2026,2020s,02:45,Coeur d'Alene,ID,USA,47.67371669,-116.7810197,Cigar,It had no propeller no rotor no wings. It turned into a bright circle orb and then a huge spotlight went on my entire home,N,https://nuforc.org/sighting/?id=196195
1784,07/03/2026,2020s,21:30,Summerfield,OH,USA,34.89948411,-94.86602274,Circle,"BRIGHT saucer shape hovering in sky. Zero stars, towers, or cities for 30 miles. Military searching overhead the next day!",Y,https://nuforc.org/sighting/?id=196738
1785,09/03/2026,2020s,05:30,Sumner,WA,USA,47.20318829,-122.2405838,Orb,"Very large firey orange orb was moving right above trees, close to the gravel yard property, seem to be searching for something.",N,https://nuforc.org/sighting/?id=196489
1786,17/03/2026,2020s,21:50,Warwick,RI,USA,41.70473113,-71.41817314,Triangle,"Triangular craft, had lights, moved in ways that drones can't, was spotted close to the ground (60ft), moved strangely and erratically",N,https://nuforc.org/sighting/?id=197654
1787,04/04/2026,2020s,15:50,Menifee,CA,USA,33.69690145,-117.1843415,Rectangle,"Mirror like object was rectangular/square-shaped, at least 150 feet wide - massive — easily the size of a large aircraft or bigger",Y,https://nuforc.org/sighting/?id=197017
1788,20/04/2026,2020s,04:05,Edgewood,KY,USA,39.01847496,-84.58203114,Triangle,Large triangular black craft with no lights and low humming sound passed very slowly in a straight line over our & our neighbor's house,N,https://nuforc.org/sighting/?id=197226
1789,29/04/2026,2020s,14:10,East Carbon,UT,USA,39.53813832,-110.4324241,Other,Photo taken from a Trail Camera at a Cattle Mutilation Site.,Y,https://nuforc.org/sighting/?id=197839
1790,01/05/2026,2020s,00:00,Atascadero,CA,USA,35.4894805,-120.6713359,Chevron,"Silent, fast moving boomerang/chevron shaped craft with no illumination",N,https://nuforc.org/sighting/?id=198734
1791,07/05/2026,2020s,17:35,Troy,NY,USA,42.72834814,-73.69166779,Triangle,2 triangle shaped craft hover then shoot away,N,https://nuforc.org/sighting/?id=197527
1792,09/05/2026,2020s,23:00,Zanesville,OH,USA,39.94034596,-82.01405239,Disk,"Silent house-sized bell disc, flat bottom, domed top, square cap, single top light, 8 rotating lights in triangle flash pattern, ~1mph,",Y,https://nuforc.org/sighting/?id=197655
1793,10/05/2026,2020s,00:12,Whitehall,OH,USA,39.96675596,-82.88528826,Cigar,"2 silver tubes with green blue light coming from end, flew 60 feet off ground,traveled over Defense Logistics Agency then over Whitehal",N,https://nuforc.org/sighting/?id=197622
1794,11/05/2026,2020s,02:04,Surrey,BC,Canada,49.19190014,-122.8477423,Triangle,Large black triangle UAP flying low over city. No sound and no lights.,Y,https://nuforc.org/sighting/?id=197658
1795,12/05/2026,2020s,23:30,Clearfield,UT,USA,41.11067831,-112.0261207,Triangle,We saw a triangle craft come from the SW and made a sharp J turn and flew straight N over us towards Ben Lomond mountain.,Y,https://nuforc.org/sighting/?id=197939
1796,17/05/2026,2020s,22:00,Jersey Shore,PA,USA,41.20196133,-77.26452334,Sphere,Silent aircraft—the visual size of the moon and color of the sun with square side panels—crossed the clear night sky in seconds.,N,https://nuforc.org/sighting/?id=197887
1797,19/05/2026,2020s,21:48,Erattupetta,Kerala,India,9.68655571,76.77500226,Triangle,It was traingular in the front,N,https://nuforc.org/sighting/?id=197882
1798,24/05/2026,2020s,21:01,Harvest,AL,USA,34.85561251,-86.75070599,Changing,"Red craft hovering over my deck, would change form and spin really fast, would zig zag around real fast, looked like a hologram",Y,https://nuforc.org/sighting/?id=198044
1799,12/06/2026,2020s,21:10,North Fort Myers,FL,USA,26.66909037,-81.8810324,Disk,"Dark flattened-football craft with dome, symbol-like lights, rotating slowly as it moved W to E above storm clouds lit by lightning",Y,https://nuforc.org/sighting/?id=198897
1800,27/06/2026,2020s,02:23,[UNSPECIFIED],MA,USA,43.01509986,-70.04944937,Fireball,"Single very bright light source , a tensile-like circular golden spherical fountain sitting above the surface of the sea.",Y,https://nuforc.org/sighting/?id=199208
1801,29/06/2026,2020s,23:50,Danville,VA,USA,36.58601881,-79.39546972,Disk,"Looked up and saw an insanely huge circular base of an ""aircraft"". Had about 10 lights in a circle and a strip of light around the UFO",N,https://nuforc.org/sighting/?id=199083
1802,04/07/2026,2020s,21:40,Canton,TX,USA,32.55634083,-95.86303675,Triangle,Triangular craft moving while rotating in a circle above my car.,Y,https://nuforc.org/sighting/?id=199205
1803,04/07/2026,2020s,02:50,New Waterford,NS,Canada,46.25260674,-60.09174868,Disk,"Disk shaped object, hovered infront of me for 5 mins. Had lights wrapped around, windows and hatch like door",N,https://nuforc.org/sighting/?id=199254
1804,19/04/1897,1890s,06:00,Rhome,TX,USA,33.05336727,-97.47141426,Disk,"I was not around in 1897, but the craft was seen by numerous residents from Dallas, Tx, to Oklahoma.",N,https://nuforc.org/sighting/?id=198562
